carrier_loss,msg_loss,timestamp,epoch_carrier_loss,epoch_msg_loss,lr,carrier_snr,msg_snr,val epoch carrier loss,val epoch msg loss,val epoch carrier SnR,val epoch msg SnR
8.738917358641629e-07,0.01682051457464695,2025-11-22 06:06:14.582947,,,,,,,,,
0.00020291056716814637,0.016016192734241486,2025-11-22 06:06:14.675884,,,,,,,,,
2.7700464215740794e-06,0.017627611756324768,2025-11-22 06:06:14.916095,,,,,,,,,
2.089924964820966e-05,0.01590130850672722,2025-11-22 06:06:15.175151,,,,,,,,,
8.105384040391073e-06,0.016096796840429306,2025-11-22 06:06:15.404922,,,,,,,,,
1.4898628251103219e-05,0.016112282872200012,2025-11-22 06:06:15.643929,,,,,,,,,
1.758734833856579e-05,0.01604796200990677,2025-11-22 06:06:15.890635,,,,,,,,,
9.372881322633475e-06,0.01593916490674019,2025-11-22 06:06:16.129950,,,,,,,,,
5.099182089907117e-06,0.015811508521437645,2025-11-22 06:06:16.368782,,,,,,,,,
3.1352117275673663e-06,0.015760375186800957,2025-11-22 06:06:16.633849,,,,,,,,,
3.256855416111648e-05,0.015404834412038326,2025-11-22 06:06:16.879168,,,,,,,,,
8.664769666211214e-06,0.015445261262357235,2025-11-22 06:06:17.121986,,,,,,,,,
1.1675641871988773e-05,0.015332101844251156,2025-11-22 06:06:17.353250,,,,,,,,,
1.2697189788468677e-07,0.015680421143770218,2025-11-22 06:06:17.617008,,,,,,,,,
5.590606178884627e-06,0.01563435047864914,2025-11-22 06:06:17.854151,,,,,,,,,
6.939914783288259e-06,0.01555134728550911,2025-11-22 06:06:18.099373,,,,,,,,,
2.465229499648558e-06,0.0152970552444458,2025-11-22 06:06:18.344705,,,,,,,,,
4.7321973397629336e-06,0.015526443719863892,2025-11-22 06:06:18.581116,,,,,,,,,
1.4084502254263498e-05,0.01533446554094553,2025-11-22 06:06:18.824522,,,,,,,,,
1.5864417946431786e-05,0.015059401281177998,2025-11-22 06:06:19.067261,,,,,,,,,
1.3664955986314453e-05,0.01517694815993309,2025-11-22 06:06:19.304560,,,,,,,,,
1.3119774848746601e-05,0.015048539265990257,2025-11-22 06:06:19.552488,,,,,,,,,
7.632331289642025e-06,0.015245465561747551,2025-11-22 06:06:19.793196,,,,,,,,,
3.757608737942064e-06,0.015001703053712845,2025-11-22 06:06:20.036203,,,,,,,,,
4.652284587791655e-06,0.015340805053710938,2025-11-22 06:06:20.287821,,,,,,,,,
5.64259380553267e-06,0.015244271606206894,2025-11-22 06:06:20.528510,,,,,,,,,
6.139701326901559e-06,0.015243708156049252,2025-11-22 06:06:20.774756,,,,,,,,,
6.989389476075303e-06,0.015164130367338657,2025-11-22 06:06:21.010705,,,,,,,,,
8.604222784924787e-06,0.015278385020792484,2025-11-22 06:06:21.261146,,,,,,,,,
1.0930104508588556e-05,0.015191983431577682,2025-11-22 06:06:21.506841,,,,,,,,,
1.2321725080255419e-05,0.0151421083137393,2025-11-22 06:06:21.746294,,,,,,,,,
1.1018601071555167e-05,0.015061100013554096,2025-11-22 06:06:21.985716,,,,,,,,,
8.22055426397128e-06,0.01515568420290947,2025-11-22 06:06:22.230203,,,,,,,,,
6.281067726376932e-06,0.01515928190201521,2025-11-22 06:06:22.477285,,,,,,,,,
5.662007424689364e-06,0.015253672376275063,2025-11-22 06:06:22.714933,,,,,,,,,
5.573942416958744e-06,0.015337450429797173,2025-11-22 06:06:22.957284,,,,,,,,,
5.470362339110579e-06,0.01488084439188242,2025-11-22 06:06:23.204112,,,,,,,,,
5.654838332702639e-06,0.014981093816459179,2025-11-22 06:06:23.442519,,,,,,,,,
6.35706101093092e-06,0.014991181902587414,2025-11-22 06:06:23.683123,,,,,,,,,
7.563127837784123e-06,0.01498849131166935,2025-11-22 06:06:23.934913,,,,,,,,,
8.98765938472934e-06,0.015008383430540562,2025-11-22 06:06:24.182465,,,,,,,,,
1.0229715371679049e-05,0.014941300265491009,2025-11-22 06:06:24.425048,,,,,,,,,
1.0851646038645413e-05,0.015102026984095573,2025-11-22 06:06:24.671098,,,,,,,,,
1.0860049769689795e-05,0.01505443174391985,2025-11-22 06:06:24.918900,,,,,,,,,
1.0419854334031697e-05,0.01505338866263628,2025-11-22 06:06:25.157409,,,,,,,,,
9.713427971291821e-06,0.0149648142978549,2025-11-22 06:06:25.399458,,,,,,,,,
8.824297765386291e-06,0.014985972084105015,2025-11-22 06:06:25.642349,,,,,,,,,
7.6530950536835e-06,0.015011210925877094,2025-11-22 06:06:25.887983,,,,,,,,,
6.397624019882642e-06,0.01502115000039339,2025-11-22 06:06:26.128620,,,,,,,,,
5.396858796302695e-06,0.014808586798608303,2025-11-22 06:06:26.379622,,,,,,,,,
4.9193540689884685e-06,0.015196281485259533,2025-11-22 06:06:26.627489,,,,,,,,,
5.036893071519444e-06,0.014807142317295074,2025-11-22 06:06:26.878767,,,,,,,,,
5.570332632487407e-06,0.015014528296887875,2025-11-22 06:06:27.135286,,,,,,,,,
6.516327175631886e-06,0.015252566896378994,2025-11-22 06:06:27.360742,,,,,,,,,
7.759700565657113e-06,0.015196689404547215,2025-11-22 06:06:27.612695,,,,,,,,,
8.968157089839224e-06,0.015113180503249168,2025-11-22 06:06:27.845588,,,,,,,,,
9.871662769000977e-06,0.01483586523681879,2025-11-22 06:06:28.093532,,,,,,,,,
1.0193369234912097e-05,0.015123899094760418,2025-11-22 06:06:28.334933,,,,,,,,,
1.0388090231572278e-05,0.014849234372377396,2025-11-22 06:06:28.590633,,,,,,,,,
1.0587124052108265e-05,0.015170453116297722,2025-11-22 06:06:28.846561,,,,,,,,,
1.0888483302551322e-05,0.015038890764117241,2025-11-22 06:06:29.080943,,,,,,,,,
1.1037434887839481e-05,0.01470101997256279,2025-11-22 06:06:29.317728,,,,,,,,,
1.0795847629196942e-05,0.014885110780596733,2025-11-22 06:06:29.586527,,,,,,,,,
1.0428048881294671e-05,0.01508188433945179,2025-11-22 06:06:29.815157,,,,,,,,,
1.0170718269364443e-05,0.01492246426641941,2025-11-22 06:06:30.053087,,,,,,,,,
9.932759894581977e-06,0.014671551994979382,2025-11-22 06:06:30.294191,,,,,,,,,
9.746933756105136e-06,0.015041954815387726,2025-11-22 06:06:30.536475,,,,,,,,,
9.723644325276837e-06,0.014981405809521675,2025-11-22 06:06:30.781051,,,,,,,,,
9.561965271132067e-06,0.014816965907812119,2025-11-22 06:06:31.023317,,,,,,,,,
9.342597877548542e-06,0.014971205964684486,2025-11-22 06:06:31.267336,,,,,,,,,
9.229403985955287e-06,0.0148485591635108,2025-11-22 06:06:31.515112,,,,,,,,,
8.95877747097984e-06,0.01488589122891426,2025-11-22 06:06:31.751504,,,,,,,,,
8.537698704458307e-06,0.01486837025731802,2025-11-22 06:06:31.993664,,,,,,,,,
8.072947821347043e-06,0.01459951139986515,2025-11-22 06:06:32.237505,,,,,,,,,
7.681250281166285e-06,0.014790329150855541,2025-11-22 06:06:32.483294,,,,,,,,,
7.702994480496272e-06,0.014825331047177315,2025-11-22 06:06:32.721769,,,,,,,,,
8.334105586982332e-06,0.015065477229654789,2025-11-22 06:06:32.963421,,,,,,,,,
9.789822797756642e-06,0.01503582950681448,2025-11-22 06:06:33.210345,,,,,,,,,
1.200423048430821e-05,0.014787223190069199,2025-11-22 06:06:33.452977,,,,,,,,,
1.3994921573612373e-05,0.014912848360836506,2025-11-22 06:06:33.692908,,,,,,,,,
1.4970395568525419e-05,0.014890958555042744,2025-11-22 06:06:33.936050,,,,,,,,,
1.4682400433230214e-05,0.014782130718231201,2025-11-22 06:06:34.179346,,,,,,,,,
1.3370294254855253e-05,0.014797856099903584,2025-11-22 06:06:34.422733,,,,,,,,,
1.1984794582531322e-05,0.014867010526359081,2025-11-22 06:06:34.675457,,,,,,,,,
1.1397478374419734e-05,0.014884639531373978,2025-11-22 06:06:34.918005,,,,,,,,,
1.1840818842756562e-05,0.01458919420838356,2025-11-22 06:06:35.157708,,,,,,,,,
1.2970569514436647e-05,0.014865524135529995,2025-11-22 06:06:35.408692,,,,,,,,,
1.4138350707071368e-05,0.014735057018697262,2025-11-22 06:06:35.644258,,,,,,,,,
1.4923672097211238e-05,0.014873354695737362,2025-11-22 06:06:35.904761,,,,,,,,,
1.4880970411468297e-05,0.014866373501718044,2025-11-22 06:06:36.137503,,,,,,,,,
1.3601559658127371e-05,0.015017461962997913,2025-11-22 06:06:36.388053,,,,,,,,,
1.1756871572288219e-05,0.015161417424678802,2025-11-22 06:06:36.652361,,,,,,,,,
1.0061847206088714e-05,0.014760022051632404,2025-11-22 06:06:36.890694,,,,,,,,,
8.654424163978547e-06,0.014898487366735935,2025-11-22 06:06:37.142523,,,,,,,,,
8.004768460523337e-06,0.014852488413453102,2025-11-22 06:06:37.376251,,,,,,,,,
8.209220140997786e-06,0.01480624359101057,2025-11-22 06:06:37.618755,,,,,,,,,
9.134599167737179e-06,0.014681288041174412,2025-11-22 06:06:37.866842,,,,,,,,,
1.0413618838356342e-05,0.0146768968552351,2025-11-22 06:06:38.108081,,,,,,,,,
1.2035622603434604e-05,0.014833982102572918,2025-11-22 06:06:38.347961,,,,,,,,,
1.3717423826165032e-05,0.01484069786965847,2025-11-22 06:06:38.592731,,,,,,,,,
1.4834463399893139e-05,0.014795138500630856,2025-11-22 06:06:38.834736,,,,,,,,,
1.5099527445272543e-05,0.014873041771352291,2025-11-22 06:06:39.081250,,,,,,,,,
1.4444543012359645e-05,0.01473257876932621,2025-11-22 06:06:39.329649,,,,,,,,,
1.316775887971744e-05,0.014820616692304611,2025-11-22 06:06:39.570782,,,,,,,,,
1.1878218174388167e-05,0.014600835740566254,2025-11-22 06:06:39.812752,,,,,,,,,
1.0906109309871681e-05,0.014735748991370201,2025-11-22 06:06:40.081363,,,,,,,,,
1.0431871487526223e-05,0.014869286678731441,2025-11-22 06:06:40.327022,,,,,,,,,
1.0353324796597008e-05,0.014765040017664433,2025-11-22 06:06:40.573499,,,,,,,,,
1.0859388567041606e-05,0.014678810723125935,2025-11-22 06:06:40.815959,,,,,,,,,
1.1660818017844576e-05,0.01490319985896349,2025-11-22 06:06:41.066793,,,,,,,,,
1.2435724784154445e-05,0.014618604443967342,2025-11-22 06:06:41.310031,,,,,,,,,
1.3421659787127282e-05,0.014830718748271465,2025-11-22 06:06:41.560662,,,,,,,,,
1.4586434190277942e-05,0.014905067160725594,2025-11-22 06:06:41.793698,,,,,,,,,
1.5762549082865007e-05,0.015093989670276642,2025-11-22 06:06:42.037153,,,,,,,,,
1.655733103689272e-05,0.014795754104852676,2025-11-22 06:06:42.282575,,,,,,,,,
1.659293775446713e-05,0.014972450211644173,2025-11-22 06:06:42.523821,,,,,,,,,
1.596334004716482e-05,0.01475012768059969,2025-11-22 06:06:42.767266,,,,,,,,,
1.448697003070265e-05,0.014695979654788971,2025-11-22 06:06:43.015469,,,,,,,,,
1.1956269190704916e-05,0.014783880673348904,2025-11-22 06:06:43.259677,,,,,,,,,
1.004952264338499e-05,0.01509182807058096,2025-11-22 06:06:43.502638,,,,,,,,,
9.936499736795668e-06,0.014869327656924725,2025-11-22 06:06:43.762836,,,,,,,,,
1.085947769752238e-05,0.014896640554070473,2025-11-22 06:06:43.990093,,,,,,,,,
1.2435543794708792e-05,0.014644519425928593,2025-11-22 06:06:44.232682,,,,,,,,,
1.3310193025972694e-05,0.014709852635860443,2025-11-22 06:06:44.490387,,,,,,,,,
1.401993358740583e-05,0.014672227203845978,2025-11-22 06:06:44.719223,,,,,,,,,
1.5186488781182561e-05,0.014653488993644714,2025-11-22 06:06:44.965494,,,,,,,,,
1.7998470866587013e-05,0.014772680588066578,2025-11-22 06:06:45.212092,,,,,,,,,
2.2544458261108957e-05,0.014710218645632267,2025-11-22 06:06:45.460021,,,,,,,,,
2.747129474300891e-05,0.014564781449735165,2025-11-22 06:06:45.697147,,,,,,,,,
2.6535244614933617e-05,0.014526876620948315,2025-11-22 06:06:45.940944,,,,,,,,,
1.849178079282865e-05,0.014887983910739422,2025-11-22 06:06:46.199501,,,,,,,,,
1.2721286111627705e-05,0.01465572603046894,2025-11-22 06:06:46.448614,,,,,,,,,
9.77731997409137e-06,0.014898911118507385,2025-11-22 06:06:46.677560,,,,,,,,,
8.904278729460202e-06,0.01459701731801033,2025-11-22 06:06:46.927209,,,,,,,,,
1.174824865302071e-05,0.014819477684795856,2025-11-22 06:06:47.171642,,,,,,,,,
1.651394813961815e-05,0.014744667336344719,2025-11-22 06:06:47.419273,,,,,,,,,
1.6469859474455006e-05,0.01475873775780201,2025-11-22 06:06:47.661533,,,,,,,,,
1.4372696568898391e-05,0.014638541266322136,2025-11-22 06:06:47.924103,,,,,,,,,
1.5873287338763475e-05,0.014472736977040768,2025-11-22 06:06:48.177437,,,,,,,,,
1.9189054000889882e-05,0.0144986342638731,2025-11-22 06:06:48.406253,,,,,,,,,
2.595018122519832e-05,0.014902676455676556,2025-11-22 06:06:48.650001,,,,,,,,,
4.1088933357968926e-05,0.014587675221264362,2025-11-22 06:06:48.892701,,,,,,,,,
4.799577800440602e-05,0.01449043583124876,2025-11-22 06:06:49.139152,,,,,,,,,
3.1674328056396917e-05,0.014366371557116508,2025-11-22 06:06:49.388347,,,,,,,,,
,,2025-11-22 06:06:49.494670,1.3027557815823184e-05,0.015019883117121127,0.0015,,,,,,
,,2025-11-22 06:06:57.847983,,,,34.07685470581055,0.7977338433265686,,,,
,,2025-11-22 06:06:57.850182,,,,,,1.5771629687850902e-05,0.014831138058350636,34.07685470581055,0.7977338433265686
1.5771629477967508e-05,0.014784397557377815,2025-11-22 06:07:01.860213,,,,,,,,,
8.256344699475449e-06,0.014820372685790062,2025-11-22 06:07:02.102474,,,,,,,,,
5.575731847784482e-06,0.014947086572647095,2025-11-22 06:07:02.367282,,,,,,,,,
4.67344807475456e-06,0.014904863201081753,2025-11-22 06:07:02.594727,,,,,,,,,
5.280579898681026e-06,0.014600716531276703,2025-11-22 06:07:02.838686,,,,,,,,,
7.358910806942731e-06,0.014865769073367119,2025-11-22 06:07:03.084300,,,,,,,,,
9.48401248024311e-06,0.014620579779148102,2025-11-22 06:07:03.328775,,,,,,,,,
1.2450530448404606e-05,0.014660627581179142,2025-11-22 06:07:03.572281,,,,,,,,,
1.8825914594344795e-05,0.014557710848748684,2025-11-22 06:07:03.820221,,,,,,,,,
2.191156818298623e-05,0.014367345720529556,2025-11-22 06:07:04.060121,,,,,,,,,
2.4009563276194967e-05,0.014392668381333351,2025-11-22 06:07:04.303892,,,,,,,,,
3.3553871617186815e-05,0.01443919911980629,2025-11-22 06:07:04.557099,,,,,,,,,
4.713818634627387e-05,0.014003954827785492,2025-11-22 06:07:04.799899,,,,,,,,,
7.909722626209259e-05,0.013716449029743671,2025-11-22 06:07:05.036442,,,,,,,,,
7.378163718385622e-05,0.013450196012854576,2025-11-22 06:07:05.280410,,,,,,,,,
9.068431245395914e-05,0.013251077383756638,2025-11-22 06:07:05.524810,,,,,,,,,
2.904444045270793e-05,0.013842721469700336,2025-11-22 06:07:05.777926,,,,,,,,,
0.00028074689907953143,0.04200727120041847,2025-11-22 06:07:06.013078,,,,,,,,,
1.6120911823236383e-05,0.01624600775539875,2025-11-22 06:07:06.259342,,,,,,,,,
5.970709025859833e-06,0.017558911815285683,2025-11-22 06:07:06.502748,,,,,,,,,
3.296667637187056e-05,0.016183434054255486,2025-11-22 06:07:06.749312,,,,,,,,,
1.968436481547542e-05,0.016525201499462128,2025-11-22 06:07:06.992431,,,,,,,,,
9.319074888480827e-05,0.0167183056473732,2025-11-22 06:07:07.251629,,,,,,,,,
0.0013256242964416742,0.01565144769847393,2025-11-22 06:07:07.494343,,,,,,,,,
0.00036317697959020734,0.020648742094635963,2025-11-22 06:07:07.729231,,,,,,,,,
0.0016142873791977763,0.016161635518074036,2025-11-22 06:07:07.975073,,,,,,,,,
0.0004438321338966489,0.01812250167131424,2025-11-22 06:07:08.237278,,,,,,,,,
0.0006049121730029583,0.020237524062395096,2025-11-22 06:07:08.484879,,,,,,,,,
0.017989318817853928,0.01638452522456646,2025-11-22 06:07:08.719205,,,,,,,,,
0.009844821877777576,0.01704314723610878,2025-11-22 06:07:08.962976,,,,,,,,,
0.004622023086994886,0.016935914754867554,2025-11-22 06:07:09.208846,,,,,,,,,
0.0008545902674086392,0.01621035300195217,2025-11-22 06:07:09.451119,,,,,,,,,
5.350380888557993e-05,0.01656002178788185,2025-11-22 06:07:09.694897,,,,,,,,,
3.353586362209171e-05,0.016803357750177383,2025-11-22 06:07:09.943618,,,,,,,,,
0.00010253611981170252,0.016539128497242928,2025-11-22 06:07:10.193646,,,,,,,,,
9.811572090256959e-05,0.01618821732699871,2025-11-22 06:07:10.431372,,,,,,,,,
5.105098898638971e-05,0.016098681837320328,2025-11-22 06:07:10.687770,,,,,,,,,
1.3765898984274827e-05,0.01624397002160549,2025-11-22 06:07:10.917307,,,,,,,,,
2.87328589365643e-06,0.016246436163783073,2025-11-22 06:07:11.163872,,,,,,,,,
1.3510053577192593e-05,0.016049791127443314,2025-11-22 06:07:11.404781,,,,,,,,,
3.1702064006822184e-05,0.015859682112932205,2025-11-22 06:07:11.647376,,,,,,,,,
3.8711634260835126e-05,0.015948070213198662,2025-11-22 06:07:11.894339,,,,,,,,,
2.4771710741333663e-05,0.01597616821527481,2025-11-22 06:07:12.136591,,,,,,,,,
5.3432290769706015e-06,0.015888238325715065,2025-11-22 06:07:12.374933,,,,,,,,,
8.847668141243048e-06,0.01571619138121605,2025-11-22 06:07:12.620050,,,,,,,,,
3.0830735340714455e-05,0.015632156282663345,2025-11-22 06:07:12.865786,,,,,,,,,
2.9091203032294288e-05,0.015638001263141632,2025-11-22 06:07:13.107815,,,,,,,,,
6.9971611083019525e-06,0.015483804047107697,2025-11-22 06:07:13.350860,,,,,,,,,
1.0072993973153643e-05,0.015353620983660221,2025-11-22 06:07:13.604851,,,,,,,,,
3.142758214380592e-05,0.015483611263334751,2025-11-22 06:07:13.837344,,,,,,,,,
3.144616857753135e-05,0.015062027610838413,2025-11-22 06:07:14.081225,,,,,,,,,
1.3511506949726027e-05,0.015358821488916874,2025-11-22 06:07:14.326713,,,,,,,,,
8.958160833572038e-06,0.015484738163650036,2025-11-22 06:07:14.569439,,,,,,,,,
1.8012968212133273e-05,0.01512773148715496,2025-11-22 06:07:14.814260,,,,,,,,,
2.0114006474614143e-05,0.015283063985407352,2025-11-22 06:07:15.057379,,,,,,,,,
1.6160582163138315e-05,0.015289402566850185,2025-11-22 06:07:15.302695,,,,,,,,,
1.720265208859928e-05,0.015132986009120941,2025-11-22 06:07:15.558364,,,,,,,,,
2.3625267203897238e-05,0.01503975223749876,2025-11-22 06:07:15.807450,,,,,,,,,
2.8263029889785685e-05,0.01526318397372961,2025-11-22 06:07:16.041720,,,,,,,,,
2.6443987735547125e-05,0.014984003268182278,2025-11-22 06:07:16.295957,,,,,,,,,
2.1096762793604285e-05,0.015151946805417538,2025-11-22 06:07:16.525949,,,,,,,,,
1.8056382032227702e-05,0.015117676928639412,2025-11-22 06:07:16.768319,,,,,,,,,
1.8383410861133598e-05,0.014961466193199158,2025-11-22 06:07:17.010923,,,,,,,,,
1.7468164514866658e-05,0.015159343369305134,2025-11-22 06:07:17.262501,,,,,,,,,
1.3464719813782722e-05,0.015160621143877506,2025-11-22 06:07:17.505006,,,,,,,,,
1.0381009815318976e-05,0.01526856329292059,2025-11-22 06:07:17.742693,,,,,,,,,
1.0890106750593986e-05,0.015156916342675686,2025-11-22 06:07:17.991575,,,,,,,,,
1.2598484318004921e-05,0.014911098405718803,2025-11-22 06:07:18.240004,,,,,,,,,
1.1930555956496391e-05,0.015175215899944305,2025-11-22 06:07:18.478506,,,,,,,,,
9.08809215616202e-06,0.014974551275372505,2025-11-22 06:07:18.726185,,,,,,,,,
7.10950462234905e-06,0.015273799188435078,2025-11-22 06:07:18.977327,,,,,,,,,
7.335132522712229e-06,0.015237434767186642,2025-11-22 06:07:19.228690,,,,,,,,,
8.189686013793107e-06,0.015129362232983112,2025-11-22 06:07:19.479326,,,,,,,,,
8.030831850192044e-06,0.014976411126554012,2025-11-22 06:07:19.714818,,,,,,,,,
7.120264854165725e-06,0.01502292975783348,2025-11-22 06:07:19.959717,,,,,,,,,
6.951060640858486e-06,0.015087123028934002,2025-11-22 06:07:20.202610,,,,,,,,,
7.685713171667885e-06,0.014912394806742668,2025-11-22 06:07:20.456542,,,,,,,,,
8.34468210086925e-06,0.014963817782700062,2025-11-22 06:07:20.693580,,,,,,,,,
8.295367479149718e-06,0.014903035014867783,2025-11-22 06:07:20.942010,,,,,,,,,
7.783197361277416e-06,0.01507608126848936,2025-11-22 06:07:21.183926,,,,,,,,,
7.473600362573052e-06,0.014918654225766659,2025-11-22 06:07:21.428152,,,,,,,,,
7.589294909848832e-06,0.015052642673254013,2025-11-22 06:07:21.676547,,,,,,,,,
7.93526487541385e-06,0.01498284749686718,2025-11-22 06:07:21.918632,,,,,,,,,
8.160307515936438e-06,0.015047200955450535,2025-11-22 06:07:22.171207,,,,,,,,,
8.205976882891264e-06,0.014819051139056683,2025-11-22 06:07:22.426400,,,,,,,,,
8.09360972198192e-06,0.014847216196358204,2025-11-22 06:07:22.665031,,,,,,,,,
8.01759961177595e-06,0.014867088757455349,2025-11-22 06:07:22.912170,,,,,,,,,
8.121905011648778e-06,0.014769863337278366,2025-11-22 06:07:23.161631,,,,,,,,,
8.284284376713913e-06,0.014951594173908234,2025-11-22 06:07:23.404038,,,,,,,,,
8.288669960165862e-06,0.015318574383854866,2025-11-22 06:07:23.648421,,,,,,,,,
8.057496415858623e-06,0.015020115301012993,2025-11-22 06:07:23.884847,,,,,,,,,
7.876400559325702e-06,0.015076983720064163,2025-11-22 06:07:24.131138,,,,,,,,,
7.956950867082924e-06,0.015074537135660648,2025-11-22 06:07:24.374302,,,,,,,,,
8.07152537163347e-06,0.014988938346505165,2025-11-22 06:07:24.624194,,,,,,,,,
7.972716957738157e-06,0.014800800941884518,2025-11-22 06:07:24.866193,,,,,,,,,
7.767473107378464e-06,0.01476689800620079,2025-11-22 06:07:25.109520,,,,,,,,,
7.558115157735301e-06,0.014824200421571732,2025-11-22 06:07:25.356521,,,,,,,,,
7.341656328208046e-06,0.014792775735259056,2025-11-22 06:07:25.602530,,,,,,,,,
7.134408861020347e-06,0.015092888846993446,2025-11-22 06:07:25.854373,,,,,,,,,
7.027478204690851e-06,0.015199383720755577,2025-11-22 06:07:26.089818,,,,,,,,,
7.056042250042083e-06,0.01477248128503561,2025-11-22 06:07:26.330169,,,,,,,,,
7.118816029105801e-06,0.015005291439592838,2025-11-22 06:07:26.572201,,,,,,,,,
7.169728178268997e-06,0.015302698127925396,2025-11-22 06:07:26.822694,,,,,,,,,
7.334544534387533e-06,0.014939423650503159,2025-11-22 06:07:27.066275,,,,,,,,,
7.53908761907951e-06,0.015069614164531231,2025-11-22 06:07:27.308917,,,,,,,,,
7.5493580879992805e-06,0.014915418811142445,2025-11-22 06:07:27.560120,,,,,,,,,
7.409825684590032e-06,0.014958187006413937,2025-11-22 06:07:27.797886,,,,,,,,,
7.38991548132617e-06,0.01504549477249384,2025-11-22 06:07:28.052827,,,,,,,,,
7.365684268734185e-06,0.015155105851590633,2025-11-22 06:07:28.289417,,,,,,,,,
7.2281877692148555e-06,0.014808633364737034,2025-11-22 06:07:28.536341,,,,,,,,,
7.048004135867814e-06,0.01497593056410551,2025-11-22 06:07:28.777800,,,,,,,,,
6.9944771894370206e-06,0.014879325404763222,2025-11-22 06:07:29.022922,,,,,,,,,
7.0377827796619385e-06,0.01459786668419838,2025-11-22 06:07:29.267396,,,,,,,,,
7.068474133120617e-06,0.014758914709091187,2025-11-22 06:07:29.513952,,,,,,,,,
7.079913757479517e-06,0.014847997575998306,2025-11-22 06:07:29.764680,,,,,,,,,
7.099627964635147e-06,0.014895412139594555,2025-11-22 06:07:30.001755,,,,,,,,,
7.127099706849549e-06,0.014960447326302528,2025-11-22 06:07:30.248940,,,,,,,,,
7.0727896854805294e-06,0.014795919880270958,2025-11-22 06:07:30.504139,,,,,,,,,
6.974575626372825e-06,0.014908638782799244,2025-11-22 06:07:30.746037,,,,,,,,,
6.860513622086728e-06,0.014886777848005295,2025-11-22 06:07:30.985901,,,,,,,,,
6.659994596702745e-06,0.014656526036560535,2025-11-22 06:07:31.234750,,,,,,,,,
6.361558916978538e-06,0.014909112825989723,2025-11-22 06:07:31.483489,,,,,,,,,
6.088747340982081e-06,0.01477204728871584,2025-11-22 06:07:31.722119,,,,,,,,,
5.86473925068276e-06,0.014940019696950912,2025-11-22 06:07:32.001596,,,,,,,,,
5.754990979767172e-06,0.014733229763805866,2025-11-22 06:07:32.229055,,,,,,,,,
5.738638719776645e-06,0.014651519246399403,2025-11-22 06:07:32.473879,,,,,,,,,
5.828173925692681e-06,0.014872333034873009,2025-11-22 06:07:32.722959,,,,,,,,,
6.043245775799733e-06,0.014801962301135063,2025-11-22 06:07:32.968390,,,,,,,,,
6.35243395663565e-06,0.014741300605237484,2025-11-22 06:07:33.217356,,,,,,,,,
6.7435084929456934e-06,0.014686721377074718,2025-11-22 06:07:33.468788,,,,,,,,,
7.168105639721034e-06,0.014916718006134033,2025-11-22 06:07:33.709389,,,,,,,,,
7.6186142905498855e-06,0.014792186208069324,2025-11-22 06:07:33.957628,,,,,,,,,
8.059278115979396e-06,0.014769081026315689,2025-11-22 06:07:34.198177,,,,,,,,,
8.477139999740757e-06,0.014916496351361275,2025-11-22 06:07:34.465167,,,,,,,,,
8.865971722116228e-06,0.01468475442379713,2025-11-22 06:07:34.702715,,,,,,,,,
9.188863259623758e-06,0.014809615910053253,2025-11-22 06:07:34.950516,,,,,,,,,
9.477220373810269e-06,0.014599107205867767,2025-11-22 06:07:35.189255,,,,,,,,,
9.682908967079129e-06,0.01484737079590559,2025-11-22 06:07:35.442857,,,,,,,,,
9.953036169463303e-06,0.014842631295323372,2025-11-22 06:07:35.677919,,,,,,,,,
1.0311720870959107e-05,0.014903648756444454,2025-11-22 06:07:35.925422,,,,,,,,,
1.073153271136107e-05,0.01480264775454998,2025-11-22 06:07:36.182137,,,,,,,,,
1.1079097930632997e-05,0.014647506177425385,2025-11-22 06:07:36.417024,,,,,,,,,
1.1317934877297375e-05,0.014796547591686249,2025-11-22 06:07:36.660490,,,,,,,,,
1.1463013834145386e-05,0.014604824595153332,2025-11-22 06:07:36.909788,,,,,,,,,
,,2025-11-22 06:07:37.054177,0.0002785005837972045,0.015420868404261354,0.0015,,,,,,
,,2025-11-22 06:07:44.972461,,,,35.49713897705078,0.817789614200592,,,,
,,2025-11-22 06:07:44.974394,,,,,,1.1372292647138238e-05,0.014762900590610046,35.49713897705078,0.817789614200592
1.1372292647138238e-05,0.01449580304324627,2025-11-22 06:07:49.155356,,,,,,,,,
1.1188631106051616e-05,0.014604765921831131,2025-11-22 06:07:49.552747,,,,,,,,,
1.1005130545527209e-05,0.014748931862413883,2025-11-22 06:07:49.800104,,,,,,,,,
1.0858633686439134e-05,0.014768007211387157,2025-11-22 06:07:50.056246,,,,,,,,,
1.086864540411625e-05,0.014764539897441864,2025-11-22 06:07:50.291333,,,,,,,,,
1.099528162740171e-05,0.014853776432573795,2025-11-22 06:07:50.541700,,,,,,,,,
1.1152512342960108e-05,0.01473714504390955,2025-11-22 06:07:50.801215,,,,,,,,,
1.1285678738204297e-05,0.014825238846242428,2025-11-22 06:07:51.040275,,,,,,,,,
1.139397772931261e-05,0.014778207056224346,2025-11-22 06:07:51.283710,,,,,,,,,
1.1408660611778032e-05,0.01484827883541584,2025-11-22 06:07:51.531437,,,,,,,,,
1.1499134416226298e-05,0.014681468717753887,2025-11-22 06:07:51.777022,,,,,,,,,
1.1522515706019476e-05,0.014910553582012653,2025-11-22 06:07:52.038258,,,,,,,,,
1.1816818187071476e-05,0.014722379855811596,2025-11-22 06:07:52.264718,,,,,,,,,
1.1968856597377453e-05,0.014707772992551327,2025-11-22 06:07:52.510930,,,,,,,,,
1.2253747627255507e-05,0.014843711629509926,2025-11-22 06:07:52.769127,,,,,,,,,
1.2704592336376663e-05,0.015049144625663757,2025-11-22 06:07:53.006003,,,,,,,,,
1.3024543477513362e-05,0.014756766147911549,2025-11-22 06:07:53.256798,,,,,,,,,
1.3160938578948844e-05,0.01472449954599142,2025-11-22 06:07:53.495256,,,,,,,,,
1.3145074262865819e-05,0.014935631304979324,2025-11-22 06:07:53.738686,,,,,,,,,
1.2986106412427034e-05,0.014602648094296455,2025-11-22 06:07:53.991582,,,,,,,,,
1.2596695341926534e-05,0.014519746415317059,2025-11-22 06:07:54.249370,,,,,,,,,
1.2007295481453184e-05,0.014613545499742031,2025-11-22 06:07:54.481189,,,,,,,,,
1.139292089646915e-05,0.014387765899300575,2025-11-22 06:07:54.723037,,,,,,,,,
1.079116282198811e-05,0.014334329403936863,2025-11-22 06:07:54.984142,,,,,,,,,
1.020586660160916e-05,0.014541054144501686,2025-11-22 06:07:55.216240,,,,,,,,,
9.675312867329922e-06,0.014478965662419796,2025-11-22 06:07:55.459681,,,,,,,,,
9.250815310224425e-06,0.014547791332006454,2025-11-22 06:07:55.702992,,,,,,,,,
9.047615094459616e-06,0.014619072899222374,2025-11-22 06:07:55.949038,,,,,,,,,
8.954389159043785e-06,0.014602793380618095,2025-11-22 06:07:56.200717,,,,,,,,,
8.870821147866081e-06,0.014646039344370365,2025-11-22 06:07:56.434133,,,,,,,,,
8.977477591542993e-06,0.014880746603012085,2025-11-22 06:07:56.685468,,,,,,,,,
9.190338460030034e-06,0.014856548048555851,2025-11-22 06:07:56.945725,,,,,,,,,
9.626512110116892e-06,0.014828536659479141,2025-11-22 06:07:57.176570,,,,,,,,,
9.976261935662478e-06,0.01472312118858099,2025-11-22 06:07:57.423753,,,,,,,,,
1.0421382285130676e-05,0.014642041176557541,2025-11-22 06:07:57.670515,,,,,,,,,
1.0985490007442422e-05,0.014807574450969696,2025-11-22 06:07:57.913318,,,,,,,,,
1.1686095604090951e-05,0.01463430467993021,2025-11-22 06:07:58.153664,,,,,,,,,
1.2398502803989686e-05,0.014571655541658401,2025-11-22 06:07:58.397891,,,,,,,,,
1.2957098078913987e-05,0.01451338455080986,2025-11-22 06:07:58.645620,,,,,,,,,
1.3568293979915325e-05,0.014853558503091335,2025-11-22 06:07:58.886271,,,,,,,,,
1.4432635907724034e-05,0.014585939235985279,2025-11-22 06:07:59.151732,,,,,,,,,
1.5204905139398761e-05,0.014629742130637169,2025-11-22 06:07:59.384954,,,,,,,,,
1.592591797816567e-05,0.014675252139568329,2025-11-22 06:07:59.631795,,,,,,,,,
1.6586183846811764e-05,0.014446881599724293,2025-11-22 06:07:59.890335,,,,,,,,,
1.6877111193025485e-05,0.014657341875135899,2025-11-22 06:08:00.125985,,,,,,,,,
1.6822426914586686e-05,0.014532873407006264,2025-11-22 06:08:00.370950,,,,,,,,,
1.6478008546982892e-05,0.01448770985007286,2025-11-22 06:08:00.625972,,,,,,,,,
1.6071751815616153e-05,0.014522208832204342,2025-11-22 06:08:00.866996,,,,,,,,,
1.5792389604030177e-05,0.014592457562685013,2025-11-22 06:08:01.127350,,,,,,,,,
1.5884748790995218e-05,0.014770980924367905,2025-11-22 06:08:01.361415,,,,,,,,,
1.6030266124289483e-05,0.01472583506256342,2025-11-22 06:08:01.609470,,,,,,,,,
1.6802890968392603e-05,0.01458530779927969,2025-11-22 06:08:01.853947,,,,,,,,,
1.6855739886523224e-05,0.014554387889802456,2025-11-22 06:08:02.103952,,,,,,,,,
1.602154952706769e-05,0.014420133084058762,2025-11-22 06:08:02.343937,,,,,,,,,
1.509527373855235e-05,0.014757602475583553,2025-11-22 06:08:02.592650,,,,,,,,,
1.385684845445212e-05,0.014694267883896828,2025-11-22 06:08:02.835368,,,,,,,,,
1.267827428819146e-05,0.014635458588600159,2025-11-22 06:08:03.082942,,,,,,,,,
1.1935733709833585e-05,0.014819190837442875,2025-11-22 06:08:03.330350,,,,,,,,,
1.1682598596962634e-05,0.014623025432229042,2025-11-22 06:08:03.580024,,,,,,,,,
1.1609616194618866e-05,0.015256973914802074,2025-11-22 06:08:03.817928,,,,,,,,,
1.2107348084100522e-05,0.014613565057516098,2025-11-22 06:08:04.077915,,,,,,,,,
1.341806728305528e-05,0.014763424172997475,2025-11-22 06:08:04.317660,,,,,,,,,
1.3114657122059725e-05,0.014733477495610714,2025-11-22 06:08:04.555472,,,,,,,,,
1.1988767255388666e-05,0.014799314551055431,2025-11-22 06:08:04.802127,,,,,,,,,
1.1768556760216597e-05,0.01477458793669939,2025-11-22 06:08:05.048226,,,,,,,,,
1.1470307981653605e-05,0.014799785800278187,2025-11-22 06:08:05.290920,,,,,,,,,
9.866925211099442e-06,0.014584793709218502,2025-11-22 06:08:05.542942,,,,,,,,,
7.91080037743086e-06,0.014632875099778175,2025-11-22 06:08:05.783336,,,,,,,,,
7.1216113610717e-06,0.01489605288952589,2025-11-22 06:08:06.029407,,,,,,,,,
7.077173904690426e-06,0.014660388231277466,2025-11-22 06:08:06.271912,,,,,,,,,
6.571987796633039e-06,0.01436124462634325,2025-11-22 06:08:06.514759,,,,,,,,,
6.255843800317962e-06,0.014693989418447018,2025-11-22 06:08:06.766929,,,,,,,,,
6.64184744891827e-06,0.01469313446432352,2025-11-22 06:08:07.019387,,,,,,,,,
7.458494110323954e-06,0.014728792011737823,2025-11-22 06:08:07.262762,,,,,,,,,
8.575407264288515e-06,0.01474468782544136,2025-11-22 06:08:07.504985,,,,,,,,,
9.84804137260653e-06,0.01456807367503643,2025-11-22 06:08:07.753221,,,,,,,,,
1.1107124919362832e-05,0.014712121337652206,2025-11-22 06:08:07.999918,,,,,,,,,
1.2495300325099379e-05,0.01466454565525055,2025-11-22 06:08:08.256006,,,,,,,,,
1.4105404261499643e-05,0.014473647810518742,2025-11-22 06:08:08.493372,,,,,,,,,
1.5465582691831514e-05,0.014386449940502644,2025-11-22 06:08:08.744101,,,,,,,,,
1.6121881344588473e-05,0.014390633441507816,2025-11-22 06:08:08.991220,,,,,,,,,
1.658150358707644e-05,0.014484995976090431,2025-11-22 06:08:09.223324,,,,,,,,,
1.7388025298714638e-05,0.014348961412906647,2025-11-22 06:08:09.474085,,,,,,,,,
1.7919746824190952e-05,0.014538035728037357,2025-11-22 06:08:09.728833,,,,,,,,,
1.8494196410756558e-05,0.014538142830133438,2025-11-22 06:08:09.976789,,,,,,,,,
1.9525032257661223e-05,0.014604407362639904,2025-11-22 06:08:10.222230,,,,,,,,,
1.9909548427676782e-05,0.014390615746378899,2025-11-22 06:08:10.467275,,,,,,,,,
1.9517188775353134e-05,0.014480607584118843,2025-11-22 06:08:10.711267,,,,,,,,,
1.9016028090845793e-05,0.014457181096076965,2025-11-22 06:08:10.956838,,,,,,,,,
1.843299287429545e-05,0.014236459508538246,2025-11-22 06:08:11.202053,,,,,,,,,
1.7612061128602363e-05,0.014596103690564632,2025-11-22 06:08:11.448185,,,,,,,,,
1.709707430563867e-05,0.014675553888082504,2025-11-22 06:08:11.691902,,,,,,,,,
1.7170230421470478e-05,0.014533021487295628,2025-11-22 06:08:11.943163,,,,,,,,,
1.772354335116688e-05,0.014284028671681881,2025-11-22 06:08:12.183735,,,,,,,,,
1.8493929019314237e-05,0.014408666640520096,2025-11-22 06:08:12.430395,,,,,,,,,
1.939699359354563e-05,0.014475819654762745,2025-11-22 06:08:12.679155,,,,,,,,,
2.0051174942636862e-05,0.014327680692076683,2025-11-22 06:08:12.920357,,,,,,,,,
2.0844689061050303e-05,0.014336702413856983,2025-11-22 06:08:13.169576,,,,,,,,,
2.151570879505016e-05,0.014294951222836971,2025-11-22 06:08:13.418843,,,,,,,,,
2.201471033913549e-05,0.014353491365909576,2025-11-22 06:08:13.661622,,,,,,,,,
2.2519890990224667e-05,0.014260420575737953,2025-11-22 06:08:13.908252,,,,,,,,,
2.3171916836872697e-05,0.014304681681096554,2025-11-22 06:08:14.150161,,,,,,,,,
2.4175160433514975e-05,0.014455042779445648,2025-11-22 06:08:14.410853,,,,,,,,,
2.4103614123305306e-05,0.014384714886546135,2025-11-22 06:08:14.643682,,,,,,,,,
2.3661446903133765e-05,0.014297138899564743,2025-11-22 06:08:14.888129,,,,,,,,,
2.3318521925830282e-05,0.014515001326799393,2025-11-22 06:08:15.138549,,,,,,,,,
2.2760015781386755e-05,0.01438178401440382,2025-11-22 06:08:15.383249,,,,,,,,,
2.223574301751796e-05,0.014315702021121979,2025-11-22 06:08:15.634706,,,,,,,,,
2.205019882239867e-05,0.014392822049558163,2025-11-22 06:08:15.884601,,,,,,,,,
2.3709304514341056e-05,0.014395068399608135,2025-11-22 06:08:16.126697,,,,,,,,,
2.3447837520507164e-05,0.014462357386946678,2025-11-22 06:08:16.396045,,,,,,,,,
2.4768709408817813e-05,0.014204496517777443,2025-11-22 06:08:16.630397,,,,,,,,,
2.500280061212834e-05,0.01432636845856905,2025-11-22 06:08:16.895548,,,,,,,,,
2.5059140170924366e-05,0.014307385310530663,2025-11-22 06:08:17.142829,,,,,,,,,
2.470175240887329e-05,0.014319083653390408,2025-11-22 06:08:17.398026,,,,,,,,,
2.416638562863227e-05,0.014218783006072044,2025-11-22 06:08:17.627840,,,,,,,,,
2.4277667762362398e-05,0.014280909672379494,2025-11-22 06:08:17.868019,,,,,,,,,
2.472718188073486e-05,0.014185485430061817,2025-11-22 06:08:18.115633,,,,,,,,,
2.740737545536831e-05,0.014221549034118652,2025-11-22 06:08:18.361351,,,,,,,,,
2.7801281248684973e-05,0.014116180129349232,2025-11-22 06:08:18.606371,,,,,,,,,
2.9616368919960223e-05,0.013979864306747913,2025-11-22 06:08:18.856627,,,,,,,,,
3.0095912734395824e-05,0.01403785590082407,2025-11-22 06:08:19.096990,,,,,,,,,
2.9129325412213802e-05,0.013930668123066425,2025-11-22 06:08:19.341197,,,,,,,,,
2.7657357350108214e-05,0.013981644064188004,2025-11-22 06:08:19.586162,,,,,,,,,
2.6701281967689283e-05,0.013837417587637901,2025-11-22 06:08:19.843068,,,,,,,,,
2.73640744126169e-05,0.013840212486684322,2025-11-22 06:08:20.078671,,,,,,,,,
2.6966939913108945e-05,0.013580668717622757,2025-11-22 06:08:20.322392,,,,,,,,,
2.9555087166954763e-05,0.013751590624451637,2025-11-22 06:08:20.568846,,,,,,,,,
3.340723196743056e-05,0.013305140659213066,2025-11-22 06:08:20.816724,,,,,,,,,
3.634883614722639e-05,0.012973827309906483,2025-11-22 06:08:21.089061,,,,,,,,,
4.427968815434724e-05,0.012439580634236336,2025-11-22 06:08:21.315965,,,,,,,,,
6.711640162393451e-05,0.014024928212165833,2025-11-22 06:08:21.555140,,,,,,,,,
6.676865450572222e-05,0.012940664775669575,2025-11-22 06:08:21.808107,,,,,,,,,
9.639232303015888e-05,0.026534708216786385,2025-11-22 06:08:22.058948,,,,,,,,,
0.0023796174209564924,0.02362634800374508,2025-11-22 06:08:22.303913,,,,,,,,,
0.0004248937184456736,0.016383755952119827,2025-11-22 06:08:22.548560,,,,,,,,,
9.18130244826898e-05,0.016983764246106148,2025-11-22 06:08:22.794911,,,,,,,,,
3.8264402974164113e-05,0.01574826054275036,2025-11-22 06:08:23.032788,,,,,,,,,
2.1427953470265493e-05,0.017372818663716316,2025-11-22 06:08:23.283165,,,,,,,,,
1.3007219422433991e-05,0.016265060752630234,2025-11-22 06:08:23.532117,,,,,,,,,
7.915898095234297e-06,0.016040634363889694,2025-11-22 06:08:23.800123,,,,,,,,,
5.018108822696377e-06,0.015910912305116653,2025-11-22 06:08:24.030002,,,,,,,,,
4.190211711829761e-06,0.01628459244966507,2025-11-22 06:08:24.279688,,,,,,,,,
4.789823378814617e-06,0.016018999740481377,2025-11-22 06:08:24.521376,,,,,,,,,
,,2025-11-22 06:08:24.659942,3.732941464957346e-05,0.014743856406615427,0.0015,,,,,,
,,2025-11-22 06:08:32.834924,,,,38.46179962158203,0.4096962809562683,,,,
,,2025-11-22 06:08:32.837429,,,,,,5.74621799387387e-06,0.0162168348637911,38.46179962158203,0.4096962809562683
5.74621799387387e-06,0.01614237017929554,2025-11-22 06:08:37.058253,,,,,,,,,
6.0732463680324145e-06,0.016271373257040977,2025-11-22 06:08:37.300448,,,,,,,,,
5.389818397816271e-06,0.016038231551647186,2025-11-22 06:08:37.561587,,,,,,,,,
3.948166067857528e-06,0.016178138554096222,2025-11-22 06:08:37.796253,,,,,,,,,
2.4055611902440432e-06,0.01608322188258171,2025-11-22 06:08:38.034637,,,,,,,,,
1.4671576309410739e-06,0.016181984916329384,2025-11-22 06:08:38.279805,,,,,,,,,
1.265595642507833e-06,0.016053399071097374,2025-11-22 06:08:38.515126,,,,,,,,,
1.4208450238584192e-06,0.01572856679558754,2025-11-22 06:08:38.764436,,,,,,,,,
1.4960571661504218e-06,0.016234667971730232,2025-11-22 06:08:39.007959,,,,,,,,,
1.2926176395922084e-06,0.01615041121840477,2025-11-22 06:08:39.254774,,,,,,,,,
1.0700848633860005e-06,0.01579439453780651,2025-11-22 06:08:39.490644,,,,,,,,,
1.0514855830479064e-06,0.015573843382298946,2025-11-22 06:08:39.742377,,,,,,,,,
1.4290811805039993e-06,0.01596042327582836,2025-11-22 06:08:39.977690,,,,,,,,,
2.2361223273037467e-06,0.016105925664305687,2025-11-22 06:08:40.217236,,,,,,,,,
3.0386420348804677e-06,0.016237381845712662,2025-11-22 06:08:40.460175,,,,,,,,,
3.4031677387247328e-06,0.01630287989974022,2025-11-22 06:08:40.701227,,,,,,,,,
3.159087100357283e-06,0.016326023265719414,2025-11-22 06:08:40.942896,,,,,,,,,
2.4875059807527578e-06,0.016080113127827644,2025-11-22 06:08:41.184259,,,,,,,,,
1.7697467455946025e-06,0.015712181106209755,2025-11-22 06:08:41.427827,,,,,,,,,
1.26783970699762e-06,0.0156960878521204,2025-11-22 06:08:41.671205,,,,,,,,,
1.0818047257998842e-06,0.015216967090964317,2025-11-22 06:08:41.909984,,,,,,,,,
1.073095631909382e-06,0.015852026641368866,2025-11-22 06:08:42.150924,,,,,,,,,
1.1942082664972986e-06,0.015567854978144169,2025-11-22 06:08:42.392469,,,,,,,,,
2.0345944449218223e-06,0.015462188981473446,2025-11-22 06:08:42.648519,,,,,,,,,
3.5718617255042773e-06,0.015624091029167175,2025-11-22 06:08:42.886208,,,,,,,,,
4.699199507740559e-06,0.015418501570820808,2025-11-22 06:08:43.132098,,,,,,,,,
5.263696948532015e-06,0.01536700502038002,2025-11-22 06:08:43.370656,,,,,,,,,
5.475144916999852e-06,0.015438929200172424,2025-11-22 06:08:43.614772,,,,,,,,,
5.234952368482482e-06,0.015153734013438225,2025-11-22 06:08:43.880391,,,,,,,,,
4.717666797660058e-06,0.015414809808135033,2025-11-22 06:08:44.101298,,,,,,,,,
3.85918383472017e-06,0.015235450118780136,2025-11-22 06:08:44.354096,,,,,,,,,
2.786844106594799e-06,0.01546764187514782,2025-11-22 06:08:44.599616,,,,,,,,,
1.79193102667341e-06,0.015351071022450924,2025-11-22 06:08:44.858332,,,,,,,,,
1.0832026191565092e-06,0.015255389735102654,2025-11-22 06:08:45.094338,,,,,,,,,
7.039087108751119e-07,0.015242251567542553,2025-11-22 06:08:45.324954,,,,,,,,,
5.69014957818581e-07,0.015441574156284332,2025-11-22 06:08:45.575785,,,,,,,,,
5.400797817856073e-07,0.015428030863404274,2025-11-22 06:08:45.811544,,,,,,,,,
5.76625552639598e-07,0.015234187245368958,2025-11-22 06:08:46.062075,,,,,,,,,
7.443028380293981e-07,0.015152412466704845,2025-11-22 06:08:46.295010,,,,,,,,,
1.0638098046911182e-06,0.015229490585625172,2025-11-22 06:08:46.540634,,,,,,,,,
1.4687201428387198e-06,0.01529373787343502,2025-11-22 06:08:46.778940,,,,,,,,,
1.9234043975302484e-06,0.015242977067828178,2025-11-22 06:08:47.035877,,,,,,,,,
2.3596785467816517e-06,0.01540124136954546,2025-11-22 06:08:47.275098,,,,,,,,,
2.747619191723061e-06,0.01519456971436739,2025-11-22 06:08:47.507523,,,,,,,,,
2.980302497235243e-06,0.01516262348741293,2025-11-22 06:08:47.752336,,,,,,,,,
2.9546665700763697e-06,0.015291753225028515,2025-11-22 06:08:48.004352,,,,,,,,,
2.674417146408814e-06,0.015161477960646152,2025-11-22 06:08:48.235099,,,,,,,,,
2.355317292312975e-06,0.01534891128540039,2025-11-22 06:08:48.483194,,,,,,,,,
2.025040430453373e-06,0.015242292545735836,2025-11-22 06:08:48.723907,,,,,,,,,
1.7791742266126676e-06,0.015445170924067497,2025-11-22 06:08:48.960972,,,,,,,,,
1.573895019646443e-06,0.01516940537840128,2025-11-22 06:08:49.204641,,,,,,,,,
1.4101008218858624e-06,0.015070207417011261,2025-11-22 06:08:49.515387,,,,,,,,,
1.3595214340966777e-06,0.015121068805456161,2025-11-22 06:08:49.693462,,,,,,,,,
1.4145612112770323e-06,0.015216619707643986,2025-11-22 06:08:49.932596,,,,,,,,,
1.4913118775439216e-06,0.015232620760798454,2025-11-22 06:08:50.181347,,,,,,,,,
1.5645870234948234e-06,0.015044378116726875,2025-11-22 06:08:50.435143,,,,,,,,,
1.64241612310434e-06,0.015057643875479698,2025-11-22 06:08:50.658564,,,,,,,,,
1.8238340544485254e-06,0.015024197287857533,2025-11-22 06:08:50.898948,,,,,,,,,
2.12951954381424e-06,0.015286877751350403,2025-11-22 06:08:51.157480,,,,,,,,,
2.465501438564388e-06,0.015011557377874851,2025-11-22 06:08:51.392851,,,,,,,,,
2.737745717240614e-06,0.01485525444149971,2025-11-22 06:08:51.634879,,,,,,,,,
2.9855978027626406e-06,0.015123797580599785,2025-11-22 06:08:51.872970,,,,,,,,,
3.2126047244673828e-06,0.015164188109338284,2025-11-22 06:08:52.122025,,,,,,,,,
3.2928464861470275e-06,0.015188305638730526,2025-11-22 06:08:52.365378,,,,,,,,,
3.1394731649925234e-06,0.015169157646596432,2025-11-22 06:08:52.605996,,,,,,,,,
2.862580913642887e-06,0.01510831993073225,2025-11-22 06:08:52.847484,,,,,,,,,
2.641121454871609e-06,0.01518482156097889,2025-11-22 06:08:53.092693,,,,,,,,,
2.5732399535627337e-06,0.015147862024605274,2025-11-22 06:08:53.331647,,,,,,,,,
2.4775954443612136e-06,0.015142935328185558,2025-11-22 06:08:53.603692,,,,,,,,,
2.382697630309849e-06,0.015134953893721104,2025-11-22 06:08:53.822978,,,,,,,,,
2.3998891265364364e-06,0.015007135458290577,2025-11-22 06:08:54.062323,,,,,,,,,
2.449648036417784e-06,0.01496860757470131,2025-11-22 06:08:54.306119,,,,,,,,,
2.5312465368187986e-06,0.015188581310212612,2025-11-22 06:08:54.562499,,,,,,,,,
2.7338878680893686e-06,0.015062318183481693,2025-11-22 06:08:54.788527,,,,,,,,,
2.939082150987815e-06,0.015066162683069706,2025-11-22 06:08:55.036575,,,,,,,,,
3.1856659461482195e-06,0.014932163991034031,2025-11-22 06:08:55.277073,,,,,,,,,
3.3762566999939736e-06,0.014995344914495945,2025-11-22 06:08:55.515328,,,,,,,,,
3.465445843175985e-06,0.01512580644339323,2025-11-22 06:08:55.763168,,,,,,,,,
3.4913705349026714e-06,0.015026682056486607,2025-11-22 06:08:56.013785,,,,,,,,,
3.6099497719987994e-06,0.015014152973890305,2025-11-22 06:08:56.256572,,,,,,,,,
3.562057372619165e-06,0.015120044350624084,2025-11-22 06:08:56.492639,,,,,,,,,
3.475968242128147e-06,0.014929511584341526,2025-11-22 06:08:56.733204,,,,,,,,,
3.444683216002886e-06,0.015165693126618862,2025-11-22 06:08:56.987256,,,,,,,,,
3.466589305389789e-06,0.015162015333771706,2025-11-22 06:08:57.224122,,,,,,,,,
3.397783075342886e-06,0.014944073744118214,2025-11-22 06:08:57.476093,,,,,,,,,
3.2684624784451444e-06,0.014897494576871395,2025-11-22 06:08:57.727050,,,,,,,,,
3.091571443292196e-06,0.015047730877995491,2025-11-22 06:08:57.967740,,,,,,,,,
2.938698344223667e-06,0.015009379014372826,2025-11-22 06:08:58.196012,,,,,,,,,
2.789876816677861e-06,0.014904956333339214,2025-11-22 06:08:58.438671,,,,,,,,,
2.708051852096105e-06,0.015014071017503738,2025-11-22 06:08:58.678824,,,,,,,,,
2.7520122785062995e-06,0.01497070211917162,2025-11-22 06:08:58.925131,,,,,,,,,
2.775359689621837e-06,0.014980524778366089,2025-11-22 06:08:59.179166,,,,,,,,,
2.9244476991152624e-06,0.015288051217794418,2025-11-22 06:08:59.422251,,,,,,,,,
3.1091610708244843e-06,0.016011839732527733,2025-11-22 06:08:59.660376,,,,,,,,,
3.391204927538638e-06,0.017700864002108574,2025-11-22 06:08:59.910412,,,,,,,,,
3.0740741294721374e-06,0.015032815746963024,2025-11-22 06:09:00.146462,,,,,,,,,
2.563741645644768e-06,0.015088921412825584,2025-11-22 06:09:00.383194,,,,,,,,,
2.0610057163139572e-06,0.015038874000310898,2025-11-22 06:09:00.624152,,,,,,,,,
1.6728058653825428e-06,0.015367601066827774,2025-11-22 06:09:00.868306,,,,,,,,,
1.328747771367489e-06,0.01556786522269249,2025-11-22 06:09:01.122372,,,,,,,,,
1.0869651987377438e-06,0.015280663967132568,2025-11-22 06:09:01.364209,,,,,,,,,
9.424074391972681e-07,0.01529845129698515,2025-11-22 06:09:01.600031,,,,,,,,,
8.51072968544031e-07,0.015349061228334904,2025-11-22 06:09:01.841939,,,,,,,,,
7.974262530296983e-07,0.015215689316391945,2025-11-22 06:09:02.081005,,,,,,,,,
7.963589041537489e-07,0.015198810026049614,2025-11-22 06:09:02.332375,,,,,,,,,
8.696776490069169e-07,0.015246687456965446,2025-11-22 06:09:02.571199,,,,,,,,,
1.0751609806902707e-06,0.015206108801066875,2025-11-22 06:09:02.824213,,,,,,,,,
1.4649181139247958e-06,0.015387231484055519,2025-11-22 06:09:03.055433,,,,,,,,,
2.107183490807074e-06,0.015119390562176704,2025-11-22 06:09:03.317600,,,,,,,,,
2.7933506316912826e-06,0.015259687788784504,2025-11-22 06:09:03.551401,,,,,,,,,
3.315718913654564e-06,0.015154064632952213,2025-11-22 06:09:03.793682,,,,,,,,,
3.604715629990096e-06,0.015025273896753788,2025-11-22 06:09:04.036083,,,,,,,,,
3.7424740639835363e-06,0.015227359719574451,2025-11-22 06:09:04.277867,,,,,,,,,
3.860873675876064e-06,0.015047291293740273,2025-11-22 06:09:04.523079,,,,,,,,,
3.881404154526535e-06,0.015270251780748367,2025-11-22 06:09:04.778803,,,,,,,,,
3.839598321064841e-06,0.015120000578463078,2025-11-22 06:09:05.015791,,,,,,,,,
3.6038422877027187e-06,0.015165592543780804,2025-11-22 06:09:05.258088,,,,,,,,,
3.160074129482382e-06,0.015095239505171776,2025-11-22 06:09:05.498937,,,,,,,,,
2.7253322514297906e-06,0.014945411123335361,2025-11-22 06:09:05.743049,,,,,,,,,
2.3457716906705173e-06,0.015198984183371067,2025-11-22 06:09:05.985396,,,,,,,,,
2.120281578754657e-06,0.015190301463007927,2025-11-22 06:09:06.229065,,,,,,,,,
1.914010226755636e-06,0.01528462115675211,2025-11-22 06:09:06.469833,,,,,,,,,
1.6917105085667572e-06,0.014999945648014545,2025-11-22 06:09:06.712814,,,,,,,,,
1.4828060557192657e-06,0.015026209875941277,2025-11-22 06:09:06.955775,,,,,,,,,
1.4429074326471891e-06,0.01501030009239912,2025-11-22 06:09:07.198647,,,,,,,,,
1.6644207789795473e-06,0.015549913048744202,2025-11-22 06:09:07.439875,,,,,,,,,
2.2195040401129518e-06,0.015168213285505772,2025-11-22 06:09:07.687803,,,,,,,,,
2.983107833642862e-06,0.015112918801605701,2025-11-22 06:09:07.934209,,,,,,,,,
3.680766212710296e-06,0.015053528361022472,2025-11-22 06:09:08.167991,,,,,,,,,
4.085844921064563e-06,0.014977182261645794,2025-11-22 06:09:08.428626,,,,,,,,,
4.033674940728815e-06,0.014936408959329128,2025-11-22 06:09:08.658844,,,,,,,,,
3.550713017830276e-06,0.015003962442278862,2025-11-22 06:09:08.910825,,,,,,,,,
2.918756990766269e-06,0.014834706671535969,2025-11-22 06:09:09.140947,,,,,,,,,
2.3306140519707697e-06,0.01518847607076168,2025-11-22 06:09:09.388322,,,,,,,,,
2.0464881345105823e-06,0.015044348314404488,2025-11-22 06:09:09.636579,,,,,,,,,
2.0032189240737353e-06,0.015170752070844173,2025-11-22 06:09:09.878100,,,,,,,,,
1.8451345340508851e-06,0.01522285770624876,2025-11-22 06:09:10.116307,,,,,,,,,
1.6028350273700198e-06,0.01496515516191721,2025-11-22 06:09:10.373157,,,,,,,,,
1.4067121583138942e-06,0.014987234957516193,2025-11-22 06:09:10.607571,,,,,,,,,
1.3690256537302048e-06,0.015107483603060246,2025-11-22 06:09:10.857619,,,,,,,,,
1.4776561556573142e-06,0.01521595474332571,2025-11-22 06:09:11.096142,,,,,,,,,
1.650256649554649e-06,0.01509228628128767,2025-11-22 06:09:11.339028,,,,,,,,,
1.7326758552371757e-06,0.015127901919186115,2025-11-22 06:09:11.592321,,,,,,,,,
1.7381146335537778e-06,0.014972795732319355,2025-11-22 06:09:11.827455,,,,,,,,,
,,2025-11-22 06:09:11.882954,2.4706012204944727e-06,0.015314783681080572,0.0015,,,,,,
,,2025-11-22 06:09:19.868497,,,,43.581504821777344,0.7336737513542175,,,,
,,2025-11-22 06:09:19.869796,,,,,,1.7677114888451447e-06,0.015051671769469976,43.581504821777344,0.7336737513542175
1.7677115238257102e-06,0.015076416544616222,2025-11-22 06:09:24.349386,,,,,,,,,
1.9973972484876867e-06,0.015064621344208717,2025-11-22 06:09:24.588561,,,,,,,,,
2.420243390588439e-06,0.014756830409169197,2025-11-22 06:09:24.835692,,,,,,,,,
2.9858538255211897e-06,0.014840343035757542,2025-11-22 06:09:25.074418,,,,,,,,,
3.566671239241259e-06,0.015016351826488972,2025-11-22 06:09:25.316803,,,,,,,,,
3.933463631256018e-06,0.014945329166948795,2025-11-22 06:09:25.558500,,,,,,,,,
3.8778430280217435e-06,0.014965374022722244,2025-11-22 06:09:25.807653,,,,,,,,,
3.486252353468444e-06,0.01492882240563631,2025-11-22 06:09:26.051958,,,,,,,,,
2.8738509172399063e-06,0.014936829917132854,2025-11-22 06:09:26.297987,,,,,,,,,
2.2087674551585224e-06,0.014959272928535938,2025-11-22 06:09:26.531977,,,,,,,,,
1.6433946257166099e-06,0.014940015971660614,2025-11-22 06:09:26.777532,,,,,,,,,
1.2642948377106222e-06,0.015210126526653767,2025-11-22 06:09:27.039300,,,,,,,,,
1.0878420653170906e-06,0.015033931471407413,2025-11-22 06:09:27.285726,,,,,,,,,
1.0606772775645368e-06,0.014943433925509453,2025-11-22 06:09:27.523870,,,,,,,,,
1.1075511565650231e-06,0.014783935621380806,2025-11-22 06:09:27.781722,,,,,,,,,
1.2811987062377739e-06,0.014855344779789448,2025-11-22 06:09:28.013862,,,,,,,,,
1.635640614949807e-06,0.015064775943756104,2025-11-22 06:09:28.255314,,,,,,,,,
2.1902501430304255e-06,0.014956044033169746,2025-11-22 06:09:28.503283,,,,,,,,,
2.7860153295478085e-06,0.014955255202949047,2025-11-22 06:09:28.739601,,,,,,,,,
3.148579025946674e-06,0.015085384249687195,2025-11-22 06:09:28.985546,,,,,,,,,
3.293336249043932e-06,0.01480084378272295,2025-11-22 06:09:29.228236,,,,,,,,,
3.3222524962184252e-06,0.015011218376457691,2025-11-22 06:09:29.468889,,,,,,,,,
3.418974529267871e-06,0.014769353903830051,2025-11-22 06:09:29.714292,,,,,,,,,
3.443775085543166e-06,0.014581539668142796,2025-11-22 06:09:29.958839,,,,,,,,,
3.2423517950519454e-06,0.014761855825781822,2025-11-22 06:09:30.204168,,,,,,,,,
2.9819796054653125e-06,0.0149528244510293,2025-11-22 06:09:30.443108,,,,,,,,,
2.814882464008406e-06,0.014809257350862026,2025-11-22 06:09:30.689405,,,,,,,,,
2.64949926531699e-06,0.014962715096771717,2025-11-22 06:09:30.930339,,,,,,,,,
2.305456746398704e-06,0.014829603023827076,2025-11-22 06:09:31.172105,,,,,,,,,
1.8947368971566902e-06,0.014954246580600739,2025-11-22 06:09:31.407374,,,,,,,,,
1.6930792980929255e-06,0.014968238770961761,2025-11-22 06:09:31.648750,,,,,,,,,
1.7767844155969215e-06,0.014746543020009995,2025-11-22 06:09:31.897963,,,,,,,,,
2.059973894574796e-06,0.014858500100672245,2025-11-22 06:09:32.136964,,,,,,,,,
2.524297315176227e-06,0.014789829961955547,2025-11-22 06:09:32.391791,,,,,,,,,
3.0626601983385626e-06,0.014684784226119518,2025-11-22 06:09:32.634238,,,,,,,,,
3.5652242331707384e-06,0.01457374356687069,2025-11-22 06:09:32.874115,,,,,,,,,
3.893525445164414e-06,0.014767174609005451,2025-11-22 06:09:33.115993,,,,,,,,,
3.904511231667129e-06,0.014819934964179993,2025-11-22 06:09:33.368947,,,,,,,,,
3.6619733236875618e-06,0.01471368782222271,2025-11-22 06:09:33.609788,,,,,,,,,
3.2250077310891356e-06,0.014734242111444473,2025-11-22 06:09:33.842103,,,,,,,,,
2.9706036457355367e-06,0.014790331944823265,2025-11-22 06:09:34.086733,,,,,,,,,
3.0181070087564876e-06,0.014760471880435944,2025-11-22 06:09:34.327875,,,,,,,,,
3.2904099498409778e-06,0.014853633008897305,2025-11-22 06:09:34.570254,,,,,,,,,
3.5700986700248905e-06,0.014847594313323498,2025-11-22 06:09:34.814978,,,,,,,,,
3.6454102882998995e-06,0.01462947390973568,2025-11-22 06:09:35.051723,,,,,,,,,
3.497418447295786e-06,0.014751791954040527,2025-11-22 06:09:35.297689,,,,,,,,,
3.3752532999642426e-06,0.014883200637996197,2025-11-22 06:09:35.539467,,,,,,,,,
3.473518290775246e-06,0.014830004423856735,2025-11-22 06:09:35.780794,,,,,,,,,
3.350352017150726e-06,0.01466748584061861,2025-11-22 06:09:36.022379,,,,,,,,,
2.8863341867690906e-06,0.014764363877475262,2025-11-22 06:09:36.267136,,,,,,,,,
2.467360445734812e-06,0.014773176051676273,2025-11-22 06:09:36.508521,,,,,,,,,
2.276228087794152e-06,0.014802070334553719,2025-11-22 06:09:36.748844,,,,,,,,,
2.3281659196072724e-06,0.01493379008024931,2025-11-22 06:09:36.989969,,,,,,,,,
2.5103945517912507e-06,0.014757707715034485,2025-11-22 06:09:37.231422,,,,,,,,,
2.6777902348840144e-06,0.01466226577758789,2025-11-22 06:09:37.474512,,,,,,,,,
2.81156053461018e-06,0.01473773829638958,2025-11-22 06:09:37.714465,,,,,,,,,
3.0182002319634194e-06,0.014834744855761528,2025-11-22 06:09:37.962028,,,,,,,,,
3.4524316561146406e-06,0.014757120981812477,2025-11-22 06:09:38.197100,,,,,,,,,
3.898127488355385e-06,0.014753282070159912,2025-11-22 06:09:38.447505,,,,,,,,,
4.223018549964763e-06,0.01474391296505928,2025-11-22 06:09:38.689291,,,,,,,,,
4.49071058028494e-06,0.014881059527397156,2025-11-22 06:09:38.933481,,,,,,,,,
4.8318897825083695e-06,0.014544290490448475,2025-11-22 06:09:39.182075,,,,,,,,,
4.703164449892938e-06,0.014740219339728355,2025-11-22 06:09:39.422886,,,,,,,,,
4.292317953513702e-06,0.014700587838888168,2025-11-22 06:09:39.659884,,,,,,,,,
3.795982820520294e-06,0.014648987911641598,2025-11-22 06:09:39.902921,,,,,,,,,
3.2752864171925467e-06,0.01468792837113142,2025-11-22 06:09:40.152783,,,,,,,,,
2.9203813483036356e-06,0.014607018791139126,2025-11-22 06:09:40.390271,,,,,,,,,
2.8650310923694633e-06,0.014694455079734325,2025-11-22 06:09:40.631542,,,,,,,,,
3.1517920433543622e-06,0.014729700982570648,2025-11-22 06:09:40.893146,,,,,,,,,
3.58291799784638e-06,0.014736734330654144,2025-11-22 06:09:41.117726,,,,,,,,,
3.9511965042038355e-06,0.014559542760252953,2025-11-22 06:09:41.367358,,,,,,,,,
4.40392295786296e-06,0.014818268828094006,2025-11-22 06:09:41.603968,,,,,,,,,
5.154673090146389e-06,0.014451119117438793,2025-11-22 06:09:41.845944,,,,,,,,,
5.788267117168289e-06,0.01450585387647152,2025-11-22 06:09:42.092944,,,,,,,,,
6.074919383536326e-06,0.01462142076343298,2025-11-22 06:09:42.330941,,,,,,,,,
5.619040166493505e-06,0.014772741124033928,2025-11-22 06:09:42.575203,,,,,,,,,
4.759402600029716e-06,0.014501976780593395,2025-11-22 06:09:42.821284,,,,,,,,,
3.812676141023985e-06,0.014549516141414642,2025-11-22 06:09:43.061487,,,,,,,,,
3.1157253488345305e-06,0.014621184207499027,2025-11-22 06:09:43.299997,,,,,,,,,
3.0559554033970926e-06,0.014758431352674961,2025-11-22 06:09:43.545251,,,,,,,,,
3.2701816508051706e-06,0.014645668677985668,2025-11-22 06:09:43.784110,,,,,,,,,
3.574991296773078e-06,0.01462666504085064,2025-11-22 06:09:44.028842,,,,,,,,,
4.016509137727553e-06,0.014618932269513607,2025-11-22 06:09:44.270768,,,,,,,,,
4.361019364296226e-06,0.014658869244158268,2025-11-22 06:09:44.526769,,,,,,,,,
4.7609278226445895e-06,0.014699278399348259,2025-11-22 06:09:44.767541,,,,,,,,,
5.404505373007851e-06,0.014525327831506729,2025-11-22 06:09:45.010919,,,,,,,,,
5.860024430148769e-06,0.014741973951458931,2025-11-22 06:09:45.251566,,,,,,,,,
6.586915787920589e-06,0.014801640063524246,2025-11-22 06:09:45.489618,,,,,,,,,
7.073235792631749e-06,0.014666209928691387,2025-11-22 06:09:45.732103,,,,,,,,,
6.849698820587946e-06,0.014776996336877346,2025-11-22 06:09:45.978755,,,,,,,,,
6.199413292051759e-06,0.014523660764098167,2025-11-22 06:09:46.213365,,,,,,,,,
5.6399871937173884e-06,0.014495301060378551,2025-11-22 06:09:46.457764,,,,,,,,,
5.3835183280170895e-06,0.014683922752737999,2025-11-22 06:09:46.710687,,,,,,,,,
5.170166332391091e-06,0.014534558169543743,2025-11-22 06:09:46.947420,,,,,,,,,
4.89191506858333e-06,0.014678657054901123,2025-11-22 06:09:47.192169,,,,,,,,,
5.003940259484807e-06,0.014577222056686878,2025-11-22 06:09:47.444705,,,,,,,,,
5.1303222790011205e-06,0.014555064961314201,2025-11-22 06:09:47.675914,,,,,,,,,
5.317736849974608e-06,0.014692768454551697,2025-11-22 06:09:47.917782,,,,,,,,,
5.570261691900669e-06,0.014315350912511349,2025-11-22 06:09:48.158542,,,,,,,,,
5.549752586375689e-06,0.014377228915691376,2025-11-22 06:09:48.405569,,,,,,,,,
5.549980414798483e-06,0.01465036254376173,2025-11-22 06:09:48.643576,,,,,,,,,
5.379049071052577e-06,0.01438013557344675,2025-11-22 06:09:48.886863,,,,,,,,,
5.325012352841441e-06,0.014927097596228123,2025-11-22 06:09:49.130555,,,,,,,,,
6.2793997130938806e-06,0.014756596647202969,2025-11-22 06:09:49.377218,,,,,,,,,
7.587759682792239e-06,0.01444140076637268,2025-11-22 06:09:49.626391,,,,,,,,,
8.61189346323954e-06,0.014351175166666508,2025-11-22 06:09:49.868121,,,,,,,,,
9.59774752118392e-06,0.014534545131027699,2025-11-22 06:09:50.123137,,,,,,,,,
9.911309462040663e-06,0.014523365534842014,2025-11-22 06:09:50.356408,,,,,,,,,
1.0099896826432087e-05,0.01476507168263197,2025-11-22 06:09:50.599263,,,,,,,,,
1.0949057468678802e-05,0.014498008415102959,2025-11-22 06:09:50.842495,,,,,,,,,
1.1307392014714424e-05,0.014695750549435616,2025-11-22 06:09:51.084863,,,,,,,,,
9.429636520508211e-06,0.014539034105837345,2025-11-22 06:09:51.328654,,,,,,,,,
7.700994501647074e-06,0.014693721197545528,2025-11-22 06:09:51.568157,,,,,,,,,
7.736631232546642e-06,0.014983468689024448,2025-11-22 06:09:51.819440,,,,,,,,,
6.968449270061683e-06,0.014925708062946796,2025-11-22 06:09:52.055594,,,,,,,,,
5.44506201549666e-06,0.01428381260484457,2025-11-22 06:09:52.299570,,,,,,,,,
4.333819560997654e-06,0.014703269116580486,2025-11-22 06:09:52.540599,,,,,,,,,
4.127373813389568e-06,0.014658037573099136,2025-11-22 06:09:52.784664,,,,,,,,,
4.676024673244683e-06,0.01452113501727581,2025-11-22 06:09:53.025092,,,,,,,,,
5.7219431255362e-06,0.014809448271989822,2025-11-22 06:09:53.266586,,,,,,,,,
6.9770585469086654e-06,0.014559665694832802,2025-11-22 06:09:53.512523,,,,,,,,,
8.19682281871792e-06,0.01455351896584034,2025-11-22 06:09:53.752471,,,,,,,,,
9.78673324425472e-06,0.014615464955568314,2025-11-22 06:09:54.008290,,,,,,,,,
1.1892776456079446e-05,0.014544758014380932,2025-11-22 06:09:54.258055,,,,,,,,,
1.3467921235132962e-05,0.014557452872395515,2025-11-22 06:09:54.498997,,,,,,,,,
1.2946392416779418e-05,0.014565824531018734,2025-11-22 06:09:54.741782,,,,,,,,,
1.0233585271635093e-05,0.014838319271802902,2025-11-22 06:09:54.983530,,,,,,,,,
7.278946668520803e-06,0.014669585973024368,2025-11-22 06:09:55.223493,,,,,,,,,
5.299714302964276e-06,0.01445820089429617,2025-11-22 06:09:55.471732,,,,,,,,,
4.602444278134499e-06,0.01450438518077135,2025-11-22 06:09:55.712038,,,,,,,,,
4.880420419794973e-06,0.014740867540240288,2025-11-22 06:09:55.953319,,,,,,,,,
6.683037099719513e-06,0.014676615595817566,2025-11-22 06:09:56.199801,,,,,,,,,
1.0666974958439823e-05,0.014645840972661972,2025-11-22 06:09:56.440722,,,,,,,,,
1.504940155427903e-05,0.014272533357143402,2025-11-22 06:09:56.680186,,,,,,,,,
1.624067772354465e-05,0.014355204999446869,2025-11-22 06:09:56.927440,,,,,,,,,
1.4689475392515305e-05,0.01455745380371809,2025-11-22 06:09:57.170292,,,,,,,,,
1.1983057447650936e-05,0.01453773956745863,2025-11-22 06:09:57.411888,,,,,,,,,
9.530630450171884e-06,0.014691751450300217,2025-11-22 06:09:57.654589,,,,,,,,,
8.236960638896562e-06,0.01450480055063963,2025-11-22 06:09:57.893564,,,,,,,,,
7.676044333493337e-06,0.014344964176416397,2025-11-22 06:09:58.136572,,,,,,,,,
8.412332135776524e-06,0.014543588273227215,2025-11-22 06:09:58.390601,,,,,,,,,
1.0487641702638939e-05,0.014535678550601006,2025-11-22 06:09:58.628138,,,,,,,,,
1.4070710676605813e-05,0.014288905076682568,2025-11-22 06:09:58.861220,,,,,,,,,
1.6926487660384737e-05,0.014521387405693531,2025-11-22 06:09:59.110012,,,,,,,,,
,,2025-11-22 06:09:59.223354,5.20842722787999e-06,0.014708296693344083,0.0015,,,,,,
,,2025-11-22 06:10:07.709341,,,,33.51173400878906,0.9195438623428345,,,,
,,2025-11-22 06:10:07.711123,,,,,,1.796341166482307e-05,0.014420906404176584,33.51173400878906,0.9195438623428345
1.796341166482307e-05,0.014430360868573189,2025-11-22 06:10:12.117030,,,,,,,,,
1.7260848835576326e-05,0.014436433091759682,2025-11-22 06:10:12.366363,,,,,,,,,
1.547777901578229e-05,0.01424720510840416,2025-11-22 06:10:12.605761,,,,,,,,,
1.362719831377035e-05,0.014348198659718037,2025-11-22 06:10:12.843925,,,,,,,,,
1.2375749065540731e-05,0.014410101808607578,2025-11-22 06:10:13.082732,,,,,,,,,
1.3030187801632565e-05,0.014322826638817787,2025-11-22 06:10:13.335671,,,,,,,,,
1.4288553757069167e-05,0.014353788457810879,2025-11-22 06:10:13.577739,,,,,,,,,
1.6168194633792154e-05,0.014293682761490345,2025-11-22 06:10:13.816709,,,,,,,,,
1.880592026282102e-05,0.014186871238052845,2025-11-22 06:10:14.090823,,,,,,,,,
2.1500582079170272e-05,0.014232310466468334,2025-11-22 06:10:14.334423,,,,,,,,,
2.165215482818894e-05,0.014093270525336266,2025-11-22 06:10:14.563038,,,,,,,,,
2.0403427697601728e-05,0.014125957153737545,2025-11-22 06:10:14.806557,,,,,,,,,
1.995236198126804e-05,0.014046018943190575,2025-11-22 06:10:15.047998,,,,,,,,,
2.0479232262005098e-05,0.014097961597144604,2025-11-22 06:10:15.292453,,,,,,,,,
2.154670437448658e-05,0.014144870452582836,2025-11-22 06:10:15.531925,,,,,,,,,
2.2985459509072825e-05,0.014215543866157532,2025-11-22 06:10:15.777694,,,,,,,,,
2.3220332877826877e-05,0.014244680292904377,2025-11-22 06:10:16.024177,,,,,,,,,
2.505441807443276e-05,0.013883636333048344,2025-11-22 06:10:16.264734,,,,,,,,,
2.6883664759225212e-05,0.014177057892084122,2025-11-22 06:10:16.512959,,,,,,,,,
2.6686990167945623e-05,0.014322835952043533,2025-11-22 06:10:16.754852,,,,,,,,,
2.6994788640877232e-05,0.014290101826190948,2025-11-22 06:10:16.997149,,,,,,,,,
2.8152446247986518e-05,0.014055241830646992,2025-11-22 06:10:17.234602,,,,,,,,,
3.053130421903916e-05,0.014399449340999126,2025-11-22 06:10:17.479192,,,,,,,,,
3.057884896406904e-05,0.013866165652871132,2025-11-22 06:10:17.717410,,,,,,,,,
3.073078187298961e-05,0.014626151882112026,2025-11-22 06:10:17.962327,,,,,,,,,
3.028572791663464e-05,0.014137099497020245,2025-11-22 06:10:18.210307,,,,,,,,,
3.217539779143408e-05,0.01394478790462017,2025-11-22 06:10:18.467408,,,,,,,,,
3.2617321267025545e-05,0.01395468320697546,2025-11-22 06:10:18.689726,,,,,,,,,
3.0222427085391246e-05,0.013908429071307182,2025-11-22 06:10:18.934301,,,,,,,,,
2.8525359084596857e-05,0.014199071563780308,2025-11-22 06:10:19.174092,,,,,,,,,
2.9216756956884637e-05,0.013961363583803177,2025-11-22 06:10:19.425659,,,,,,,,,
3.1111663702176884e-05,0.013927360996603966,2025-11-22 06:10:19.658144,,,,,,,,,
3.212382580386475e-05,0.013779064640402794,2025-11-22 06:10:19.900246,,,,,,,,,
3.1372914236271754e-05,0.013928823173046112,2025-11-22 06:10:20.154142,,,,,,,,,
3.0362103643710725e-05,0.014035593718290329,2025-11-22 06:10:20.399811,,,,,,,,,
3.007046143466141e-05,0.013584657572209835,2025-11-22 06:10:20.629838,,,,,,,,,
3.0218183383112773e-05,0.014069254510104656,2025-11-22 06:10:20.880747,,,,,,,,,
3.327067315694876e-05,0.01367002259939909,2025-11-22 06:10:21.115076,,,,,,,,,
3.386037133168429e-05,0.013734043575823307,2025-11-22 06:10:21.360566,,,,,,,,,
3.3489548513898626e-05,0.01342227216809988,2025-11-22 06:10:21.613598,,,,,,,,,
3.3939912100322545e-05,0.013680911622941494,2025-11-22 06:10:21.867257,,,,,,,,,
4.0930764953373e-05,0.013252271339297295,2025-11-22 06:10:22.091150,,,,,,,,,
4.054200690006837e-05,0.01350141130387783,2025-11-22 06:10:22.337510,,,,,,,,,
4.0914172132033855e-05,0.013197376392781734,2025-11-22 06:10:22.579510,,,,,,,,,
4.6443565224763006e-05,0.012976808473467827,2025-11-22 06:10:22.823440,,,,,,,,,
5.987308395560831e-05,0.013169767335057259,2025-11-22 06:10:23.067399,,,,,,,,,
4.868228279519826e-05,0.012617209926247597,2025-11-22 06:10:23.307907,,,,,,,,,
5.625606718240306e-05,0.01412750780582428,2025-11-22 06:10:23.559455,,,,,,,,,
8.628609066363424e-05,0.01506961788982153,2025-11-22 06:10:23.803924,,,,,,,,,
5.958101974101737e-05,0.01587267965078354,2025-11-22 06:10:24.049750,,,,,,,,,
5.569701170315966e-05,0.016133379191160202,2025-11-22 06:10:24.306434,,,,,,,,,
5.64470756216906e-05,0.015836667269468307,2025-11-22 06:10:24.543544,,,,,,,,,
3.0331155357998796e-05,0.015846244990825653,2025-11-22 06:10:24.782847,,,,,,,,,
3.3237294701393694e-05,0.01589026488363743,2025-11-22 06:10:25.038687,,,,,,,,,
3.1445986678591e-05,0.015618258155882359,2025-11-22 06:10:25.277434,,,,,,,,,
1.6403941117459908e-05,0.015437804162502289,2025-11-22 06:10:25.513430,,,,,,,,,
1.0946627298835665e-05,0.01536480337381363,2025-11-22 06:10:25.754433,,,,,,,,,
1.1409852049837355e-05,0.015249085612595081,2025-11-22 06:10:26.009563,,,,,,,,,
8.188371793949045e-06,0.015171442180871964,2025-11-22 06:10:26.250752,,,,,,,,,
8.750403139856644e-06,0.015096302144229412,2025-11-22 06:10:26.484874,,,,,,,,,
1.845792940002866e-05,0.015009398572146893,2025-11-22 06:10:26.733799,,,,,,,,,
2.372303424635902e-05,0.014985914342105389,2025-11-22 06:10:26.982341,,,,,,,,,
1.8765962522593327e-05,0.014918224886059761,2025-11-22 06:10:27.216592,,,,,,,,,
1.0797414688568097e-05,0.01492614857852459,2025-11-22 06:10:27.460788,,,,,,,,,
5.836436685058288e-06,0.014925944618880749,2025-11-22 06:10:27.706378,,,,,,,,,
4.166750386502827e-06,0.014908588491380215,2025-11-22 06:10:27.959542,,,,,,,,,
3.8085509004304186e-06,0.014973876997828484,2025-11-22 06:10:28.194237,,,,,,,,,
3.532450136845e-06,0.014819469302892685,2025-11-22 06:10:28.436555,,,,,,,,,
3.478179905869183e-06,0.015075265429913998,2025-11-22 06:10:28.686601,,,,,,,,,
4.735184575110907e-06,0.01472514495253563,2025-11-22 06:10:28.947382,,,,,,,,,
7.602831374242669e-06,0.01492607593536377,2025-11-22 06:10:29.185491,,,,,,,,,
1.0901329915213864e-05,0.014528761617839336,2025-11-22 06:10:29.427889,,,,,,,,,
1.2453469935280737e-05,0.014654047787189484,2025-11-22 06:10:29.664766,,,,,,,,,
1.1755908417399041e-05,0.014789991080760956,2025-11-22 06:10:29.901165,,,,,,,,,
9.888584827422164e-06,0.01459206361323595,2025-11-22 06:10:30.155556,,,,,,,,,
7.5464181463757996e-06,0.014667993411421776,2025-11-22 06:10:30.394787,,,,,,,,,
5.45697366760578e-06,0.014746768400073051,2025-11-22 06:10:30.635164,,,,,,,,,
4.074495336681139e-06,0.014532520435750484,2025-11-22 06:10:30.878149,,,,,,,,,
3.378699148015585e-06,0.014790218323469162,2025-11-22 06:10:31.121050,,,,,,,,,
3.401102503630682e-06,0.014735930599272251,2025-11-22 06:10:31.363000,,,,,,,,,
3.9412029764207546e-06,0.014877056702971458,2025-11-22 06:10:31.606877,,,,,,,,,
4.923410870105727e-06,0.014616105705499649,2025-11-22 06:10:31.861099,,,,,,,,,
6.177631803438999e-06,0.014665650203824043,2025-11-22 06:10:32.101074,,,,,,,,,
7.40652103559114e-06,0.014542464166879654,2025-11-22 06:10:32.361603,,,,,,,,,
8.342684850504156e-06,0.014676875434815884,2025-11-22 06:10:32.592047,,,,,,,,,
8.568948942411225e-06,0.014727907255291939,2025-11-22 06:10:32.850124,,,,,,,,,
8.426363820035476e-06,0.014667377807199955,2025-11-22 06:10:33.093398,,,,,,,,,
8.145270840032026e-06,0.01440844964236021,2025-11-22 06:10:33.333630,,,,,,,,,
7.351342901529279e-06,0.014672449789941311,2025-11-22 06:10:33.576703,,,,,,,,,
6.406777629308635e-06,0.014664288610219955,2025-11-22 06:10:33.819940,,,,,,,,,
5.484759185492294e-06,0.014608235098421574,2025-11-22 06:10:34.092010,,,,,,,,,
4.936910954711493e-06,0.014732273295521736,2025-11-22 06:10:34.301686,,,,,,,,,
4.810089649254223e-06,0.014658170752227306,2025-11-22 06:10:34.556565,,,,,,,,,
4.862393325311132e-06,0.014550619758665562,2025-11-22 06:10:34.788832,,,,,,,,,
4.862109108216828e-06,0.014527710154652596,2025-11-22 06:10:35.037962,,,,,,,,,
4.864086804445833e-06,0.014719738624989986,2025-11-22 06:10:35.293585,,,,,,,,,
5.0675707825575955e-06,0.014614208601415157,2025-11-22 06:10:35.525938,,,,,,,,,
5.550913101615151e-06,0.01481581386178732,2025-11-22 06:10:35.768895,,,,,,,,,
6.483767720055766e-06,0.014398904517292976,2025-11-22 06:10:36.015663,,,,,,,,,
7.315574748645304e-06,0.014533005654811859,2025-11-22 06:10:36.263874,,,,,,,,,
7.787099093548022e-06,0.014608237892389297,2025-11-22 06:10:36.499514,,,,,,,,,
7.730538527539466e-06,0.01436520367860794,2025-11-22 06:10:36.751956,,,,,,,,,
7.1749532253306825e-06,0.014564995653927326,2025-11-22 06:10:36.986213,,,,,,,,,
6.826935532444622e-06,0.014596223831176758,2025-11-22 06:10:37.256067,,,,,,,,,
6.947473593754694e-06,0.014665690250694752,2025-11-22 06:10:37.485121,,,,,,,,,
7.455256763932994e-06,0.014642096124589443,2025-11-22 06:10:37.727102,,,,,,,,,
7.778922736179084e-06,0.014663905836641788,2025-11-22 06:10:37.966081,,,,,,,,,
7.743223250145093e-06,0.01446095947176218,2025-11-22 06:10:38.209106,,,,,,,,,
7.433461178152356e-06,0.014620089903473854,2025-11-22 06:10:38.462465,,,,,,,,,
7.3217602221120615e-06,0.014683475717902184,2025-11-22 06:10:38.717757,,,,,,,,,
7.440697572747013e-06,0.014642656780779362,2025-11-22 06:10:38.943298,,,,,,,,,
7.762261702737305e-06,0.01446092315018177,2025-11-22 06:10:39.186043,,,,,,,,,
7.792439646436833e-06,0.014446248300373554,2025-11-22 06:10:39.434543,,,,,,,,,
7.39754341338994e-06,0.014491771347820759,2025-11-22 06:10:39.673037,,,,,,,,,
6.711480182275409e-06,0.014415343292057514,2025-11-22 06:10:39.914545,,,,,,,,,
6.003199359838618e-06,0.014629021286964417,2025-11-22 06:10:40.159660,,,,,,,,,
5.5515697567898314e-06,0.014574017375707626,2025-11-22 06:10:40.405682,,,,,,,,,
5.545282874663826e-06,0.014396467246115208,2025-11-22 06:10:40.644302,,,,,,,,,
5.97263124291203e-06,0.014554697088897228,2025-11-22 06:10:40.892915,,,,,,,,,
6.697770459140884e-06,0.014534047804772854,2025-11-22 06:10:41.146060,,,,,,,,,
7.5346224548411556e-06,0.014532222412526608,2025-11-22 06:10:41.371223,,,,,,,,,
8.354040801350493e-06,0.014368908479809761,2025-11-22 06:10:41.628376,,,,,,,,,
9.231138392351568e-06,0.01442139782011509,2025-11-22 06:10:41.858385,,,,,,,,,
1.0345876034989487e-05,0.014334659092128277,2025-11-22 06:10:42.103990,,,,,,,,,
1.1586069376789965e-05,0.014565927907824516,2025-11-22 06:10:42.343685,,,,,,,,,
1.2915777006128337e-05,0.014402404427528381,2025-11-22 06:10:42.585660,,,,,,,,,
1.3756422049482353e-05,0.014494184404611588,2025-11-22 06:10:42.828793,,,,,,,,,
1.4654764527222142e-05,0.014382617548108101,2025-11-22 06:10:43.074017,,,,,,,,,
1.4967142305977177e-05,0.014451650902628899,2025-11-22 06:10:43.319736,,,,,,,,,
1.4568657206837088e-05,0.01445097103714943,2025-11-22 06:10:43.568190,,,,,,,,,
1.324405093328096e-05,0.014429105445742607,2025-11-22 06:10:43.822658,,,,,,,,,
1.150307525676908e-05,0.014413674362003803,2025-11-22 06:10:44.052953,,,,,,,,,
1.0619631211739033e-05,0.01448275800794363,2025-11-22 06:10:44.298994,,,,,,,,,
1.0912749530689325e-05,0.014451548457145691,2025-11-22 06:10:44.542878,,,,,,,,,
1.2433693882485386e-05,0.014393596909940243,2025-11-22 06:10:44.788846,,,,,,,,,
1.4492549780698027e-05,0.014496544376015663,2025-11-22 06:10:45.031284,,,,,,,,,
1.7104446669691242e-05,0.014323894865810871,2025-11-22 06:10:45.272505,,,,,,,,,
2.0029399820487015e-05,0.014471412636339664,2025-11-22 06:10:45.516945,,,,,,,,,
2.245336327177938e-05,0.014128175564110279,2025-11-22 06:10:45.760504,,,,,,,,,
2.171110281778965e-05,0.014383381232619286,2025-11-22 06:10:46.009798,,,,,,,,,
1.9605648049036972e-05,0.01453583873808384,2025-11-22 06:10:46.271387,,,,,,,,,
1.7922293409355916e-05,0.014274731278419495,2025-11-22 06:10:46.486705,,,,,,,,,
1.7493888663011603e-05,0.01428583636879921,2025-11-22 06:10:46.733458,,,,,,,,,
1.82490093720844e-05,0.014300274662673473,2025-11-22 06:10:46.984830,,,,,,,,,
,,2025-11-22 06:10:47.051705,1.781968550871069e-05,0.014464711848025521,0.0015,,,,,,
,,2025-11-22 06:10:55.829868,,,,32.9342041015625,0.9502442479133606,,,,
,,2025-11-22 06:10:55.831485,,,,,,2.051832094506468e-05,0.014319320674985647,32.9342041015625,0.9502442479133606
2.0518320525297895e-05,0.01442641019821167,2025-11-22 06:11:00.369093,,,,,,,,,
2.3245193006005138e-05,0.014147927053272724,2025-11-22 06:11:00.608986,,,,,,,,,
2.4820696125971153e-05,0.01425686664879322,2025-11-22 06:11:00.850242,,,,,,,,,
2.569219759607222e-05,0.014195148833096027,2025-11-22 06:11:01.089237,,,,,,,,,
2.6267149223713204e-05,0.014073173515498638,2025-11-22 06:11:01.332684,,,,,,,,,
2.5453302441746928e-05,0.014149446971714497,2025-11-22 06:11:01.575023,,,,,,,,,
2.489836151653435e-05,0.01418636366724968,2025-11-22 06:11:01.857917,,,,,,,,,
2.6571364287519827e-05,0.01400781236588955,2025-11-22 06:11:02.107335,,,,,,,,,
2.9314542189240456e-05,0.01405591331422329,2025-11-22 06:11:02.349342,,,,,,,,,
3.255137198721059e-05,0.014048767276108265,2025-11-22 06:11:02.583934,,,,,,,,,
3.3776792406570166e-05,0.014027374796569347,2025-11-22 06:11:02.835290,,,,,,,,,
3.4714092180365697e-05,0.014101999811828136,2025-11-22 06:11:03.073734,,,,,,,,,
3.3590658858884126e-05,0.01391034759581089,2025-11-22 06:11:03.322341,,,,,,,,,
3.0923212761990726e-05,0.013839611783623695,2025-11-22 06:11:03.574684,,,,,,,,,
2.9155904485378414e-05,0.01385838259011507,2025-11-22 06:11:03.816987,,,,,,,,,
3.3509488275740296e-05,0.013863597065210342,2025-11-22 06:11:04.055735,,,,,,,,,
4.020886626676656e-05,0.013716449961066246,2025-11-22 06:11:04.291676,,,,,,,,,
4.457520481082611e-05,0.013782498426735401,2025-11-22 06:11:04.538823,,,,,,,,,
4.6052384277572855e-05,0.013617248274385929,2025-11-22 06:11:04.796051,,,,,,,,,
4.1162238630931824e-05,0.013623423874378204,2025-11-22 06:11:05.033891,,,,,,,,,
3.4429678635206074e-05,0.013706820085644722,2025-11-22 06:11:05.278867,,,,,,,,,
3.213032687199302e-05,0.013551661744713783,2025-11-22 06:11:05.520775,,,,,,,,,
3.762045889743604e-05,0.0137776555493474,2025-11-22 06:11:05.763998,,,,,,,,,
4.4722914026351646e-05,0.013391733169555664,2025-11-22 06:11:06.009528,,,,,,,,,
5.613167377305217e-05,0.013253630138933659,2025-11-22 06:11:06.255849,,,,,,,,,
6.306684372248128e-05,0.013021004386246204,2025-11-22 06:11:06.493682,,,,,,,,,
5.6430995755363256e-05,0.013096415437757969,2025-11-22 06:11:06.763023,,,,,,,,,
4.2195344576612115e-05,0.013641644269227982,2025-11-22 06:11:06.996866,,,,,,,,,
3.871045191772282e-05,0.013624744489789009,2025-11-22 06:11:07.230480,,,,,,,,,
4.36908558185678e-05,0.01318300236016512,2025-11-22 06:11:07.480916,,,,,,,,,
5.6226173910545185e-05,0.01293220929801464,2025-11-22 06:11:07.730987,,,,,,,,,
5.894064815947786e-05,0.012947073206305504,2025-11-22 06:11:07.969983,,,,,,,,,
5.305180457071401e-05,0.012712880037724972,2025-11-22 06:11:08.213379,,,,,,,,,
5.1004062697757035e-05,0.01268690638244152,2025-11-22 06:11:08.456108,,,,,,,,,
5.1198680012021214e-05,0.012590207159519196,2025-11-22 06:11:08.697945,,,,,,,,,
5.32080048287753e-05,0.012541626580059528,2025-11-22 06:11:08.939884,,,,,,,,,
5.2399343985598534e-05,0.012454183772206306,2025-11-22 06:11:09.196529,,,,,,,,,
5.468261588248424e-05,0.012321919202804565,2025-11-22 06:11:09.431373,,,,,,,,,
5.56238810531795e-05,0.01161947287619114,2025-11-22 06:11:09.673540,,,,,,,,,
5.6002740166150033e-05,0.011640198528766632,2025-11-22 06:11:09.914967,,,,,,,,,
5.620199954137206e-05,0.011514762416481972,2025-11-22 06:11:10.157852,,,,,,,,,
5.527810935745947e-05,0.011335761286318302,2025-11-22 06:11:10.403284,,,,,,,,,
5.308620893629268e-05,0.011255885474383831,2025-11-22 06:11:10.644753,,,,,,,,,
7.119829388102517e-05,0.013181098736822605,2025-11-22 06:11:10.890111,,,,,,,,,
6.693985051242635e-05,0.015196150168776512,2025-11-22 06:11:11.127269,,,,,,,,,
9.614539885660633e-05,0.01589968614280224,2025-11-22 06:11:11.370915,,,,,,,,,
6.224424578249454e-05,0.015449358150362968,2025-11-22 06:11:11.612817,,,,,,,,,
3.344376091263257e-05,0.015454343520104885,2025-11-22 06:11:11.855455,,,,,,,,,
3.080083479289897e-05,0.01522899977862835,2025-11-22 06:11:12.107603,,,,,,,,,
3.525198553688824e-05,0.015682052820920944,2025-11-22 06:11:12.341781,,,,,,,,,
3.153147918055765e-05,0.015147266909480095,2025-11-22 06:11:12.600370,,,,,,,,,
2.3019274522084743e-05,0.015395971946418285,2025-11-22 06:11:12.849616,,,,,,,,,
1.788203007890843e-05,0.01541001908481121,2025-11-22 06:11:13.081532,,,,,,,,,
1.9210965547244996e-05,0.015150648541748524,2025-11-22 06:11:13.320993,,,,,,,,,
2.3838101697037928e-05,0.015075215138494968,2025-11-22 06:11:13.570737,,,,,,,,,
2.8340435164864175e-05,0.015014267526566982,2025-11-22 06:11:13.820867,,,,,,,,,
3.1917541491566226e-05,0.015095463953912258,2025-11-22 06:11:14.061086,,,,,,,,,
3.393038423382677e-05,0.014816622249782085,2025-11-22 06:11:14.302669,,,,,,,,,
3.107747761532664e-05,0.014918947592377663,2025-11-22 06:11:14.550682,,,,,,,,,
2.4219569240813144e-05,0.01481980923563242,2025-11-22 06:11:14.791497,,,,,,,,,
1.6957521438598633e-05,0.014815053902566433,2025-11-22 06:11:15.049631,,,,,,,,,
1.1812636330432724e-05,0.014797838404774666,2025-11-22 06:11:15.288960,,,,,,,,,
9.170425983029418e-06,0.014890064485371113,2025-11-22 06:11:15.529289,,,,,,,,,
8.19169872556813e-06,0.014930768869817257,2025-11-22 06:11:15.768895,,,,,,,,,
7.924021701910533e-06,0.014741270802915096,2025-11-22 06:11:16.021671,,,,,,,,,
7.823045052646194e-06,0.014780321158468723,2025-11-22 06:11:16.262891,,,,,,,,,
7.657684363948647e-06,0.014928440563380718,2025-11-22 06:11:16.509580,,,,,,,,,
7.396482487820322e-06,0.0146966353058815,2025-11-22 06:11:16.746361,,,,,,,,,
7.157439540605992e-06,0.014714997261762619,2025-11-22 06:11:16.991323,,,,,,,,,
7.0366013460443355e-06,0.014703657478094101,2025-11-22 06:11:17.239581,,,,,,,,,
7.178442956501385e-06,0.014674384146928787,2025-11-22 06:11:17.483750,,,,,,,,,
7.719466339040082e-06,0.014884797856211662,2025-11-22 06:11:17.725716,,,,,,,,,
8.800748219073284e-06,0.014621319249272346,2025-11-22 06:11:17.966934,,,,,,,,,
1.0376130376243964e-05,0.014623085036873817,2025-11-22 06:11:18.210273,,,,,,,,,
1.2451134352886584e-05,0.014521422795951366,2025-11-22 06:11:18.452006,,,,,,,,,
1.5034691386972554e-05,0.014506363309919834,2025-11-22 06:11:18.694639,,,,,,,,,
1.830095970944967e-05,0.01454857736825943,2025-11-22 06:11:18.944112,,,,,,,,,
2.2239859390538186e-05,0.014297010377049446,2025-11-22 06:11:19.183608,,,,,,,,,
2.6159053959418088e-05,0.014224262908101082,2025-11-22 06:11:19.434351,,,,,,,,,
3.03251563309459e-05,0.014058083295822144,2025-11-22 06:11:19.676522,,,,,,,,,
3.449191353865899e-05,0.014588381163775921,2025-11-22 06:11:19.925700,,,,,,,,,
3.5804117942461744e-05,0.015607371926307678,2025-11-22 06:11:20.175460,,,,,,,,,
3.15425313601736e-05,0.05376969650387764,2025-11-22 06:11:20.419869,,,,,,,,,
3.1455445423489437e-05,0.021806690841913223,2025-11-22 06:11:20.668746,,,,,,,,,
2.6279267331119627e-05,0.04403768852353096,2025-11-22 06:11:20.907365,,,,,,,,,
2.0027922801091336e-05,0.022925401106476784,2025-11-22 06:11:21.148697,,,,,,,,,
1.6142488675541244e-05,0.018060799688100815,2025-11-22 06:11:21.392943,,,,,,,,,
1.3441806004266255e-05,0.016473203897476196,2025-11-22 06:11:21.640667,,,,,,,,,
1.1977487702097278e-05,0.01706426776945591,2025-11-22 06:11:21.886004,,,,,,,,,
1.1449017620179802e-05,0.017192695289850235,2025-11-22 06:11:22.128256,,,,,,,,,
1.146023078035796e-05,0.01707853376865387,2025-11-22 06:11:22.373059,,,,,,,,,
1.1559680388018023e-05,0.017237715423107147,2025-11-22 06:11:22.613469,,,,,,,,,
1.1429737241996918e-05,0.01686336100101471,2025-11-22 06:11:22.870257,,,,,,,,,
1.0842544725164771e-05,0.0171311367303133,2025-11-22 06:11:23.109002,,,,,,,,,
9.949567356670741e-06,0.01717671938240528,2025-11-22 06:11:23.349024,,,,,,,,,
8.922881534090266e-06,0.016971318051218987,2025-11-22 06:11:23.592241,,,,,,,,,
8.094741133390926e-06,0.01677222177386284,2025-11-22 06:11:23.838316,,,,,,,,,
7.710828867857344e-06,0.016652559861540794,2025-11-22 06:11:24.081511,,,,,,,,,
7.864373401389457e-06,0.016508683562278748,2025-11-22 06:11:24.325104,,,,,,,,,
8.46820512379054e-06,0.016388552263379097,2025-11-22 06:11:24.574384,,,,,,,,,
9.413613042852376e-06,0.016067665070295334,2025-11-22 06:11:24.820004,,,,,,,,,
1.1413650099711958e-05,0.015731390565633774,2025-11-22 06:11:25.060915,,,,,,,,,
1.3675841728399973e-05,0.015679866075515747,2025-11-22 06:11:25.310691,,,,,,,,,
1.532065107312519e-05,0.015629112720489502,2025-11-22 06:11:25.549959,,,,,,,,,
1.6196163414861076e-05,0.0155439842492342,2025-11-22 06:11:25.790876,,,,,,,,,
1.6620846508885734e-05,0.015408307313919067,2025-11-22 06:11:26.059665,,,,,,,,,
1.6571491869399324e-05,0.01596941240131855,2025-11-22 06:11:26.289532,,,,,,,,,
1.5663139492971823e-05,0.01610735058784485,2025-11-22 06:11:26.536346,,,,,,,,,
1.5424049706780352e-05,0.015801722183823586,2025-11-22 06:11:26.786276,,,,,,,,,
1.4899948837410193e-05,0.01571541279554367,2025-11-22 06:11:27.018387,,,,,,,,,
1.3847954505763482e-05,0.016071248799562454,2025-11-22 06:11:27.271643,,,,,,,,,
1.2416206118359696e-05,0.016176950186491013,2025-11-22 06:11:27.527882,,,,,,,,,
1.0772492714750115e-05,0.0161772258579731,2025-11-22 06:11:27.766590,,,,,,,,,
9.116974979406223e-06,0.016065655276179314,2025-11-22 06:11:28.018266,,,,,,,,,
7.57249381422298e-06,0.016097890213131905,2025-11-22 06:11:28.264774,,,,,,,,,
6.203963039297378e-06,0.016132572665810585,2025-11-22 06:11:28.498061,,,,,,,,,
5.051350399298826e-06,0.015929291024804115,2025-11-22 06:11:28.750738,,,,,,,,,
4.122573045606259e-06,0.015868114307522774,2025-11-22 06:11:28.990711,,,,,,,,,
3.40088604389166e-06,0.015857918187975883,2025-11-22 06:11:29.241343,,,,,,,,,
2.865550641217851e-06,0.01563013345003128,2025-11-22 06:11:29.488204,,,,,,,,,
2.4785670120763825e-06,0.015486977994441986,2025-11-22 06:11:29.741610,,,,,,,,,
2.2080873804952716e-06,0.01578424498438835,2025-11-22 06:11:29.970619,,,,,,,,,
2.023546585405711e-06,0.01587723195552826,2025-11-22 06:11:30.225376,,,,,,,,,
1.8888470094680088e-06,0.015888886526226997,2025-11-22 06:11:30.469158,,,,,,,,,
1.7858146748039871e-06,0.015416865237057209,2025-11-22 06:11:30.708760,,,,,,,,,
1.7075759615181596e-06,0.015733549371361732,2025-11-22 06:11:30.949987,,,,,,,,,
1.6463469592054025e-06,0.015447447076439857,2025-11-22 06:11:31.202560,,,,,,,,,
1.5949400449244422e-06,0.01554885134100914,2025-11-22 06:11:31.446127,,,,,,,,,
1.5496103742407286e-06,0.01562678813934326,2025-11-22 06:11:31.682947,,,,,,,,,
1.5091370642039692e-06,0.015604129992425442,2025-11-22 06:11:31.927583,,,,,,,,,
1.473320480727125e-06,0.015354473143815994,2025-11-22 06:11:32.180092,,,,,,,,,
1.443176643078914e-06,0.01542547345161438,2025-11-22 06:11:32.419296,,,,,,,,,
1.4195007906891988e-06,0.015335297212004662,2025-11-22 06:11:32.657342,,,,,,,,,
1.4029993735675816e-06,0.01532028242945671,2025-11-22 06:11:32.901155,,,,,,,,,
1.3950481161373318e-06,0.015408456325531006,2025-11-22 06:11:33.146080,,,,,,,,,
1.3940079952590168e-06,0.015281043946743011,2025-11-22 06:11:33.385799,,,,,,,,,
1.3991460718898452e-06,0.015282957814633846,2025-11-22 06:11:33.626606,,,,,,,,,
1.409996002621483e-06,0.015332388691604137,2025-11-22 06:11:33.870164,,,,,,,,,
1.4272633279688307e-06,0.015227516181766987,2025-11-22 06:11:34.116715,,,,,,,,,
1.4509435004583793e-06,0.0152178555727005,2025-11-22 06:11:34.359138,,,,,,,,,
1.4811508890488767e-06,0.015194129198789597,2025-11-22 06:11:34.614434,,,,,,,,,
1.5197610991890542e-06,0.015298440121114254,2025-11-22 06:11:34.872432,,,,,,,,,
1.5668698551962734e-06,0.015355726704001427,2025-11-22 06:11:35.091476,,,,,,,,,
1.61642424245656e-06,0.01523175835609436,2025-11-22 06:11:35.336323,,,,,,,,,
,,2025-11-22 06:11:35.402928,2.2791782635225547e-05,0.015425232167924859,0.0015,,,,,,
,,2025-11-22 06:11:43.897858,,,,43.83253860473633,0.6515657901763916,,,,
,,2025-11-22 06:11:43.899380,,,,,,1.6684313357892768e-06,0.015338687512737054,43.83253860473633,0.6515657901763916
1.6684313095538528e-06,0.015156860463321209,2025-11-22 06:11:47.614514,,,,,,,,,
1.718559587970958e-06,0.015485123731195927,2025-11-22 06:11:47.849046,,,,,,,,,
1.7645595562498784e-06,0.015440443530678749,2025-11-22 06:11:48.092985,,,,,,,,,
1.808180172702123e-06,0.015111489221453667,2025-11-22 06:11:48.327514,,,,,,,,,
1.85016051545972e-06,0.01500706933438778,2025-11-22 06:11:48.571367,,,,,,,,,
1.892368004519085e-06,0.015348685905337334,2025-11-22 06:11:48.816909,,,,,,,,,
1.9337123831064673e-06,0.015324682928621769,2025-11-22 06:11:49.057560,,,,,,,,,
1.972547124751145e-06,0.01497512124478817,2025-11-22 06:11:49.301010,,,,,,,,,
2.0075692646059906e-06,0.015163222327828407,2025-11-22 06:11:49.555708,,,,,,,,,
2.0377449345687637e-06,0.015240377746522427,2025-11-22 06:11:49.787552,,,,,,,,,
2.066348997686873e-06,0.015004344284534454,2025-11-22 06:11:50.028760,,,,,,,,,
2.103928409269429e-06,0.015096238814294338,2025-11-22 06:11:50.275963,,,,,,,,,
2.1452815417433158e-06,0.015255714766681194,2025-11-22 06:11:50.518169,,,,,,,,,
2.189474798797164e-06,0.015157452784478664,2025-11-22 06:11:50.756933,,,,,,,,,
2.2338367671181913e-06,0.015059751458466053,2025-11-22 06:11:50.998159,,,,,,,,,
2.2748415631212993e-06,0.015034821815788746,2025-11-22 06:11:51.244661,,,,,,,,,
2.3097743451216957e-06,0.015325034037232399,2025-11-22 06:11:51.486837,,,,,,,,,
2.3426307507179445e-06,0.015169915743172169,2025-11-22 06:11:51.730994,,,,,,,,,
2.375153144384967e-06,0.015242652036249638,2025-11-22 06:11:51.971806,,,,,,,,,
2.40312033383816e-06,0.01524716429412365,2025-11-22 06:11:52.213242,,,,,,,,,
2.424283138680039e-06,0.015282283537089825,2025-11-22 06:11:52.465351,,,,,,,,,
2.4410462629020913e-06,0.015092888846993446,2025-11-22 06:11:52.710046,,,,,,,,,
2.459271627230919e-06,0.015216001309454441,2025-11-22 06:11:52.939021,,,,,,,,,
2.4823530111461878e-06,0.014888947829604149,2025-11-22 06:11:53.180065,,,,,,,,,
2.5095921500906115e-06,0.014895562082529068,2025-11-22 06:11:53.426302,,,,,,,,,
2.5385058961546747e-06,0.014947750605642796,2025-11-22 06:11:53.672655,,,,,,,,,
2.5659569473646116e-06,0.015329995192587376,2025-11-22 06:11:53.924029,,,,,,,,,
2.591286602182663e-06,0.015369138680398464,2025-11-22 06:11:54.168555,,,,,,,,,
2.6079128474520985e-06,0.015302821062505245,2025-11-22 06:11:54.410067,,,,,,,,,
2.614170625747647e-06,0.01513260044157505,2025-11-22 06:11:54.668539,,,,,,,,,
2.6147708922508173e-06,0.015152830630540848,2025-11-22 06:11:54.898131,,,,,,,,,
2.6176903702435084e-06,0.015142889693379402,2025-11-22 06:11:55.141870,,,,,,,,,
2.637276566019864e-06,0.015030978247523308,2025-11-22 06:11:55.407051,,,,,,,,,
2.6731881916930433e-06,0.014951489865779877,2025-11-22 06:11:55.661163,,,,,,,,,
2.7208538995182607e-06,0.015244021080434322,2025-11-22 06:11:55.903405,,,,,,,,,
2.776780320346006e-06,0.015282934531569481,2025-11-22 06:11:56.129528,,,,,,,,,
2.8291874514252413e-06,0.015031445771455765,2025-11-22 06:11:56.371851,,,,,,,,,
2.8723088689730503e-06,0.014977265149354935,2025-11-22 06:11:56.616407,,,,,,,,,
2.909565182562801e-06,0.015008407644927502,2025-11-22 06:11:56.855857,,,,,,,,,
2.955838908746955e-06,0.015076669864356518,2025-11-22 06:11:57.103442,,,,,,,,,
3.0196740681276424e-06,0.015019059181213379,2025-11-22 06:11:57.351563,,,,,,,,,
3.088676749030128e-06,0.015076901763677597,2025-11-22 06:11:57.587433,,,,,,,,,
3.1473994113184744e-06,0.015239381231367588,2025-11-22 06:11:57.841370,,,,,,,,,
3.1924532777338754e-06,0.01529095508158207,2025-11-22 06:11:58.073794,,,,,,,,,
3.223520707251737e-06,0.015040683560073376,2025-11-22 06:11:58.324975,,,,,,,,,
3.243383162043756e-06,0.014940493740141392,2025-11-22 06:11:58.567848,,,,,,,,,
3.267007969043334e-06,0.015328985638916492,2025-11-22 06:11:58.798407,,,,,,,,,
3.309957492092508e-06,0.015066868625581264,2025-11-22 06:11:59.045761,,,,,,,,,
3.363455334692844e-06,0.015047723427414894,2025-11-22 06:11:59.289709,,,,,,,,,
3.409629925954505e-06,0.014929885976016521,2025-11-22 06:11:59.542022,,,,,,,,,
3.4402573874103837e-06,0.015013929456472397,2025-11-22 06:11:59.786146,,,,,,,,,
3.4591014355100924e-06,0.015122469514608383,2025-11-22 06:12:00.028672,,,,,,,,,
3.4783945466188015e-06,0.015406899154186249,2025-11-22 06:12:00.265029,,,,,,,,,
3.5140037653036416e-06,0.015199001878499985,2025-11-22 06:12:00.509643,,,,,,,,,
3.5537877920432948e-06,0.015217432752251625,2025-11-22 06:12:00.757323,,,,,,,,,
3.5861517062585335e-06,0.015180052258074284,2025-11-22 06:12:00.990144,,,,,,,,,
3.6129604268353432e-06,0.015161767601966858,2025-11-22 06:12:01.246381,,,,,,,,,
3.6392352740222123e-06,0.015124236233532429,2025-11-22 06:12:01.493003,,,,,,,,,
3.6778403682546923e-06,0.015229946002364159,2025-11-22 06:12:01.727984,,,,,,,,,
3.7351526316342643e-06,0.01507923100143671,2025-11-22 06:12:01.989214,,,,,,,,,
3.8013126868463587e-06,0.01512238010764122,2025-11-22 06:12:02.237213,,,,,,,,,
3.857457613776205e-06,0.015060440637171268,2025-11-22 06:12:02.468718,,,,,,,,,
3.899405783158727e-06,0.014927268959581852,2025-11-22 06:12:02.724983,,,,,,,,,
3.940197530027945e-06,0.014986157417297363,2025-11-22 06:12:02.963876,,,,,,,,,
3.987589479947928e-06,0.01496456190943718,2025-11-22 06:12:03.204161,,,,,,,,,
4.038826318719657e-06,0.015094393864274025,2025-11-22 06:12:03.452874,,,,,,,,,
4.09213271268527e-06,0.01504209078848362,2025-11-22 06:12:03.697618,,,,,,,,,
4.132414687774144e-06,0.01491168886423111,2025-11-22 06:12:03.954911,,,,,,,,,
4.163285211689072e-06,0.014964137226343155,2025-11-22 06:12:04.194935,,,,,,,,,
4.187900231045205e-06,0.015033071860671043,2025-11-22 06:12:04.446259,,,,,,,,,
4.202556738164276e-06,0.014950652606785297,2025-11-22 06:12:04.688377,,,,,,,,,
4.195927886030404e-06,0.015039116144180298,2025-11-22 06:12:04.928972,,,,,,,,,
4.168949089944363e-06,0.014992245472967625,2025-11-22 06:12:05.180584,,,,,,,,,
4.134297341806814e-06,0.01492949016392231,2025-11-22 06:12:05.418374,,,,,,,,,
4.111298949283082e-06,0.015061572194099426,2025-11-22 06:12:05.657761,,,,,,,,,
4.097290911886375e-06,0.015002165921032429,2025-11-22 06:12:05.899235,,,,,,,,,
4.078767688042717e-06,0.01486586406826973,2025-11-22 06:12:06.148658,,,,,,,,,
4.037293365399819e-06,0.015139954164624214,2025-11-22 06:12:06.386983,,,,,,,,,
3.970775196648901e-06,0.014969609677791595,2025-11-22 06:12:06.630939,,,,,,,,,
3.894650035363156e-06,0.014840800315141678,2025-11-22 06:12:06.875446,,,,,,,,,
3.829019078693818e-06,0.014913721941411495,2025-11-22 06:12:07.125797,,,,,,,,,
3.772905984078534e-06,0.014876477420330048,2025-11-22 06:12:07.368062,,,,,,,,,
3.735695827344898e-06,0.015055190771818161,2025-11-22 06:12:07.610867,,,,,,,,,
3.7055167467769934e-06,0.01458636112511158,2025-11-22 06:12:07.854346,,,,,,,,,
3.6698111216537654e-06,0.014663559384644032,2025-11-22 06:12:08.107861,,,,,,,,,
3.6341696159070125e-06,0.014911234378814697,2025-11-22 06:12:08.347555,,,,,,,,,
3.608246970543405e-06,0.014832764863967896,2025-11-22 06:12:08.590318,,,,,,,,,
3.600777745305095e-06,0.015230177901685238,2025-11-22 06:12:08.835280,,,,,,,,,
3.615862851802376e-06,0.014762994833290577,2025-11-22 06:12:09.078804,,,,,,,,,
3.635364691945142e-06,0.014745314605534077,2025-11-22 06:12:09.318116,,,,,,,,,
3.6496553548204247e-06,0.014589345082640648,2025-11-22 06:12:09.570924,,,,,,,,,
3.6619701404561056e-06,0.014852126128971577,2025-11-22 06:12:09.816512,,,,,,,,,
3.6990993521612836e-06,0.014831014908850193,2025-11-22 06:12:10.078410,,,,,,,,,
3.7729262203356484e-06,0.014714149758219719,2025-11-22 06:12:10.305057,,,,,,,,,
3.8717307688784786e-06,0.014553661458194256,2025-11-22 06:12:10.553300,,,,,,,,,
3.977044798375573e-06,0.014754831790924072,2025-11-22 06:12:10.796434,,,,,,,,,
4.081761289853603e-06,0.014681247062981129,2025-11-22 06:12:11.036331,,,,,,,,,
4.189328137726989e-06,0.01475492399185896,2025-11-22 06:12:11.290735,,,,,,,,,
4.312202690925915e-06,0.015006509609520435,2025-11-22 06:12:11.535360,,,,,,,,,
4.478661594475852e-06,0.014917674474418163,2025-11-22 06:12:11.783964,,,,,,,,,
4.6693221520399675e-06,0.014771324582397938,2025-11-22 06:12:12.019540,,,,,,,,,
4.87319084641058e-06,0.014851155690848827,2025-11-22 06:12:12.260613,,,,,,,,,
5.126868018123787e-06,0.014711499214172363,2025-11-22 06:12:12.504009,,,,,,,,,
5.3881844905845355e-06,0.014752956107258797,2025-11-22 06:12:12.744756,,,,,,,,,
5.636770310957218e-06,0.014630007557570934,2025-11-22 06:12:12.988313,,,,,,,,,
5.871901066711871e-06,0.01493980921804905,2025-11-22 06:12:13.231749,,,,,,,,,
6.132733687991276e-06,0.014661845751106739,2025-11-22 06:12:13.481095,,,,,,,,,
6.41346923657693e-06,0.01464989222586155,2025-11-22 06:12:13.721121,,,,,,,,,
6.7006194512941875e-06,0.014400990679860115,2025-11-22 06:12:13.958753,,,,,,,,,
6.958703579584835e-06,0.014490936882793903,2025-11-22 06:12:14.202347,,,,,,,,,
7.198485036497004e-06,0.014682515524327755,2025-11-22 06:12:14.454530,,,,,,,,,
7.424909654218936e-06,0.014382702298462391,2025-11-22 06:12:14.699621,,,,,,,,,
7.616822585987393e-06,0.014741221442818642,2025-11-22 06:12:14.935006,,,,,,,,,
7.814539458195213e-06,0.014637840911746025,2025-11-22 06:12:15.181373,,,,,,,,,
8.032326149987057e-06,0.014695070683956146,2025-11-22 06:12:15.429411,,,,,,,,,
8.284080649900716e-06,0.014607480727136135,2025-11-22 06:12:15.665606,,,,,,,,,
8.560578862670809e-06,0.014601598493754864,2025-11-22 06:12:15.909677,,,,,,,,,
8.838379471853841e-06,0.014442826621234417,2025-11-22 06:12:16.176720,,,,,,,,,
9.079213668883312e-06,0.014239881187677383,2025-11-22 06:12:16.422634,,,,,,,,,
9.330427019449417e-06,0.014527291990816593,2025-11-22 06:12:16.660854,,,,,,,,,
9.656386282586027e-06,0.01444498635828495,2025-11-22 06:12:16.902802,,,,,,,,,
1.0009011020883918e-05,0.014717711135745049,2025-11-22 06:12:17.157774,,,,,,,,,
1.0427830602566246e-05,0.014662900939583778,2025-11-22 06:12:17.396448,,,,,,,,,
1.0790604392241221e-05,0.014651304110884666,2025-11-22 06:12:17.660782,,,,,,,,,
1.117982992582256e-05,0.014666933566331863,2025-11-22 06:12:17.888253,,,,,,,,,
1.1654552508844063e-05,0.014625949785113335,2025-11-22 06:12:18.127940,,,,,,,,,
1.2192435860924888e-05,0.014433658681809902,2025-11-22 06:12:18.370886,,,,,,,,,
1.268575852009235e-05,0.014686360023915768,2025-11-22 06:12:18.611612,,,,,,,,,
1.3108183338772506e-05,0.014390082098543644,2025-11-22 06:12:18.857037,,,,,,,,,
1.3384957128437236e-05,0.01449095644056797,2025-11-22 06:12:19.126910,,,,,,,,,
1.3647619198309258e-05,0.014724602922797203,2025-11-22 06:12:19.349765,,,,,,,,,
1.4025272321305238e-05,0.014584553427994251,2025-11-22 06:12:19.606242,,,,,,,,,
1.4443224245042074e-05,0.014498231001198292,2025-11-22 06:12:19.843213,,,,,,,,,
1.4772721442568582e-05,0.014353958889842033,2025-11-22 06:12:20.092941,,,,,,,,,
1.5104468729987275e-05,0.014358025044202805,2025-11-22 06:12:20.324920,,,,,,,,,
1.5544726920779794e-05,0.014523496851325035,2025-11-22 06:12:20.569338,,,,,,,,,
1.6127587514347397e-05,0.014479330740869045,2025-11-22 06:12:20.822877,,,,,,,,,
1.6668078387738205e-05,0.014524762518703938,2025-11-22 06:12:21.068863,,,,,,,,,
1.7096943338401616e-05,0.014348650351166725,2025-11-22 06:12:21.304655,,,,,,,,,
1.7537888197693974e-05,0.01439718808978796,2025-11-22 06:12:21.550158,,,,,,,,,
1.8191834897152148e-05,0.014460925944149494,2025-11-22 06:12:21.791135,,,,,,,,,
1.926374898175709e-05,0.014486007392406464,2025-11-22 06:12:22.033043,,,,,,,,,
2.04928783205105e-05,0.014439922757446766,2025-11-22 06:12:22.287475,,,,,,,,,
2.176429370592814e-05,0.015236562117934227,2025-11-22 06:12:22.522346,,,,,,,,,
,,2025-11-22 06:12:22.574230,5.618878807764658e-06,0.014907332260109898,0.0015,,,,,,
,,2025-11-22 06:12:30.188292,,,,32.47312545776367,0.7976618409156799,,,,
,,2025-11-22 06:12:30.190473,,,,,,2.281653360114433e-05,0.014831440809827585,32.47312545776367,0.7976618409156799
2.281653360114433e-05,0.014749500900506973,2025-11-22 06:12:34.356643,,,,,,,,,
2.3849390345276333e-05,0.015368935652077198,2025-11-22 06:12:34.596570,,,,,,,,,
2.4323320758412592e-05,0.015170952305197716,2025-11-22 06:12:34.848163,,,,,,,,,
2.4657232643221505e-05,0.014721925370395184,2025-11-22 06:12:35.081764,,,,,,,,,
2.4521288651158102e-05,0.014614211395382881,2025-11-22 06:12:35.324509,,,,,,,,,
2.3887290808488615e-05,0.014508468098938465,2025-11-22 06:12:35.570671,,,,,,,,,
2.287953429913614e-05,0.014386767521500587,2025-11-22 06:12:35.822689,,,,,,,,,
2.1688594642910175e-05,0.014659336768090725,2025-11-22 06:12:36.054787,,,,,,,,,
2.0506271539488807e-05,0.014584495685994625,2025-11-22 06:12:36.305421,,,,,,,,,
1.92948409676319e-05,0.014616762287914753,2025-11-22 06:12:36.548302,,,,,,,,,
1.8089696823153645e-05,0.014552492648363113,2025-11-22 06:12:36.808064,,,,,,,,,
1.6874924767762423e-05,0.014654693193733692,2025-11-22 06:12:37.048464,,,,,,,,,
1.5676348994020373e-05,0.014544990845024586,2025-11-22 06:12:37.299078,,,,,,,,,
1.4535793525283225e-05,0.014561101794242859,2025-11-22 06:12:37.529750,,,,,,,,,
1.3519133062800393e-05,0.01444183848798275,2025-11-22 06:12:37.785285,,,,,,,,,
1.266934305022005e-05,0.014487383887171745,2025-11-22 06:12:38.020479,,,,,,,,,
1.1997482943115756e-05,0.014606746844947338,2025-11-22 06:12:38.267228,,,,,,,,,
1.1506572263897397e-05,0.014396685175597668,2025-11-22 06:12:38.506077,,,,,,,,,
1.1190873010491487e-05,0.014527265913784504,2025-11-22 06:12:38.747641,,,,,,,,,
1.1015516065526754e-05,0.01456461101770401,2025-11-22 06:12:39.000488,,,,,,,,,
1.0997508979926351e-05,0.014310354366898537,2025-11-22 06:12:39.235880,,,,,,,,,
1.1054770766349975e-05,0.01447653491050005,2025-11-22 06:12:39.481703,,,,,,,,,
1.1217566679988522e-05,0.014543149620294571,2025-11-22 06:12:39.718793,,,,,,,,,
1.1525547051860485e-05,0.01442963257431984,2025-11-22 06:12:39.984436,,,,,,,,,
1.2009511010546703e-05,0.014262828975915909,2025-11-22 06:12:40.219266,,,,,,,,,
1.259270266018575e-05,0.01437854953110218,2025-11-22 06:12:40.462806,,,,,,,,,
1.330840586888371e-05,0.014420539140701294,2025-11-22 06:12:40.709865,,,,,,,,,
1.4196188203641213e-05,0.01424025185406208,2025-11-22 06:12:40.953132,,,,,,,,,
1.5148269085329957e-05,0.014204013161361217,2025-11-22 06:12:41.198603,,,,,,,,,
1.6205955034820363e-05,0.014369268901646137,2025-11-22 06:12:41.445121,,,,,,,,,
1.7388259948347695e-05,0.014290785416960716,2025-11-22 06:12:41.687364,,,,,,,,,
1.872207212727517e-05,0.014210195280611515,2025-11-22 06:12:41.928292,,,,,,,,,
2.0101284462725744e-05,0.014393727295100689,2025-11-22 06:12:42.168858,,,,,,,,,
2.152088018192444e-05,0.01420503482222557,2025-11-22 06:12:42.414447,,,,,,,,,
2.2888110834173858e-05,0.014250569976866245,2025-11-22 06:12:42.661265,,,,,,,,,
2.4406928787357174e-05,0.014085257425904274,2025-11-22 06:12:42.895192,,,,,,,,,
2.6040450393338688e-05,0.014181685633957386,2025-11-22 06:12:43.139027,,,,,,,,,
2.8006381398881786e-05,0.01422591507434845,2025-11-22 06:12:43.385741,,,,,,,,,
2.995751674461644e-05,0.01393604651093483,2025-11-22 06:12:43.631589,,,,,,,,,
3.167049726471305e-05,0.014361068606376648,2025-11-22 06:12:43.879764,,,,,,,,,
3.3128402719739825e-05,0.013995868153870106,2025-11-22 06:12:44.124411,,,,,,,,,
3.4350119676673785e-05,0.01406982634216547,2025-11-22 06:12:44.366583,,,,,,,,,
3.579317854018882e-05,0.013919482938945293,2025-11-22 06:12:44.610458,,,,,,,,,
3.748098970390856e-05,0.013977335765957832,2025-11-22 06:12:44.858590,,,,,,,,,
3.9440412365365773e-05,0.013943958096206188,2025-11-22 06:12:45.093831,,,,,,,,,
4.12546141888015e-05,0.013904775492846966,2025-11-22 06:12:45.339908,,,,,,,,,
4.2851166654145345e-05,0.013829359784722328,2025-11-22 06:12:45.598191,,,,,,,,,
4.3413660023361444e-05,0.0138214947655797,2025-11-22 06:12:45.823786,,,,,,,,,
4.3893593101529405e-05,0.013931832276284695,2025-11-22 06:12:46.068306,,,,,,,,,
4.4213596993358806e-05,0.013780158013105392,2025-11-22 06:12:46.309125,,,,,,,,,
4.502363663050346e-05,0.013701440766453743,2025-11-22 06:12:46.554875,,,,,,,,,
4.584027192322537e-05,0.013646960258483887,2025-11-22 06:12:46.797191,,,,,,,,,
4.634018841898069e-05,0.01363640557974577,2025-11-22 06:12:47.040333,,,,,,,,,
4.6520148316631094e-05,0.013580814003944397,2025-11-22 06:12:47.287563,,,,,,,,,
4.616694786818698e-05,0.013573231175541878,2025-11-22 06:12:47.529374,,,,,,,,,
4.591758261085488e-05,0.013564676977694035,2025-11-22 06:12:47.772421,,,,,,,,,
4.636493758880533e-05,0.013720143586397171,2025-11-22 06:12:48.012939,,,,,,,,,
4.6400349674513564e-05,0.013424089178442955,2025-11-22 06:12:48.257071,,,,,,,,,
4.578914740704931e-05,0.013437467627227306,2025-11-22 06:12:48.500464,,,,,,,,,
4.522015296970494e-05,0.01344418153166771,2025-11-22 06:12:48.756911,,,,,,,,,
4.5046061131870374e-05,0.013369573280215263,2025-11-22 06:12:48.996353,,,,,,,,,
4.594147321768105e-05,0.013394221663475037,2025-11-22 06:12:49.233148,,,,,,,,,
4.654680014937185e-05,0.013492687605321407,2025-11-22 06:12:49.480363,,,,,,,,,
4.570705277728848e-05,0.013499796390533447,2025-11-22 06:12:49.723685,,,,,,,,,
4.461631033336744e-05,0.013260799460113049,2025-11-22 06:12:49.961817,,,,,,,,,
4.3623811507131904e-05,0.013398051261901855,2025-11-22 06:12:50.206464,,,,,,,,,
4.203291973681189e-05,0.013329069130122662,2025-11-22 06:12:50.455719,,,,,,,,,
4.058568811160512e-05,0.013316486030817032,2025-11-22 06:12:50.697744,,,,,,,,,
3.962577466154471e-05,0.01324661634862423,2025-11-22 06:12:50.950412,,,,,,,,,
3.8571371987927705e-05,0.01301365066319704,2025-11-22 06:12:51.204102,,,,,,,,,
3.915119668818079e-05,0.013035175390541553,2025-11-22 06:12:51.442892,,,,,,,,,
4.1313764086226e-05,0.013144112192094326,2025-11-22 06:12:51.691817,,,,,,,,,
4.4274016545386985e-05,0.012845848686993122,2025-11-22 06:12:51.925901,,,,,,,,,
4.766436177305877e-05,0.012635708786547184,2025-11-22 06:12:52.189892,,,,,,,,,
5.1770566642517224e-05,0.012469299137592316,2025-11-22 06:12:52.424848,,,,,,,,,
5.7009976444533095e-05,0.012375433929264545,2025-11-22 06:12:52.668078,,,,,,,,,
6.384045991580933e-05,0.011888647451996803,2025-11-22 06:12:52.935377,,,,,,,,,
7.025955710560083e-05,0.01182000432163477,2025-11-22 06:12:53.172719,,,,,,,,,
7.224771979963407e-05,0.011975614354014397,2025-11-22 06:12:53.410184,,,,,,,,,
7.636004738742486e-05,0.011296633630990982,2025-11-22 06:12:53.668236,,,,,,,,,
8.717252057977021e-05,0.010924219153821468,2025-11-22 06:12:53.907656,,,,,,,,,
9.511502867098898e-05,0.010763589292764664,2025-11-22 06:12:54.170066,,,,,,,,,
8.599636930739507e-05,0.011044736951589584,2025-11-22 06:12:54.397139,,,,,,,,,
9.252204472431913e-05,0.01069431472569704,2025-11-22 06:12:54.641168,,,,,,,,,
9.340277756564319e-05,0.010452217422425747,2025-11-22 06:12:54.882779,,,,,,,,,
8.463914127787575e-05,0.010077438317239285,2025-11-22 06:12:55.139933,,,,,,,,,
8.265218639280647e-05,0.009993390180170536,2025-11-22 06:12:55.374958,,,,,,,,,
8.28612974146381e-05,0.009715044870972633,2025-11-22 06:12:55.618687,,,,,,,,,
7.685837044846267e-05,0.009999468922615051,2025-11-22 06:12:55.862593,,,,,,,,,
8.295675797853619e-05,0.00986948050558567,2025-11-22 06:12:56.111180,,,,,,,,,
9.560534817865118e-05,0.009915702044963837,2025-11-22 06:12:56.356428,,,,,,,,,
9.329579916084185e-05,0.0097885150462389,2025-11-22 06:12:56.603075,,,,,,,,,
7.560173980891705e-05,0.01063668541610241,2025-11-22 06:12:56.847704,,,,,,,,,
0.00010637255036272109,0.009705851785838604,2025-11-22 06:12:57.088746,,,,,,,,,
0.00015414610970765352,0.01005268283188343,2025-11-22 06:12:57.332676,,,,,,,,,
0.0001411937118973583,0.010130616836249828,2025-11-22 06:12:57.584201,,,,,,,,,
8.43903180793859e-05,0.009903431870043278,2025-11-22 06:12:57.823634,,,,,,,,,
7.083864329615608e-05,0.009195969440042973,2025-11-22 06:12:58.071611,,,,,,,,,
7.779640145599842e-05,0.010153878480196,2025-11-22 06:12:58.309477,,,,,,,,,
6.155429582577199e-05,0.010498209856450558,2025-11-22 06:12:58.549480,,,,,,,,,
7.470986747648567e-05,0.009995781816542149,2025-11-22 06:12:58.798022,,,,,,,,,
0.00011234415433136746,0.009185539558529854,2025-11-22 06:12:59.035690,,,,,,,,,
0.00012100318417651579,0.009189281612634659,2025-11-22 06:12:59.294981,,,,,,,,,
0.00010176081559620798,0.00887498538941145,2025-11-22 06:12:59.534845,,,,,,,,,
8.235228597186506e-05,0.009034225717186928,2025-11-22 06:12:59.786956,,,,,,,,,
7.23139091860503e-05,0.009139005094766617,2025-11-22 06:13:00.021547,,,,,,,,,
7.395330612780526e-05,0.009593206457793713,2025-11-22 06:13:00.276910,,,,,,,,,
7.74267318774946e-05,0.009880435653030872,2025-11-22 06:13:00.527002,,,,,,,,,
0.00011369914864189923,0.009192569181323051,2025-11-22 06:13:00.777373,,,,,,,,,
0.00016289594350382686,0.008886017836630344,2025-11-22 06:13:01.021843,,,,,,,,,
0.00013770877558272332,0.008436087518930435,2025-11-22 06:13:01.258657,,,,,,,,,
0.00010375372221460566,0.008875482715666294,2025-11-22 06:13:01.507799,,,,,,,,,
9.035062976181507e-05,0.009207602590322495,2025-11-22 06:13:01.747061,,,,,,,,,
8.738333417568356e-05,0.008903109468519688,2025-11-22 06:13:01.992190,,,,,,,,,
8.572910155635327e-05,0.009315996430814266,2025-11-22 06:13:02.237400,,,,,,,,,
7.633406494278461e-05,0.011398826725780964,2025-11-22 06:13:02.491210,,,,,,,,,
9.539186430629343e-05,0.007914234884083271,2025-11-22 06:13:02.736085,,,,,,,,,
0.00010868554090848193,0.009141220711171627,2025-11-22 06:13:02.983000,,,,,,,,,
0.00010576331260381266,0.008863616734743118,2025-11-22 06:13:03.228314,,,,,,,,,
8.676375000504777e-05,0.008533531799912453,2025-11-22 06:13:03.471243,,,,,,,,,
7.870041736168787e-05,0.00926638301461935,2025-11-22 06:13:03.721952,,,,,,,,,
8.800747309578583e-05,0.009285575710237026,2025-11-22 06:13:03.973056,,,,,,,,,
0.00012561991752590984,0.00901768822222948,2025-11-22 06:13:04.209773,,,,,,,,,
0.00015423739387188107,0.009082399308681488,2025-11-22 06:13:04.455258,,,,,,,,,
0.00014621343871112913,0.008777069859206676,2025-11-22 06:13:04.699987,,,,,,,,,
0.00012066262570442632,0.008482025004923344,2025-11-22 06:13:04.952260,,,,,,,,,
9.632914589019492e-05,0.009066407568752766,2025-11-22 06:13:05.197488,,,,,,,,,
8.230606908909976e-05,0.008643834851682186,2025-11-22 06:13:05.434061,,,,,,,,,
8.130289643304422e-05,0.00810367800295353,2025-11-22 06:13:05.680292,,,,,,,,,
8.854125189827755e-05,0.00857948325574398,2025-11-22 06:13:05.924454,,,,,,,,,
9.943720942828804e-05,0.008478464558720589,2025-11-22 06:13:06.180258,,,,,,,,,
9.824041626416147e-05,0.007946839556097984,2025-11-22 06:13:06.412375,,,,,,,,,
8.674152195453644e-05,0.008717370219528675,2025-11-22 06:13:06.673917,,,,,,,,,
8.918514504330233e-05,0.007965573109686375,2025-11-22 06:13:06.903508,,,,,,,,,
9.986105578718707e-05,0.008981085382401943,2025-11-22 06:13:07.164565,,,,,,,,,
0.00010192867193836719,0.008855652995407581,2025-11-22 06:13:07.400310,,,,,,,,,
0.00010991073941113427,0.00856331642717123,2025-11-22 06:13:07.652927,,,,,,,,,
0.00011676715075736865,0.007665006443858147,2025-11-22 06:13:07.898434,,,,,,,,,
0.00010853522690013051,0.008898027241230011,2025-11-22 06:13:08.137110,,,,,,,,,
9.303053229814395e-05,0.008619846776127815,2025-11-22 06:13:08.387771,,,,,,,,,
8.217472350224853e-05,0.008621309883892536,2025-11-22 06:13:08.627259,,,,,,,,,
8.080012776190415e-05,0.008006859570741653,2025-11-22 06:13:08.877821,,,,,,,,,
8.836564666125923e-05,0.008692566305398941,2025-11-22 06:13:09.119228,,,,,,,,,
9.257673809770495e-05,0.008456521667540073,2025-11-22 06:13:09.367117,,,,,,,,,
,,2025-11-22 06:13:09.442787,6.104736950065772e-05,0.011833713150634948,0.0015,,,,,,
,,2025-11-22 06:13:17.513203,,,,26.750425338745117,3.464001178741455,,,,
,,2025-11-22 06:13:17.514766,,,,,,8.521569151735793e-05,0.008033716764587622,26.750425338745117,3.464001178741455
8.521568815922365e-05,0.008120544254779816,2025-11-22 06:13:21.676071,,,,,,,,,
8.336328028235584e-05,0.007775832898914814,2025-11-22 06:13:21.917679,,,,,,,,,
9.03828113223426e-05,0.007910540327429771,2025-11-22 06:13:22.159551,,,,,,,,,
9.764275455381721e-05,0.008631937205791473,2025-11-22 06:13:22.411348,,,,,,,,,
9.43648919928819e-05,0.007801125757396221,2025-11-22 06:13:22.650725,,,,,,,,,
9.403607691638172e-05,0.007862875238060951,2025-11-22 06:13:22.893148,,,,,,,,,
0.00010251576168229803,0.008881757967174053,2025-11-22 06:13:23.138692,,,,,,,,,
0.00011088357132393867,0.007639959454536438,2025-11-22 06:13:23.392911,,,,,,,,,
0.00010730383655754849,0.00773700000718236,2025-11-22 06:13:23.641767,,,,,,,,,
9.696865890873596e-05,0.00833976548165083,2025-11-22 06:13:23.894586,,,,,,,,,
9.113065607380122e-05,0.008679141290485859,2025-11-22 06:13:24.130220,,,,,,,,,
9.005161700770259e-05,0.007910765707492828,2025-11-22 06:13:24.373395,,,,,,,,,
9.446411422686651e-05,0.007719925604760647,2025-11-22 06:13:24.630239,,,,,,,,,
9.539103484712541e-05,0.0076138935983181,2025-11-22 06:13:24.888116,,,,,,,,,
8.970830822363496e-05,0.00810169242322445,2025-11-22 06:13:25.122325,,,,,,,,,
8.718635217519477e-05,0.007911691442131996,2025-11-22 06:13:25.360782,,,,,,,,,
8.849269215716049e-05,0.007810575887560844,2025-11-22 06:13:25.611463,,,,,,,,,
9.018229320645332e-05,0.007402030751109123,2025-11-22 06:13:25.859873,,,,,,,,,
9.14517295313999e-05,0.007904344238340855,2025-11-22 06:13:26.098947,,,,,,,,,
8.821704250294715e-05,0.008584692142903805,2025-11-22 06:13:26.339919,,,,,,,,,
8.794550376478583e-05,0.007949601858854294,2025-11-22 06:13:26.611290,,,,,,,,,
8.65412293933332e-05,0.007747956085950136,2025-11-22 06:13:26.828252,,,,,,,,,
8.222269389079884e-05,0.008046995848417282,2025-11-22 06:13:27.074373,,,,,,,,,
7.739324064459652e-05,0.008199000731110573,2025-11-22 06:13:27.326796,,,,,,,,,
8.251459803432226e-05,0.00841432437300682,2025-11-22 06:13:27.593322,,,,,,,,,
9.788176976144314e-05,0.00790808442980051,2025-11-22 06:13:27.821322,,,,,,,,,
0.00010887224198086187,0.007152480073273182,2025-11-22 06:13:28.061649,,,,,,,,,
0.00010035512241302058,0.007959447801113129,2025-11-22 06:13:28.306484,,,,,,,,,
9.217407932737842e-05,0.008038891479372978,2025-11-22 06:13:28.550481,,,,,,,,,
8.938041719375178e-05,0.008190345950424671,2025-11-22 06:13:28.795396,,,,,,,,,
9.954443521564826e-05,0.00746363727375865,2025-11-22 06:13:29.041033,,,,,,,,,
0.00010580931848380715,0.007827356457710266,2025-11-22 06:13:29.284685,,,,,,,,,
9.756695362739265e-05,0.007917807437479496,2025-11-22 06:13:29.540127,,,,,,,,,
9.516711725154892e-05,0.008293365128338337,2025-11-22 06:13:29.792508,,,,,,,,,
0.00010941681830445305,0.008325415663421154,2025-11-22 06:13:30.034913,,,,,,,,,
0.00011970406194450334,0.007321080192923546,2025-11-22 06:13:30.270223,,,,,,,,,
9.203662921208888e-05,0.007972204126417637,2025-11-22 06:13:30.519278,,,,,,,,,
7.349609222728759e-05,0.007977896369993687,2025-11-22 06:13:30.758585,,,,,,,,,
7.259822450578213e-05,0.008672116324305534,2025-11-22 06:13:31.007061,,,,,,,,,
8.335516758961603e-05,0.007435463834553957,2025-11-22 06:13:31.256683,,,,,,,,,
0.00010134462354471907,0.008335261605679989,2025-11-22 06:13:31.497967,,,,,,,,,
0.00010925817332463339,0.008154340088367462,2025-11-22 06:13:31.739147,,,,,,,,,
0.0001023237346089445,0.0075975945219397545,2025-11-22 06:13:31.982985,,,,,,,,,
8.958946273196489e-05,0.007684564217925072,2025-11-22 06:13:32.226958,,,,,,,,,
8.304892980959266e-05,0.008233400993049145,2025-11-22 06:13:32.473921,,,,,,,,,
8.567447366658598e-05,0.007807058747857809,2025-11-22 06:13:32.718917,,,,,,,,,
8.761355275055394e-05,0.007796200457960367,2025-11-22 06:13:32.967129,,,,,,,,,
9.582905477145687e-05,0.00798273179680109,2025-11-22 06:13:33.218816,,,,,,,,,
0.00010346509225200862,0.007600963581353426,2025-11-22 06:13:33.462861,,,,,,,,,
9.6512732852716e-05,0.007545834872871637,2025-11-22 06:13:33.700533,,,,,,,,,
9.033818787429482e-05,0.007709089666604996,2025-11-22 06:13:33.947001,,,,,,,,,
8.149767381837592e-05,0.007924162782728672,2025-11-22 06:13:34.202047,,,,,,,,,
7.767330680508167e-05,0.007958878763020039,2025-11-22 06:13:34.454755,,,,,,,,,
8.45769900479354e-05,0.007558124139904976,2025-11-22 06:13:34.686489,,,,,,,,,
9.643928933655843e-05,0.007907525636255741,2025-11-22 06:13:34.934047,,,,,,,,,
0.00010217288945568725,0.008322090841829777,2025-11-22 06:13:35.202023,,,,,,,,,
9.295056224800646e-05,0.007908083498477936,2025-11-22 06:13:35.440434,,,,,,,,,
8.43885718495585e-05,0.007347788196057081,2025-11-22 06:13:35.697970,,,,,,,,,
8.405667176702991e-05,0.007844975218176842,2025-11-22 06:13:35.939539,,,,,,,,,
8.998634439194575e-05,0.007222226820886135,2025-11-22 06:13:36.175813,,,,,,,,,
8.681202598381788e-05,0.007233235519379377,2025-11-22 06:13:36.430704,,,,,,,,,
8.358040213352069e-05,0.007379934191703796,2025-11-22 06:13:36.680650,,,,,,,,,
8.56888946145773e-05,0.007003693375736475,2025-11-22 06:13:36.924134,,,,,,,,,
8.995789539767429e-05,0.007502430584281683,2025-11-22 06:13:37.161188,,,,,,,,,
8.831841114442796e-05,0.008187887258827686,2025-11-22 06:13:37.406828,,,,,,,,,
8.631337550468743e-05,0.007187077309936285,2025-11-22 06:13:37.673090,,,,,,,,,
8.778059418546036e-05,0.007376719266176224,2025-11-22 06:13:37.905326,,,,,,,,,
9.449218487134203e-05,0.007855641655623913,2025-11-22 06:13:38.147007,,,,,,,,,
9.23384286579676e-05,0.007652731612324715,2025-11-22 06:13:38.392954,,,,,,,,,
9.378322283737361e-05,0.007792722433805466,2025-11-22 06:13:38.639598,,,,,,,,,
9.68977838056162e-05,0.007877555675804615,2025-11-22 06:13:38.900818,,,,,,,,,
9.00997401913628e-05,0.007055508438497782,2025-11-22 06:13:39.131383,,,,,,,,,
8.472107583656907e-05,0.007121486123651266,2025-11-22 06:13:39.377972,,,,,,,,,
8.453134796582162e-05,0.0070330617018043995,2025-11-22 06:13:39.633770,,,,,,,,,
8.423092367593199e-05,0.007273800205439329,2025-11-22 06:13:39.871971,,,,,,,,,
8.9821289293468e-05,0.007121507078409195,2025-11-22 06:13:40.125025,,,,,,,,,
9.177088213618845e-05,0.007566301617771387,2025-11-22 06:13:40.377032,,,,,,,,,
9.166860400000587e-05,0.007337853312492371,2025-11-22 06:13:40.611058,,,,,,,,,
8.80689694895409e-05,0.00787790585309267,2025-11-22 06:13:40.863357,,,,,,,,,
8.724164945306256e-05,0.007412515580654144,2025-11-22 06:13:41.107878,,,,,,,,,
8.945231093093753e-05,0.007044064812362194,2025-11-22 06:13:41.350881,,,,,,,,,
8.981719292933121e-05,0.00752079114317894,2025-11-22 06:13:41.597374,,,,,,,,,
8.753017755225301e-05,0.007746077608317137,2025-11-22 06:13:41.842954,,,,,,,,,
8.933443314163014e-05,0.007505292072892189,2025-11-22 06:13:42.088032,,,,,,,,,
9.886638872558251e-05,0.007578367367386818,2025-11-22 06:13:42.341675,,,,,,,,,
0.00010118795034941286,0.006712575443089008,2025-11-22 06:13:42.592113,,,,,,,,,
8.778814662946388e-05,0.0073112924583256245,2025-11-22 06:13:42.826154,,,,,,,,,
8.34293314255774e-05,0.007723998744040728,2025-11-22 06:13:43.074676,,,,,,,,,
8.839095244184136e-05,0.007585927378386259,2025-11-22 06:13:43.318817,,,,,,,,,
8.54705722304061e-05,0.007524251006543636,2025-11-22 06:13:43.578013,,,,,,,,,
9.20649035833776e-05,0.00705712428316474,2025-11-22 06:13:43.812739,,,,,,,,,
0.00010591198224574327,0.006753823719918728,2025-11-22 06:13:44.054548,,,,,,,,,
0.00010522849333938211,0.007838028483092785,2025-11-22 06:13:44.301768,,,,,,,,,
0.00011342525249347091,0.007250857539474964,2025-11-22 06:13:44.550958,,,,,,,,,
0.00011771213030442595,0.00743589922785759,2025-11-22 06:13:44.796016,,,,,,,,,
0.00010352057870477438,0.007089800667017698,2025-11-22 06:13:45.037994,,,,,,,,,
8.431281457887962e-05,0.007775893900543451,2025-11-22 06:13:45.288363,,,,,,,,,
7.500858919229358e-05,0.00789529737085104,2025-11-22 06:13:45.533420,,,,,,,,,
7.465895032510161e-05,0.007202659267932177,2025-11-22 06:13:45.784855,,,,,,,,,
7.83446230343543e-05,0.007296243216842413,2025-11-22 06:13:46.027769,,,,,,,,,
9.893608512356877e-05,0.007602198980748653,2025-11-22 06:13:46.288963,,,,,,,,,
0.00012392114149406552,0.007583574391901493,2025-11-22 06:13:46.528979,,,,,,,,,
0.00012201304343761876,0.007711153943091631,2025-11-22 06:13:46.789256,,,,,,,,,
0.00011309088586131111,0.007824267260730267,2025-11-22 06:13:47.020981,,,,,,,,,
0.00010786148050101474,0.007351386826485395,2025-11-22 06:13:47.263607,,,,,,,,,
0.00011154048843309283,0.007201700937002897,2025-11-22 06:13:47.512665,,,,,,,,,
0.00011827086564153433,0.007864614017307758,2025-11-22 06:13:47.764026,,,,,,,,,
0.00010710375499911606,0.007541263941675425,2025-11-22 06:13:48.005836,,,,,,,,,
8.466136932838708e-05,0.00747065432369709,2025-11-22 06:13:48.252140,,,,,,,,,
7.47766243875958e-05,0.0074678645469248295,2025-11-22 06:13:48.495499,,,,,,,,,
8.105956658255309e-05,0.00706024793908,2025-11-22 06:13:48.741757,,,,,,,,,
7.943095988593996e-05,0.0075675020925700665,2025-11-22 06:13:48.994957,,,,,,,,,
7.638343959115446e-05,0.007723916321992874,2025-11-22 06:13:49.232280,,,,,,,,,
7.994429324753582e-05,0.007173918187618256,2025-11-22 06:13:49.490185,,,,,,,,,
8.344618981936947e-05,0.007260076701641083,2025-11-22 06:13:49.734061,,,,,,,,,
8.2352664321661e-05,0.007188877090811729,2025-11-22 06:13:49.985210,,,,,,,,,
8.414819603785872e-05,0.007243296131491661,2025-11-22 06:13:50.233896,,,,,,,,,
8.331012213602662e-05,0.007566515356302261,2025-11-22 06:13:50.473743,,,,,,,,,
8.660240564495325e-05,0.007401986978948116,2025-11-22 06:13:50.715696,,,,,,,,,
8.67704366100952e-05,0.007003202568739653,2025-11-22 06:13:50.962584,,,,,,,,,
8.062677807174623e-05,0.007321666460484266,2025-11-22 06:13:51.208283,,,,,,,,,
8.124560554279014e-05,0.0073813749477267265,2025-11-22 06:13:51.465140,,,,,,,,,
9.257495548808947e-05,0.007153308484703302,2025-11-22 06:13:51.713480,,,,,,,,,
0.00010224361903965473,0.007110048551112413,2025-11-22 06:13:51.959879,,,,,,,,,
9.598422184353694e-05,0.00699528818950057,2025-11-22 06:13:52.210113,,,,,,,,,
8.585127216065302e-05,0.007258649915456772,2025-11-22 06:13:52.453666,,,,,,,,,
8.688409434398636e-05,0.00727383466437459,2025-11-22 06:13:52.708572,,,,,,,,,
8.98147263797e-05,0.007388370111584663,2025-11-22 06:13:52.956420,,,,,,,,,
9.082281030714512e-05,0.007298415061086416,2025-11-22 06:13:53.207819,,,,,,,,,
9.379089897265658e-05,0.006948838010430336,2025-11-22 06:13:53.444446,,,,,,,,,
9.283050167141482e-05,0.007393986452370882,2025-11-22 06:13:53.704927,,,,,,,,,
9.204952948493883e-05,0.007549842819571495,2025-11-22 06:13:53.939439,,,,,,,,,
8.960466220742092e-05,0.007263891398906708,2025-11-22 06:13:54.186738,,,,,,,,,
9.109316306421533e-05,0.0068138036876916885,2025-11-22 06:13:54.439581,,,,,,,,,
9.535221761325374e-05,0.007265049032866955,2025-11-22 06:13:54.683513,,,,,,,,,
9.618460899218917e-05,0.0073547037318348885,2025-11-22 06:13:54.927736,,,,,,,,,
9.388940088683739e-05,0.006729636806994677,2025-11-22 06:13:55.177092,,,,,,,,,
9.213083831127733e-05,0.00719242449849844,2025-11-22 06:13:55.434459,,,,,,,,,
9.349493484478444e-05,0.007238059304654598,2025-11-22 06:13:55.670891,,,,,,,,,
9.218995546689257e-05,0.006880863104015589,2025-11-22 06:13:55.921190,,,,,,,,,
9.441864676773548e-05,0.00708024064078927,2025-11-22 06:13:56.165029,,,,,,,,,
0.00010124804975930601,0.007234806194901466,2025-11-22 06:13:56.418920,,,,,,,,,
9.637247421778738e-05,0.007402491755783558,2025-11-22 06:13:56.655871,,,,,,,,,
0.00010040165216196328,0.007750724442303181,2025-11-22 06:13:56.907005,,,,,,,,,
,,2025-11-22 06:13:56.999743,9.234698826629837e-05,0.007599866881112878,0.0015,,,,,,
,,2025-11-22 06:14:04.450682,,,,25.657045364379883,4.267375946044922,,,,
,,2025-11-22 06:14:04.452042,,,,,,0.0001096119079962731,0.006678654471985423,25.657045364379883,4.267375946044922
0.00010961190855596215,0.006376430857926607,2025-11-22 06:14:09.194404,,,,,,,,,
9.891959780361503e-05,0.007152501959353685,2025-11-22 06:14:09.444569,,,,,,,,,
8.245059143519029e-05,0.007402582094073296,2025-11-22 06:14:09.678804,,,,,,,,,
8.20424102130346e-05,0.007344367913901806,2025-11-22 06:14:09.927465,,,,,,,,,
9.683050302555785e-05,0.006346500013023615,2025-11-22 06:14:10.173895,,,,,,,,,
9.076203423319384e-05,0.007097267080098391,2025-11-22 06:14:10.421952,,,,,,,,,
8.196912676794454e-05,0.007483926136046648,2025-11-22 06:14:10.682241,,,,,,,,,
8.284547220682725e-05,0.0074729276821017265,2025-11-22 06:14:10.928394,,,,,,,,,
8.786686521489173e-05,0.007414533291012049,2025-11-22 06:14:11.177738,,,,,,,,,
9.309312008554116e-05,0.0071013569831848145,2025-11-22 06:14:11.417824,,,,,,,,,
0.00010224564175587147,0.007187599781900644,2025-11-22 06:14:11.671639,,,,,,,,,
0.00010617019142955542,0.007223582360893488,2025-11-22 06:14:11.906470,,,,,,,,,
0.0001009427141980268,0.007124659605324268,2025-11-22 06:14:12.155993,,,,,,,,,
9.83812496997416e-05,0.007453060708940029,2025-11-22 06:14:12.412169,,,,,,,,,
0.00010352666140533984,0.006637211889028549,2025-11-22 06:14:12.655998,,,,,,,,,
9.450439392821863e-05,0.007197740487754345,2025-11-22 06:14:12.903261,,,,,,,,,
8.924632129492238e-05,0.006876842118799686,2025-11-22 06:14:13.142987,,,,,,,,,
8.932001946959645e-05,0.006899290718138218,2025-11-22 06:14:13.400070,,,,,,,,,
8.605486073065549e-05,0.006796543952077627,2025-11-22 06:14:13.650665,,,,,,,,,
8.871914178598672e-05,0.006725480314344168,2025-11-22 06:14:13.882194,,,,,,,,,
9.512605902273208e-05,0.006668260786682367,2025-11-22 06:14:14.126480,,,,,,,,,
9.314499766333029e-05,0.006945294328033924,2025-11-22 06:14:14.385032,,,,,,,,,
8.991582581074908e-05,0.007432963233441114,2025-11-22 06:14:14.618477,,,,,,,,,
9.573829447617754e-05,0.006971771363168955,2025-11-22 06:14:14.864763,,,,,,,,,
9.763974958332255e-05,0.006792656145989895,2025-11-22 06:14:15.108338,,,,,,,,,
9.312646579928696e-05,0.0064629758708179,2025-11-22 06:14:15.374163,,,,,,,,,
8.599062857683748e-05,0.007113642059266567,2025-11-22 06:14:15.600494,,,,,,,,,
8.431347669102252e-05,0.007151962257921696,2025-11-22 06:14:15.878834,,,,,,,,,
7.851533155189827e-05,0.007585928309708834,2025-11-22 06:14:16.106825,,,,,,,,,
8.283182978630066e-05,0.0071034603752195835,2025-11-22 06:14:16.344015,,,,,,,,,
9.67705636867322e-05,0.007251819595694542,2025-11-22 06:14:16.605922,,,,,,,,,
9.368432074552402e-05,0.0064354813657701015,2025-11-22 06:14:16.834494,,,,,,,,,
8.989281923277304e-05,0.006682196166366339,2025-11-22 06:14:17.078930,,,,,,,,,
8.981060818769038e-05,0.0069952718913555145,2025-11-22 06:14:17.322841,,,,,,,,,
9.228816634276882e-05,0.0067947800271213055,2025-11-22 06:14:17.568150,,,,,,,,,
8.763578807702288e-05,0.00678779324516654,2025-11-22 06:14:17.815659,,,,,,,,,
8.492505003232509e-05,0.007295732386410236,2025-11-22 06:14:18.059374,,,,,,,,,
9.155341103905812e-05,0.007134018465876579,2025-11-22 06:14:18.309565,,,,,,,,,
9.821850107982755e-05,0.007154365070164204,2025-11-22 06:14:18.551172,,,,,,,,,
9.732026228448376e-05,0.00684652803465724,2025-11-22 06:14:18.802087,,,,,,,,,
8.794580935500562e-05,0.006510936189442873,2025-11-22 06:14:19.038657,,,,,,,,,
8.728635293664411e-05,0.007236750330775976,2025-11-22 06:14:19.284823,,,,,,,,,
9.691801824374124e-05,0.006823549512773752,2025-11-22 06:14:19.534162,,,,,,,,,
0.00010564317926764488,0.00632724491879344,2025-11-22 06:14:19.776291,,,,,,,,,
9.81192642939277e-05,0.007094798143953085,2025-11-22 06:14:20.027701,,,,,,,,,
9.280961967306212e-05,0.007697787135839462,2025-11-22 06:14:20.275430,,,,,,,,,
9.27733417483978e-05,0.007000004407018423,2025-11-22 06:14:20.513949,,,,,,,,,
9.167681855615228e-05,0.006606416776776314,2025-11-22 06:14:20.766765,,,,,,,,,
9.069895895663649e-05,0.006366322282701731,2025-11-22 06:14:21.008785,,,,,,,,,
9.364607831230387e-05,0.007175861392170191,2025-11-22 06:14:21.252389,,,,,,,,,
9.522709297016263e-05,0.006851533427834511,2025-11-22 06:14:21.508466,,,,,,,,,
8.869944576872513e-05,0.007569679990410805,2025-11-22 06:14:21.758295,,,,,,,,,
0.00010673237557057291,0.006882530637085438,2025-11-22 06:14:22.015014,,,,,,,,,
0.00015304159023799002,0.006505589000880718,2025-11-22 06:14:22.251693,,,,,,,,,
0.0001534509938210249,0.006688308902084827,2025-11-22 06:14:22.508220,,,,,,,,,
0.00011267262016190216,0.007335012778639793,2025-11-22 06:14:22.742969,,,,,,,,,
9.804397268453613e-05,0.007225203327834606,2025-11-22 06:14:22.985774,,,,,,,,,
0.00010640816617524251,0.007642539218068123,2025-11-22 06:14:23.239246,,,,,,,,,
0.00012684552348218858,0.0064578731544315815,2025-11-22 06:14:23.486606,,,,,,,,,
0.00011474813800305128,0.006908493582159281,2025-11-22 06:14:23.732186,,,,,,,,,
9.92395871435292e-05,0.007027328945696354,2025-11-22 06:14:23.976509,,,,,,,,,
9.007839253172278e-05,0.0070227934047579765,2025-11-22 06:14:24.221937,,,,,,,,,
8.8944383605849e-05,0.006948929745703936,2025-11-22 06:14:24.486217,,,,,,,,,
8.405361586483195e-05,0.006217258982360363,2025-11-22 06:14:24.713796,,,,,,,,,
7.4470262916293e-05,0.0070318677462637424,2025-11-22 06:14:24.962802,,,,,,,,,
7.201393600553274e-05,0.007383949588984251,2025-11-22 06:14:25.206620,,,,,,,,,
7.136465865187347e-05,0.0068650441244244576,2025-11-22 06:14:25.451213,,,,,,,,,
7.769663352519274e-05,0.007266216445714235,2025-11-22 06:14:25.698464,,,,,,,,,
8.967577741714194e-05,0.00670601474121213,2025-11-22 06:14:25.961226,,,,,,,,,
9.441596921533346e-05,0.006556432694196701,2025-11-22 06:14:26.206245,,,,,,,,,
8.976386743597686e-05,0.006689910776913166,2025-11-22 06:14:26.439899,,,,,,,,,
8.619509026175365e-05,0.007376478053629398,2025-11-22 06:14:26.690437,,,,,,,,,
9.156908345175907e-05,0.006635026540607214,2025-11-22 06:14:26.938277,,,,,,,,,
9.149972174782306e-05,0.00678995531052351,2025-11-22 06:14:27.193487,,,,,,,,,
8.727444219402969e-05,0.007141808047890663,2025-11-22 06:14:27.450066,,,,,,,,,
8.284452633233741e-05,0.007184293121099472,2025-11-22 06:14:27.681642,,,,,,,,,
8.078999235294759e-05,0.0069864122197031975,2025-11-22 06:14:27.943944,,,,,,,,,
8.479128155158833e-05,0.006522658746689558,2025-11-22 06:14:28.184511,,,,,,,,,
8.686055662110448e-05,0.006669474299997091,2025-11-22 06:14:28.426002,,,,,,,,,
9.431364014744759e-05,0.006969123613089323,2025-11-22 06:14:28.670571,,,,,,,,,
9.732621401781216e-05,0.006656969897449017,2025-11-22 06:14:28.918454,,,,,,,,,
0.00010015397856477648,0.00637984462082386,2025-11-22 06:14:29.170292,,,,,,,,,
9.965624485630542e-05,0.006148955784738064,2025-11-22 06:14:29.417282,,,,,,,,,
9.851528739091009e-05,0.006007259711623192,2025-11-22 06:14:29.658278,,,,,,,,,
9.202399814967066e-05,0.005929950624704361,2025-11-22 06:14:29.904350,,,,,,,,,
8.747167885303497e-05,0.007128507364541292,2025-11-22 06:14:30.152959,,,,,,,,,
8.764919766690582e-05,0.006882754620164633,2025-11-22 06:14:30.399628,,,,,,,,,
8.540045382687822e-05,0.007124445401132107,2025-11-22 06:14:30.649628,,,,,,,,,
8.851402526488528e-05,0.006790041457861662,2025-11-22 06:14:30.894200,,,,,,,,,
9.770217729965225e-05,0.006143522448837757,2025-11-22 06:14:31.136498,,,,,,,,,
9.46020008996129e-05,0.006797682959586382,2025-11-22 06:14:31.377729,,,,,,,,,
8.980188431451097e-05,0.007119561545550823,2025-11-22 06:14:31.625094,,,,,,,,,
9.397881512995809e-05,0.00671929819509387,2025-11-22 06:14:31.882409,,,,,,,,,
9.951975516742095e-05,0.006403234787285328,2025-11-22 06:14:32.127384,,,,,,,,,
9.098035661736503e-05,0.007424831856042147,2025-11-22 06:14:32.375679,,,,,,,,,
0.00010172469046665356,0.007100567687302828,2025-11-22 06:14:32.615557,,,,,,,,,
0.0001215099255205132,0.00676354207098484,2025-11-22 06:14:32.861830,,,,,,,,,
0.00012018431880278513,0.0065820240415632725,2025-11-22 06:14:33.112169,,,,,,,,,
0.00011151468061143532,0.006620688363909721,2025-11-22 06:14:33.351862,,,,,,,,,
0.00010610064055072144,0.006470916792750359,2025-11-22 06:14:33.607147,,,,,,,,,
0.00010062990622827783,0.006840756628662348,2025-11-22 06:14:33.859918,,,,,,,,,
8.999372948892415e-05,0.006260364316403866,2025-11-22 06:14:34.109571,,,,,,,,,
8.38711712276563e-05,0.005899087525904179,2025-11-22 06:14:34.354411,,,,,,,,,
7.75603111833334e-05,0.006625658832490444,2025-11-22 06:14:34.592994,,,,,,,,,
7.338807336054742e-05,0.006583426613360643,2025-11-22 06:14:34.850357,,,,,,,,,
7.80864866101183e-05,0.0065494682639837265,2025-11-22 06:14:35.099068,,,,,,,,,
8.63834866322577e-05,0.006887130439281464,2025-11-22 06:14:35.344786,,,,,,,,,
9.414876694791019e-05,0.006584140006452799,2025-11-22 06:14:35.583039,,,,,,,,,
9.699277870822698e-05,0.006831449922174215,2025-11-22 06:14:35.831747,,,,,,,,,
0.00010008759272750467,0.006693599745631218,2025-11-22 06:14:36.078395,,,,,,,,,
0.000106164334283676,0.006560597103089094,2025-11-22 06:14:36.325091,,,,,,,,,
0.00010821921023307368,0.006083644926548004,2025-11-22 06:14:36.577467,,,,,,,,,
0.0001033159060170874,0.006074225064367056,2025-11-22 06:14:36.817489,,,,,,,,,
0.00010072180884890258,0.0065620290115475655,2025-11-22 06:14:37.064267,,,,,,,,,
9.544991189613938e-05,0.006250320468097925,2025-11-22 06:14:37.310209,,,,,,,,,
8.902762783691287e-05,0.0063809361308813095,2025-11-22 06:14:37.556392,,,,,,,,,
9.226581460097805e-05,0.006068122573196888,2025-11-22 06:14:37.805378,,,,,,,,,
9.853399387793615e-05,0.006582512520253658,2025-11-22 06:14:38.054285,,,,,,,,,
9.53529161051847e-05,0.006379029713571072,2025-11-22 06:14:38.302494,,,,,,,,,
9.726816642796621e-05,0.006534675136208534,2025-11-22 06:14:38.549021,,,,,,,,,
0.00010014684085035697,0.006785375066101551,2025-11-22 06:14:38.796452,,,,,,,,,
9.910776134347543e-05,0.006552447099238634,2025-11-22 06:14:39.054916,,,,,,,,,
8.817548223305494e-05,0.006701403297483921,2025-11-22 06:14:39.298855,,,,,,,,,
8.886285650078207e-05,0.0063612619414925575,2025-11-22 06:14:39.548050,,,,,,,,,
9.468901407672092e-05,0.006299022119492292,2025-11-22 06:14:39.787228,,,,,,,,,
8.422730752499774e-05,0.006514690350741148,2025-11-22 06:14:40.039459,,,,,,,,,
8.212969987653196e-05,0.006592517718672752,2025-11-22 06:14:40.285667,,,,,,,,,
9.171796409646049e-05,0.00686405785381794,2025-11-22 06:14:40.535510,,,,,,,,,
9.621521894587204e-05,0.006676436401903629,2025-11-22 06:14:40.778024,,,,,,,,,
8.907249866751954e-05,0.00647754967212677,2025-11-22 06:14:41.035041,,,,,,,,,
8.628995419712737e-05,0.006966108921915293,2025-11-22 06:14:41.274762,,,,,,,,,
9.285965643357486e-05,0.00695456936955452,2025-11-22 06:14:41.516307,,,,,,,,,
0.00010052545258076862,0.006671976763755083,2025-11-22 06:14:41.767865,,,,,,,,,
9.093440894503146e-05,0.006383873987942934,2025-11-22 06:14:42.011197,,,,,,,,,
8.846529090078548e-05,0.00641355337575078,2025-11-22 06:14:42.259443,,,,,,,,,
9.136978769674897e-05,0.0068874177522957325,2025-11-22 06:14:42.503067,,,,,,,,,
9.699005022412166e-05,0.006494288332760334,2025-11-22 06:14:42.753885,,,,,,,,,
9.899246651912108e-05,0.005618209019303322,2025-11-22 06:14:43.006120,,,,,,,,,
9.099767339648679e-05,0.006148042622953653,2025-11-22 06:14:43.244222,,,,,,,,,
9.08152578631416e-05,0.00597804132848978,2025-11-22 06:14:43.491812,,,,,,,,,
9.448485798202455e-05,0.006512376945465803,2025-11-22 06:14:43.740525,,,,,,,,,
9.846584725892171e-05,0.006395977456122637,2025-11-22 06:14:43.988102,,,,,,,,,
9.381245035910979e-05,0.007169720716774464,2025-11-22 06:14:44.233927,,,,,,,,,
9.333914931630716e-05,0.0055837021209299564,2025-11-22 06:14:44.477217,,,,,,,,,
,,2025-11-22 06:14:44.535958,9.409490985490265e-05,0.006779493851354346,0.0015,,,,,,
,,2025-11-22 06:14:53.711982,,,,26.22393798828125,4.739314079284668,,,,
,,2025-11-22 06:14:53.715839,,,,,,9.619855728278008e-05,0.005994155805987807,26.22393798828125,4.739314079284668
9.619855700293556e-05,0.006358976475894451,2025-11-22 06:14:57.666380,,,,,,,,,
9.818055696086958e-05,0.006225937511771917,2025-11-22 06:14:58.039558,,,,,,,,,
0.00010622657282510772,0.006094957701861858,2025-11-22 06:14:58.297334,,,,,,,,,
0.00010977233614539728,0.005906747188419104,2025-11-22 06:14:58.545325,,,,,,,,,
0.00010087309055961668,0.0063466173596680164,2025-11-22 06:14:58.781786,,,,,,,,,
9.236180630978197e-05,0.006703273858875036,2025-11-22 06:14:59.033246,,,,,,,,,
8.898718806449324e-05,0.006647215690463781,2025-11-22 06:14:59.274335,,,,,,,,,
8.891861943993717e-05,0.006560580339282751,2025-11-22 06:14:59.519146,,,,,,,,,
8.314714068546891e-05,0.006460184697061777,2025-11-22 06:14:59.763041,,,,,,,,,
7.963093958096579e-05,0.0068182069808244705,2025-11-22 06:15:00.022146,,,,,,,,,
8.30082135507837e-05,0.006452164147049189,2025-11-22 06:15:00.273324,,,,,,,,,
8.788390550762415e-05,0.005977800115942955,2025-11-22 06:15:00.506109,,,,,,,,,
8.325661474373192e-05,0.005860498175024986,2025-11-22 06:15:00.778310,,,,,,,,,
8.0730693298392e-05,0.006974461488425732,2025-11-22 06:15:01.007050,,,,,,,,,
8.844173135003075e-05,0.006036989390850067,2025-11-22 06:15:01.248824,,,,,,,,,
9.600630437489599e-05,0.005974470637738705,2025-11-22 06:15:01.498508,,,,,,,,,
9.60506295086816e-05,0.006315955892205238,2025-11-22 06:15:01.759013,,,,,,,,,
9.955123823601753e-05,0.0058646369725465775,2025-11-22 06:15:01.992441,,,,,,,,,
0.00010597944492474198,0.006162142846733332,2025-11-22 06:15:02.235313,,,,,,,,,
0.00010796505375765264,0.006645360495895147,2025-11-22 06:15:02.478850,,,,,,,,,
9.682975360192358e-05,0.005944757256656885,2025-11-22 06:15:02.726271,,,,,,,,,
8.842127863317728e-05,0.00635299040004611,2025-11-22 06:15:02.970290,,,,,,,,,
8.927697490435094e-05,0.005920966621488333,2025-11-22 06:15:03.213565,,,,,,,,,
9.455288090975955e-05,0.006143217906355858,2025-11-22 06:15:03.462590,,,,,,,,,
8.969361078925431e-05,0.006276482250541449,2025-11-22 06:15:03.714886,,,,,,,,,
9.001766738947481e-05,0.006223951932042837,2025-11-22 06:15:03.957223,,,,,,,,,
9.565917571308091e-05,0.006382071413099766,2025-11-22 06:15:04.202563,,,,,,,,,
0.00010876168380491436,0.006326830480247736,2025-11-22 06:15:04.444258,,,,,,,,,
0.00010808654769789428,0.006282926071435213,2025-11-22 06:15:04.700759,,,,,,,,,
9.492356912232935e-05,0.006796447094529867,2025-11-22 06:15:04.947860,,,,,,,,,
9.125004726229236e-05,0.006233296822756529,2025-11-22 06:15:05.192561,,,,,,,,,
0.00010133451723959297,0.006138090509921312,2025-11-22 06:15:05.444957,,,,,,,,,
9.826234600041062e-05,0.005340925883501768,2025-11-22 06:15:05.690090,,,,,,,,,
8.759830234339461e-05,0.005886752158403397,2025-11-22 06:15:05.928869,,,,,,,,,
9.013311500893906e-05,0.006228207144886255,2025-11-22 06:15:06.179271,,,,,,,,,
9.706766286399215e-05,0.006053352728486061,2025-11-22 06:15:06.419892,,,,,,,,,
9.577620949130505e-05,0.006705393083393574,2025-11-22 06:15:06.679726,,,,,,,,,
0.00011226200876990333,0.007417305372655392,2025-11-22 06:15:06.915343,,,,,,,,,
0.00015412233187817037,0.00681677833199501,2025-11-22 06:15:07.166317,,,,,,,,,
0.00014514407666865736,0.006313649471849203,2025-11-22 06:15:07.405181,,,,,,,,,
0.00012754065392073244,0.007103819400072098,2025-11-22 06:15:07.673974,,,,,,,,,
0.0001339479349553585,0.006580672226846218,2025-11-22 06:15:07.916297,,,,,,,,,
0.00015040939615573734,0.006323979236185551,2025-11-22 06:15:08.156469,,,,,,,,,
0.000140565141919069,0.006984693929553032,2025-11-22 06:15:08.407298,,,,,,,,,
0.00011978336988249794,0.006193180102854967,2025-11-22 06:15:08.645406,,,,,,,,,
0.00010395357821835205,0.006495692767202854,2025-11-22 06:15:08.892081,,,,,,,,,
9.55805298872292e-05,0.006466688122600317,2025-11-22 06:15:09.140562,,,,,,,,,
9.603240323485807e-05,0.006316458806395531,2025-11-22 06:15:09.392340,,,,,,,,,
0.00010068681149277836,0.006580650340765715,2025-11-22 06:15:09.626427,,,,,,,,,
9.49070235947147e-05,0.006257431581616402,2025-11-22 06:15:09.873347,,,,,,,,,
8.874965715222061e-05,0.006351553834974766,2025-11-22 06:15:10.121400,,,,,,,,,
8.641135354992002e-05,0.006458149757236242,2025-11-22 06:15:10.368083,,,,,,,,,
8.577830158174038e-05,0.0062201558612287045,2025-11-22 06:15:10.616308,,,,,,,,,
8.934914512792602e-05,0.006283265072852373,2025-11-22 06:15:10.875380,,,,,,,,,
8.900420652935281e-05,0.00663402397185564,2025-11-22 06:15:11.109030,,,,,,,,,
8.557186811231077e-05,0.006618439219892025,2025-11-22 06:15:11.359577,,,,,,,,,
8.224326302297413e-05,0.006150403525680304,2025-11-22 06:15:11.598268,,,,,,,,,
8.30638746265322e-05,0.00706522399559617,2025-11-22 06:15:11.872676,,,,,,,,,
8.096868987195194e-05,0.006213658023625612,2025-11-22 06:15:12.116572,,,,,,,,,
8.09066477813758e-05,0.006809222511947155,2025-11-22 06:15:12.364901,,,,,,,,,
8.570955833420157e-05,0.006170754786580801,2025-11-22 06:15:12.602180,,,,,,,,,
8.888720913091674e-05,0.006052270997315645,2025-11-22 06:15:12.853870,,,,,,,,,
9.454162500333041e-05,0.006443350575864315,2025-11-22 06:15:13.102681,,,,,,,,,
0.00010163338447455317,0.006126320920884609,2025-11-22 06:15:13.345529,,,,,,,,,
0.00010676624515326694,0.005714045837521553,2025-11-22 06:15:13.593638,,,,,,,,,
0.00010199200914939865,0.006002272013574839,2025-11-22 06:15:13.835748,,,,,,,,,
9.701903036329895e-05,0.005763650871813297,2025-11-22 06:15:14.079906,,,,,,,,,
0.00010020803165389225,0.005607607774436474,2025-11-22 06:15:14.330667,,,,,,,,,
9.866953769233078e-05,0.0065086884424090385,2025-11-22 06:15:14.572243,,,,,,,,,
9.20343809411861e-05,0.006129898596554995,2025-11-22 06:15:14.831024,,,,,,,,,
8.835766493575647e-05,0.006043466739356518,2025-11-22 06:15:15.075522,,,,,,,,,
8.888420416042209e-05,0.006348158232867718,2025-11-22 06:15:15.314481,,,,,,,,,
9.488642535870895e-05,0.005773591343313456,2025-11-22 06:15:15.562903,,,,,,,,,
9.872006921796128e-05,0.005866854451596737,2025-11-22 06:15:15.810491,,,,,,,,,
0.00010479226330062374,0.0063148741610348225,2025-11-22 06:15:16.056070,,,,,,,,,
0.00010853049752768129,0.006084726192057133,2025-11-22 06:15:16.297542,,,,,,,,,
0.00010258210386382416,0.00554652139544487,2025-11-22 06:15:16.545964,,,,,,,,,
8.895643259165809e-05,0.005910297855734825,2025-11-22 06:15:16.812804,,,,,,,,,
8.359037747140974e-05,0.006452648900449276,2025-11-22 06:15:17.059083,,,,,,,,,
8.515170338796452e-05,0.0063716573640704155,2025-11-22 06:15:17.297302,,,,,,,,,
8.945695299189538e-05,0.005153242498636246,2025-11-22 06:15:17.558501,,,,,,,,,
9.333548950962722e-05,0.006088854279369116,2025-11-22 06:15:17.791008,,,,,,,,,
9.290589514421299e-05,0.005952325649559498,2025-11-22 06:15:18.053934,,,,,,,,,
8.83085813256912e-05,0.006000729277729988,2025-11-22 06:15:18.296999,,,,,,,,,
8.931600314099342e-05,0.006107208784669638,2025-11-22 06:15:18.546816,,,,,,,,,
9.473510726820678e-05,0.0060449037700891495,2025-11-22 06:15:18.794716,,,,,,,,,
9.83060963335447e-05,0.006475958041846752,2025-11-22 06:15:19.045053,,,,,,,,,
0.00010390357783762738,0.005924349185079336,2025-11-22 06:15:19.283310,,,,,,,,,
0.00010548961290623993,0.0055626872926950455,2025-11-22 06:15:19.545428,,,,,,,,,
0.00010418962483527139,0.006041745655238628,2025-11-22 06:15:19.790196,,,,,,,,,
9.890628280118108e-05,0.005944731645286083,2025-11-22 06:15:20.037517,,,,,,,,,
0.00010103426757268608,0.005550343077629805,2025-11-22 06:15:20.277061,,,,,,,,,
9.795604273676872e-05,0.0058620092459023,2025-11-22 06:15:20.521400,,,,,,,,,
9.695157496025786e-05,0.005290368106216192,2025-11-22 06:15:20.766323,,,,,,,,,
9.570011752657592e-05,0.005656806286424398,2025-11-22 06:15:21.017927,,,,,,,,,
9.017708362080157e-05,0.0060094669461250305,2025-11-22 06:15:21.266019,,,,,,,,,
8.858997171046212e-05,0.005694927182048559,2025-11-22 06:15:21.528367,,,,,,,,,
8.941381383920088e-05,0.005264186300337315,2025-11-22 06:15:21.778660,,,,,,,,,
9.278020297642797e-05,0.005756915081292391,2025-11-22 06:15:22.023258,,,,,,,,,
9.801999112823978e-05,0.005650684703141451,2025-11-22 06:15:22.273333,,,,,,,,,
0.00010101922816829756,0.005985722411423922,2025-11-22 06:15:22.513766,,,,,,,,,
9.657410555519164e-05,0.005756034515798092,2025-11-22 06:15:22.760092,,,,,,,,,
9.33981646085158e-05,0.00555567629635334,2025-11-22 06:15:23.006328,,,,,,,,,
9.47093139984645e-05,0.006125080864876509,2025-11-22 06:15:23.260718,,,,,,,,,
9.233142191078514e-05,0.006099883001297712,2025-11-22 06:15:23.506287,,,,,,,,,
9.225435496773571e-05,0.005408490542322397,2025-11-22 06:15:23.747063,,,,,,,,,
9.509562369203195e-05,0.005100606940686703,2025-11-22 06:15:24.001556,,,,,,,,,
9.420438436791301e-05,0.005785226356238127,2025-11-22 06:15:24.240314,,,,,,,,,
9.310997847933322e-05,0.005197828635573387,2025-11-22 06:15:24.488296,,,,,,,,,
9.240015788236633e-05,0.005564363673329353,2025-11-22 06:15:24.729303,,,,,,,,,
9.521648462396115e-05,0.005716565065085888,2025-11-22 06:15:24.977106,,,,,,,,,
0.00010082509834319353,0.005866248160600662,2025-11-22 06:15:25.230567,,,,,,,,,
9.605169907445088e-05,0.005878501571714878,2025-11-22 06:15:25.467869,,,,,,,,,
9.292428148910403e-05,0.00554538331925869,2025-11-22 06:15:25.719642,,,,,,,,,
9.242456872016191e-05,0.00625965278595686,2025-11-22 06:15:25.959051,,,,,,,,,
9.380592382512987e-05,0.0051734973676502705,2025-11-22 06:15:26.206993,,,,,,,,,
9.609863627701998e-05,0.005508671049028635,2025-11-22 06:15:26.456654,,,,,,,,,
9.572356066200882e-05,0.005679297726601362,2025-11-22 06:15:26.699419,,,,,,,,,
9.524791676085442e-05,0.005266634747385979,2025-11-22 06:15:26.946057,,,,,,,,,
9.316174691775814e-05,0.005685651674866676,2025-11-22 06:15:27.193705,,,,,,,,,
9.432560909772292e-05,0.004963825922459364,2025-11-22 06:15:27.447135,,,,,,,,,
9.723203402245417e-05,0.005746609531342983,2025-11-22 06:15:27.697589,,,,,,,,,
9.309863526141271e-05,0.005835963413119316,2025-11-22 06:15:27.938393,,,,,,,,,
9.358067472930998e-05,0.006043505389243364,2025-11-22 06:15:28.178422,,,,,,,,,
9.677881462266669e-05,0.0057436381466686726,2025-11-22 06:15:28.429389,,,,,,,,,
9.39901074161753e-05,0.005169711075723171,2025-11-22 06:15:28.670639,,,,,,,,,
8.89602379174903e-05,0.0056141954846680164,2025-11-22 06:15:28.925066,,,,,,,,,
8.578188862884417e-05,0.005853302776813507,2025-11-22 06:15:29.167862,,,,,,,,,
9.018087439471856e-05,0.005882856901735067,2025-11-22 06:15:29.409354,,,,,,,,,
9.844564192462713e-05,0.005883936304599047,2025-11-22 06:15:29.660719,,,,,,,,,
9.916148701449856e-05,0.005922709591686726,2025-11-22 06:15:29.910522,,,,,,,,,
9.855354437604547e-05,0.005589987616986036,2025-11-22 06:15:30.160069,,,,,,,,,
9.731892350828275e-05,0.005731137469410896,2025-11-22 06:15:30.402866,,,,,,,,,
9.394214430358261e-05,0.005868175067007542,2025-11-22 06:15:30.663081,,,,,,,,,
9.702950774226338e-05,0.006141702178865671,2025-11-22 06:15:30.902462,,,,,,,,,
9.60297547862865e-05,0.005534912925213575,2025-11-22 06:15:31.148379,,,,,,,,,
9.433482046006247e-05,0.0058416216634213924,2025-11-22 06:15:31.394782,,,,,,,,,
0.00010570138692855835,0.005577001255005598,2025-11-22 06:15:31.645903,,,,,,,,,
0.00011173686652909964,0.005730767734348774,2025-11-22 06:15:31.915700,,,,,,,,,
0.00011930230539292097,0.006050476338714361,2025-11-22 06:15:32.141952,,,,,,,,,
0.00011260555766057223,0.005548141431063414,2025-11-22 06:15:32.387515,,,,,,,,,
0.00010167655273107812,0.005873826332390308,2025-11-22 06:15:32.638329,,,,,,,,,
9.797668462852016e-05,0.005675671622157097,2025-11-22 06:15:32.880209,,,,,,,,,
0.00010423349885968491,0.005470225587487221,2025-11-22 06:15:33.129186,,,,,,,,,
,,2025-11-22 06:15:33.265016,9.720653815747937e-05,0.006041638556376306,0.0015,,,,,,
,,2025-11-22 06:15:41.121199,,,,25.995033264160156,5.270553112030029,,,,
,,2025-11-22 06:15:41.122917,,,,,,0.00010140492668142542,0.005305678619501682,25.995033264160156,5.270553112030029
0.00010140492668142542,0.005215817596763372,2025-11-22 06:15:46.063484,,,,,,,,,
9.968259837478399e-05,0.006034424062818289,2025-11-22 06:15:46.293742,,,,,,,,,
0.00011072268534917384,0.006177010014653206,2025-11-22 06:15:46.536742,,,,,,,,,
0.0001067390912794508,0.005627098958939314,2025-11-22 06:15:46.783688,,,,,,,,,
9.167342068394646e-05,0.006092257797718048,2025-11-22 06:15:47.042856,,,,,,,,,
9.665916149970144e-05,0.005352480337023735,2025-11-22 06:15:47.284704,,,,,,,,,
0.00011790634016506374,0.0054073212668299675,2025-11-22 06:15:47.533050,,,,,,,,,
0.00011107135651400313,0.005551761947572231,2025-11-22 06:15:47.775420,,,,,,,,,
9.53721028054133e-05,0.00606321869418025,2025-11-22 06:15:48.015031,,,,,,,,,
9.44146522670053e-05,0.00562240881845355,2025-11-22 06:15:48.274181,,,,,,,,,
0.00010691134230000898,0.006329910829663277,2025-11-22 06:15:48.507509,,,,,,,,,
0.00010212208871962503,0.005370455794036388,2025-11-22 06:15:48.767118,,,,,,,,,
0.00010591108730295673,0.005577526520937681,2025-11-22 06:15:49.001185,,,,,,,,,
0.00012089416850358248,0.00566592812538147,2025-11-22 06:15:49.247713,,,,,,,,,
0.00011547646136023104,0.005898312199860811,2025-11-22 06:15:49.489079,,,,,,,,,
0.00010346934868721291,0.005656781606376171,2025-11-22 06:15:49.743508,,,,,,,,,
9.995231812354177e-05,0.005499018356204033,2025-11-22 06:15:49.990786,,,,,,,,,
0.00010524653043830767,0.005600114353001118,2025-11-22 06:15:50.234989,,,,,,,,,
0.0001062806841218844,0.005339910741895437,2025-11-22 06:15:50.480789,,,,,,,,,
0.00010525795369176194,0.00539593119174242,2025-11-22 06:15:50.726925,,,,,,,,,
0.00010875378211494535,0.005402565002441406,2025-11-22 06:15:50.976601,,,,,,,,,
0.00010865130752790719,0.0050969552248716354,2025-11-22 06:15:51.232546,,,,,,,,,
0.00010046709212474525,0.005934213753789663,2025-11-22 06:15:51.465166,,,,,,,,,
9.702146053314209e-05,0.005464901216328144,2025-11-22 06:15:51.722172,,,,,,,,,
9.890245564747602e-05,0.005259054247289896,2025-11-22 06:15:51.962097,,,,,,,,,
0.0001002832650556229,0.005676704924553633,2025-11-22 06:15:52.208159,,,,,,,,,
9.67694868450053e-05,0.005308214109390974,2025-11-22 06:15:52.453566,,,,,,,,,
9.591729758540168e-05,0.005937641020864248,2025-11-22 06:15:52.704872,,,,,,,,,
0.0001004273071885109,0.006074507720768452,2025-11-22 06:15:52.949025,,,,,,,,,
0.00010093171295011416,0.005264392122626305,2025-11-22 06:15:53.194595,,,,,,,,,
9.547775698592886e-05,0.005070475861430168,2025-11-22 06:15:53.441321,,,,,,,,,
9.027224587043747e-05,0.005837388802319765,2025-11-22 06:15:53.689838,,,,,,,,,
9.14718839339912e-05,0.006075023207813501,2025-11-22 06:15:53.945508,,,,,,,,,
9.331619367003441e-05,0.005222143139690161,2025-11-22 06:15:54.178690,,,,,,,,,
8.439148223260418e-05,0.005857981741428375,2025-11-22 06:15:54.447213,,,,,,,,,
8.978636469691992e-05,0.0055204820819199085,2025-11-22 06:15:54.680868,,,,,,,,,
0.00010192967602051795,0.005593420937657356,2025-11-22 06:15:54.930020,,,,,,,,,
9.781795961316675e-05,0.005449456162750721,2025-11-22 06:15:55.175435,,,,,,,,,
9.156536543741822e-05,0.006077557802200317,2025-11-22 06:15:55.418514,,,,,,,,,
9.442619193578139e-05,0.005319242365658283,2025-11-22 06:15:55.668331,,,,,,,,,
9.910606604535133e-05,0.005356239154934883,2025-11-22 06:15:55.912845,,,,,,,,,
9.498009603703395e-05,0.004970403388142586,2025-11-22 06:15:56.168421,,,,,,,,,
9.617402974981815e-05,0.004970384296029806,2025-11-22 06:15:56.406012,,,,,,,,,
9.735764615470544e-05,0.0057336860336363316,2025-11-22 06:15:56.649970,,,,,,,,,
0.00010014196595875546,0.005497877951711416,2025-11-22 06:15:56.895001,,,,,,,,,
9.197109466185793e-05,0.005258971359580755,2025-11-22 06:15:57.138941,,,,,,,,,
9.017826232593507e-05,0.005567586049437523,2025-11-22 06:15:57.385412,,,,,,,,,
9.93322319118306e-05,0.005288307089358568,2025-11-22 06:15:57.630910,,,,,,,,,
9.842790313996375e-05,0.005438368767499924,2025-11-22 06:15:57.876319,,,,,,,,,
0.00010174973431276157,0.004986528307199478,2025-11-22 06:15:58.123829,,,,,,,,,
0.0001080790170817636,0.005501058418303728,2025-11-22 06:15:58.371168,,,,,,,,,
0.00010859253961825743,0.005183653440326452,2025-11-22 06:15:58.615011,,,,,,,,,
9.633127774577588e-05,0.005129885859787464,2025-11-22 06:15:58.868956,,,,,,,,,
8.842827810440212e-05,0.0052278293296694756,2025-11-22 06:15:59.110870,,,,,,,,,
9.01664825505577e-05,0.005189394578337669,2025-11-22 06:15:59.368628,,,,,,,,,
9.953104745363817e-05,0.005380747839808464,2025-11-22 06:15:59.609928,,,,,,,,,
9.773459896678105e-05,0.005103982053697109,2025-11-22 06:15:59.868985,,,,,,,,,
8.685421198606491e-05,0.005441850982606411,2025-11-22 06:16:00.103707,,,,,,,,,
8.901077671907842e-05,0.0057133217342197895,2025-11-22 06:16:00.350847,,,,,,,,,
9.458784916205332e-05,0.005608517210930586,2025-11-22 06:16:00.623897,,,,,,,,,
0.0001025380624923855,0.005652418360114098,2025-11-22 06:16:00.848783,,,,,,,,,
0.00010727238986873999,0.005594536196440458,2025-11-22 06:16:01.095698,,,,,,,,,
0.00010212529014097527,0.005139142274856567,2025-11-22 06:16:01.340408,,,,,,,,,
0.00010017192835221067,0.005135103594511747,2025-11-22 06:16:01.592970,,,,,,,,,
9.660226351115853e-05,0.005346975289285183,2025-11-22 06:16:01.832199,,,,,,,,,
9.733965271152556e-05,0.004951105453073978,2025-11-22 06:16:02.081844,,,,,,,,,
9.304070408688858e-05,0.005238891579210758,2025-11-22 06:16:02.326329,,,,,,,,,
9.146051888819784e-05,0.0050514633767306805,2025-11-22 06:16:02.572724,,,,,,,,,
9.585418592905626e-05,0.005438825581222773,2025-11-22 06:16:02.824851,,,,,,,,,
0.0001007031460176222,0.004990929272025824,2025-11-22 06:16:03.070309,,,,,,,,,
0.00010606797877699137,0.00528234476223588,2025-11-22 06:16:03.323563,,,,,,,,,
0.00010457709868205711,0.005056910682469606,2025-11-22 06:16:03.567282,,,,,,,,,
0.00010088965791510418,0.005401041824370623,2025-11-22 06:16:03.808903,,,,,,,,,
9.812182543100789e-05,0.005771609954535961,2025-11-22 06:16:04.056557,,,,,,,,,
9.77524250629358e-05,0.00503684114664793,2025-11-22 06:16:04.304531,,,,,,,,,
0.00010051093704532832,0.0050890324637293816,2025-11-22 06:16:04.548516,,,,,,,,,
9.655929898144677e-05,0.005559149198234081,2025-11-22 06:16:04.795256,,,,,,,,,
0.00010014354484155774,0.005296577699482441,2025-11-22 06:16:05.035846,,,,,,,,,
0.00010999237565556541,0.005331040825694799,2025-11-22 06:16:05.297329,,,,,,,,,
9.863349259831011e-05,0.005393594037741423,2025-11-22 06:16:05.537453,,,,,,,,,
0.00010219359683105722,0.005523259751498699,2025-11-22 06:16:05.783782,,,,,,,,,
0.00012207645340822637,0.005181749816983938,2025-11-22 06:16:06.037385,,,,,,,,,
0.00011810851719928905,0.005599807016551495,2025-11-22 06:16:06.278847,,,,,,,,,
0.00010195698996540159,0.005683681927621365,2025-11-22 06:16:06.528810,,,,,,,,,
9.76353621808812e-05,0.005923985969275236,2025-11-22 06:16:06.775698,,,,,,,,,
0.00010999456571880728,0.004832153674215078,2025-11-22 06:16:07.028698,,,,,,,,,
0.00011964097939198837,0.00558548653498292,2025-11-22 06:16:07.273901,,,,,,,,,
0.00010386528447270393,0.005204027518630028,2025-11-22 06:16:07.528481,,,,,,,,,
9.086013596970588e-05,0.00599221047013998,2025-11-22 06:16:07.772937,,,,,,,,,
8.601828449172899e-05,0.005408499389886856,2025-11-22 06:16:08.022763,,,,,,,,,
9.130488615483046e-05,0.005430138669908047,2025-11-22 06:16:08.272128,,,,,,,,,
9.949500963557512e-05,0.005803631152957678,2025-11-22 06:16:08.510946,,,,,,,,,
9.770108590601012e-05,0.004639674909412861,2025-11-22 06:16:08.768927,,,,,,,,,
9.133873390965164e-05,0.0053889877162873745,2025-11-22 06:16:09.007725,,,,,,,,,
9.799242980079725e-05,0.005324062425643206,2025-11-22 06:16:09.249685,,,,,,,,,
0.00010870867845369503,0.005491591989994049,2025-11-22 06:16:09.498852,,,,,,,,,
0.00010130987357115373,0.005478762090206146,2025-11-22 06:16:09.751576,,,,,,,,,
0.00010829028178704903,0.005617006681859493,2025-11-22 06:16:09.985008,,,,,,,,,
0.00012687059643212706,0.005424631759524345,2025-11-22 06:16:10.241143,,,,,,,,,
0.0001298560673603788,0.005034907255321741,2025-11-22 06:16:10.493241,,,,,,,,,
0.00011035204079234973,0.005354031920433044,2025-11-22 06:16:10.740986,,,,,,,,,
9.896489791572094e-05,0.005531813949346542,2025-11-22 06:16:10.982252,,,,,,,,,
0.0001036268804455176,0.005107399541884661,2025-11-22 06:16:11.225161,,,,,,,,,
0.00010912823199760169,0.005389339756220579,2025-11-22 06:16:11.471113,,,,,,,,,
0.00010405483772046864,0.005681570619344711,2025-11-22 06:16:11.734152,,,,,,,,,
9.37957302085124e-05,0.005747935269027948,2025-11-22 06:16:11.966772,,,,,,,,,
9.521785977995023e-05,0.005318267270922661,2025-11-22 06:16:12.210831,,,,,,,,,
0.00010298909910488874,0.005744374357163906,2025-11-22 06:16:12.457356,,,,,,,,,
0.00010113991447724402,0.005140106193721294,2025-11-22 06:16:12.703357,,,,,,,,,
9.398593101650476e-05,0.005511783994734287,2025-11-22 06:16:12.959897,,,,,,,,,
9.410495840711519e-05,0.005216718185693026,2025-11-22 06:16:13.208617,,,,,,,,,
9.524483903078362e-05,0.005311549175530672,2025-11-22 06:16:13.448643,,,,,,,,,
0.00010075150203192607,0.005034101661294699,2025-11-22 06:16:13.691785,,,,,,,,,
9.776208753464743e-05,0.005443130619823933,2025-11-22 06:16:13.934706,,,,,,,,,
0.00010039425978902727,0.005371871404349804,2025-11-22 06:16:14.183944,,,,,,,,,
0.00010883009235840291,0.005491652525961399,2025-11-22 06:16:14.444572,,,,,,,,,
0.0001045457975124009,0.004453825764358044,2025-11-22 06:16:14.684982,,,,,,,,,
8.709075336810201e-05,0.00533298309892416,2025-11-22 06:16:14.929049,,,,,,,,,
8.240531315095723e-05,0.005395153537392616,2025-11-22 06:16:15.182109,,,,,,,,,
8.873640035744756e-05,0.005264096427708864,2025-11-22 06:16:15.429387,,,,,,,,,
9.269169822800905e-05,0.005352139938622713,2025-11-22 06:16:15.693327,,,,,,,,,
0.0001113089601858519,0.005494219250977039,2025-11-22 06:16:15.923722,,,,,,,,,
0.0001404778304276988,0.005403399933129549,2025-11-22 06:16:16.168307,,,,,,,,,
0.00014830012514721602,0.005110947415232658,2025-11-22 06:16:16.416695,,,,,,,,,
0.0001296559494221583,0.005227150861173868,2025-11-22 06:16:16.661889,,,,,,,,,
0.00011705374345183372,0.005461334250867367,2025-11-22 06:16:16.912100,,,,,,,,,
0.0001149260497186333,0.0051261489279568195,2025-11-22 06:16:17.155471,,,,,,,,,
0.00012327013246249408,0.00511735025793314,2025-11-22 06:16:17.399348,,,,,,,,,
0.0001228887849720195,0.004611358046531677,2025-11-22 06:16:17.645936,,,,,,,,,
0.00011303054634481668,0.005742471665143967,2025-11-22 06:16:17.894096,,,,,,,,,
0.0001091629164875485,0.005292505491524935,2025-11-22 06:16:18.150763,,,,,,,,,
0.00011040776007575914,0.005601496901363134,2025-11-22 06:16:18.390735,,,,,,,,,
0.0001103468966903165,0.005035915412008762,2025-11-22 06:16:18.644612,,,,,,,,,
0.00011045430437661707,0.005382684525102377,2025-11-22 06:16:18.884635,,,,,,,,,
0.00011353901936672628,0.005305856466293335,2025-11-22 06:16:19.137149,,,,,,,,,
0.0001099476357921958,0.005278067663311958,2025-11-22 06:16:19.390532,,,,,,,,,
0.00010006340016843751,0.004957037512212992,2025-11-22 06:16:19.635887,,,,,,,,,
9.171869169222191e-05,0.005400055553764105,2025-11-22 06:16:19.884029,,,,,,,,,
9.021681034937501e-05,0.0049520861357450485,2025-11-22 06:16:20.124839,,,,,,,,,
9.63476049946621e-05,0.005420383997261524,2025-11-22 06:16:20.387364,,,,,,,,,
0.0001035137684084475,0.005222654435783625,2025-11-22 06:16:20.696640,,,,,,,,,
9.829799819272012e-05,0.005314599722623825,2025-11-22 06:16:20.889254,,,,,,,,,
8.952355710789561e-05,0.005392158403992653,2025-11-22 06:16:21.158050,,,,,,,,,
8.826253906590864e-05,0.005419224500656128,2025-11-22 06:16:21.397908,,,,,,,,,
,,2025-11-22 06:16:21.508511,0.00010193462816864162,0.005411509356539075,0.0015,,,,,,
,,2025-11-22 06:16:29.881705,,,,26.209789276123047,5.6628522872924805,,,,
,,2025-11-22 06:16:29.885780,,,,,,9.651237689048194e-05,0.004849715283713662,26.209789276123047,5.6628522872924805
9.65123763307929e-05,0.004950073082000017,2025-11-22 06:16:34.069520,,,,,,,,,
9.48790620896034e-05,0.005043696612119675,2025-11-22 06:16:34.310222,,,,,,,,,
8.823521056910977e-05,0.004962461534887552,2025-11-22 06:16:34.558546,,,,,,,,,
8.558109402656555e-05,0.005005501210689545,2025-11-22 06:16:34.809920,,,,,,,,,
9.14711199584417e-05,0.004686372820287943,2025-11-22 06:16:35.056420,,,,,,,,,
9.788511670194566e-05,0.005408414639532566,2025-11-22 06:16:35.296081,,,,,,,,,
9.31302784010768e-05,0.005029807332903147,2025-11-22 06:16:35.545113,,,,,,,,,
8.751181303523481e-05,0.005386826116591692,2025-11-22 06:16:35.787772,,,,,,,,,
8.955984958447516e-05,0.0052301413379609585,2025-11-22 06:16:36.041292,,,,,,,,,
9.885877807391807e-05,0.004388297442346811,2025-11-22 06:16:36.285764,,,,,,,,,
9.877374395728111e-05,0.005083460360765457,2025-11-22 06:16:36.538186,,,,,,,,,
9.62966587394476e-05,0.005215086974203587,2025-11-22 06:16:36.780304,,,,,,,,,
9.604764636605978e-05,0.004578080493956804,2025-11-22 06:16:37.017721,,,,,,,,,
0.00010091267176903784,0.005068142898380756,2025-11-22 06:16:37.263543,,,,,,,,,
0.0001002145218080841,0.004672812297940254,2025-11-22 06:16:37.519292,,,,,,,,,
8.987241744762287e-05,0.005542670376598835,2025-11-22 06:16:37.761493,,,,,,,,,
8.889022137736902e-05,0.004880427848547697,2025-11-22 06:16:38.016716,,,,,,,,,
9.507909999229014e-05,0.005002552643418312,2025-11-22 06:16:38.258707,,,,,,,,,
9.800701809581369e-05,0.004848288372159004,2025-11-22 06:16:38.509906,,,,,,,,,
0.0001011979256873019,0.005018357653170824,2025-11-22 06:16:38.751643,,,,,,,,,
0.00010445842053741217,0.005443604197353125,2025-11-22 06:16:38.990119,,,,,,,,,
0.00010669370385585353,0.004881168715655804,2025-11-22 06:16:39.232864,,,,,,,,,
0.00010351110540796071,0.004774279426783323,2025-11-22 06:16:39.483648,,,,,,,,,
9.463624155614525e-05,0.004930214490741491,2025-11-22 06:16:39.733699,,,,,,,,,
9.565432264935225e-05,0.004185403697192669,2025-11-22 06:16:39.989889,,,,,,,,,
0.00010062834189739078,0.005426526069641113,2025-11-22 06:16:40.230607,,,,,,,,,
0.00010214183566858992,0.004810234997421503,2025-11-22 06:16:40.467490,,,,,,,,,
9.926305938279256e-05,0.005206884816288948,2025-11-22 06:16:40.724867,,,,,,,,,
0.00010007683886215091,0.005256164353340864,2025-11-22 06:16:40.967485,,,,,,,,,
0.0001051687722792849,0.00515013188123703,2025-11-22 06:16:41.210445,,,,,,,,,
0.00010025208030128852,0.005010806955397129,2025-11-22 06:16:41.456870,,,,,,,,,
9.676901390776038e-05,0.0056483629159629345,2025-11-22 06:16:41.702610,,,,,,,,,
0.00010141920211026445,0.004298798274248838,2025-11-22 06:16:41.958543,,,,,,,,,
0.00010102103260578588,0.005435611121356487,2025-11-22 06:16:42.214377,,,,,,,,,
0.00010160193050978705,0.0046528661623597145,2025-11-22 06:16:42.445026,,,,,,,,,
0.000102410172985401,0.005155504681169987,2025-11-22 06:16:42.696742,,,,,,,,,
0.00010090843716170639,0.00472215935587883,2025-11-22 06:16:42.937361,,,,,,,,,
0.00010002166527556255,0.005281931720674038,2025-11-22 06:16:43.179557,,,,,,,,,
9.936878632288426e-05,0.004854727070778608,2025-11-22 06:16:43.426266,,,,,,,,,
9.420496644452214e-05,0.004971940536051989,2025-11-22 06:16:43.672450,,,,,,,,,
9.878817945718765e-05,0.004771893378347158,2025-11-22 06:16:43.927918,,,,,,,,,
0.00010309564822819084,0.004666401073336601,2025-11-22 06:16:44.174074,,,,,,,,,
9.554744610795751e-05,0.0050605651922523975,2025-11-22 06:16:44.416848,,,,,,,,,
9.351986227557063e-05,0.004907192196696997,2025-11-22 06:16:44.661520,,,,,,,,,
0.00010047682735603303,0.004638593178242445,2025-11-22 06:16:44.907025,,,,,,,,,
9.459387365495786e-05,0.0049821315333247185,2025-11-22 06:16:45.159190,,,,,,,,,
9.775036596693099e-05,0.004922676365822554,2025-11-22 06:16:45.400524,,,,,,,,,
0.00010632950579747558,0.004788879305124283,2025-11-22 06:16:45.648206,,,,,,,,,
0.0001082061862689443,0.0048853992484509945,2025-11-22 06:16:45.893541,,,,,,,,,
0.00010113721509696916,0.004315801430493593,2025-11-22 06:16:46.138327,,,,,,,,,
9.931286331266165e-05,0.005354441702365875,2025-11-22 06:16:46.394805,,,,,,,,,
0.00010254583321511745,0.0048863026313483715,2025-11-22 06:16:46.631824,,,,,,,,,
9.924105688696727e-05,0.0047298697754740715,2025-11-22 06:16:46.892873,,,,,,,,,
8.963160507846624e-05,0.004872301127761602,2025-11-22 06:16:47.126800,,,,,,,,,
9.102449985221028e-05,0.004992945119738579,2025-11-22 06:16:47.370823,,,,,,,,,
9.875318937702104e-05,0.004974830895662308,2025-11-22 06:16:47.617026,,,,,,,,,
9.909438813338056e-05,0.005202234257012606,2025-11-22 06:16:47.859222,,,,,,,,,
9.89660547929816e-05,0.004717035684734583,2025-11-22 06:16:48.117928,,,,,,,,,
0.00010042259964393452,0.004529875237494707,2025-11-22 06:16:48.356169,,,,,,,,,
9.95112641248852e-05,0.004716000519692898,2025-11-22 06:16:48.607423,,,,,,,,,
9.939579467754811e-05,0.00467008538544178,2025-11-22 06:16:48.866315,,,,,,,,,
9.770303586265072e-05,0.004491325002163649,2025-11-22 06:16:49.097685,,,,,,,,,
9.917727584252134e-05,0.004805847071111202,2025-11-22 06:16:49.343124,,,,,,,,,
9.803043212741613e-05,0.005105781368911266,2025-11-22 06:16:49.591456,,,,,,,,,
9.44782659644261e-05,0.0049219937063753605,2025-11-22 06:16:49.837235,,,,,,,,,
9.514953853795305e-05,0.004848188254982233,2025-11-22 06:16:50.080119,,,,,,,,,
0.00010103265231009573,0.004731096792966127,2025-11-22 06:16:50.332852,,,,,,,,,
0.00010447479144204408,0.004977735225111246,2025-11-22 06:16:50.575338,,,,,,,,,
9.83916106633842e-05,0.004862277768552303,2025-11-22 06:16:50.834611,,,,,,,,,
9.854583913693205e-05,0.004431583918631077,2025-11-22 06:16:51.066198,,,,,,,,,
9.920330921886489e-05,0.005188090726733208,2025-11-22 06:16:51.319463,,,,,,,,,
9.393749496666715e-05,0.005009845830500126,2025-11-22 06:16:51.561681,,,,,,,,,
9.70238252193667e-05,0.004502609372138977,2025-11-22 06:16:51.820234,,,,,,,,,
0.00010332652891520411,0.005044710356742144,2025-11-22 06:16:52.054408,,,,,,,,,
0.0001065804244717583,0.004823555238544941,2025-11-22 06:16:52.297752,,,,,,,,,
0.00010136891796719283,0.004691243637353182,2025-11-22 06:16:52.543627,,,,,,,,,
0.00010026201925938949,0.004393943585455418,2025-11-22 06:16:52.795582,,,,,,,,,
0.00010537811613176018,0.004347040317952633,2025-11-22 06:16:53.041865,,,,,,,,,
0.0001018969269352965,0.004893572069704533,2025-11-22 06:16:53.281866,,,,,,,,,
0.00010396204015705734,0.004962750244885683,2025-11-22 06:16:53.536618,,,,,,,,,
0.0001137214494519867,0.005111245438456535,2025-11-22 06:16:53.782186,,,,,,,,,
0.00010844889766303822,0.005147860385477543,2025-11-22 06:16:54.026482,,,,,,,,,
9.6991250757128e-05,0.004643555730581284,2025-11-22 06:16:54.272074,,,,,,,,,
9.61192708928138e-05,0.005309938453137875,2025-11-22 06:16:54.517081,,,,,,,,,
0.00011294136493233964,0.005056554451584816,2025-11-22 06:16:54.764647,,,,,,,,,
0.00011219173757126555,0.005005617626011372,2025-11-22 06:16:55.005879,,,,,,,,,
0.00010169909364776686,0.004883218556642532,2025-11-22 06:16:55.258614,,,,,,,,,
9.594175207894295e-05,0.0044128308072686195,2025-11-22 06:16:55.505031,,,,,,,,,
0.0001006972452159971,0.004640430677682161,2025-11-22 06:16:55.746754,,,,,,,,,
0.00010323987226001918,0.0043411231599748135,2025-11-22 06:16:55.991937,,,,,,,,,
8.754133159527555e-05,0.0046396320685744286,2025-11-22 06:16:56.244192,,,,,,,,,
8.654708653921261e-05,0.004781356547027826,2025-11-22 06:16:56.492221,,,,,,,,,
9.693778702057898e-05,0.0049529848620295525,2025-11-22 06:16:56.732255,,,,,,,,,
9.322218102170154e-05,0.005535969976335764,2025-11-22 06:16:56.980313,,,,,,,,,
0.00011239856394240633,0.004869205877184868,2025-11-22 06:16:57.230641,,,,,,,,,
0.0001402997731929645,0.005211603827774525,2025-11-22 06:16:57.470245,,,,,,,,,
0.00013674155343323946,0.004857920575886965,2025-11-22 06:16:57.717235,,,,,,,,,
0.0001170427494798787,0.005166958086192608,2025-11-22 06:16:57.961316,,,,,,,,,
0.00011351872672094032,0.0060315243899822235,2025-11-22 06:16:58.215196,,,,,,,,,
0.00012618684559129179,0.005288195330649614,2025-11-22 06:16:58.462225,,,,,,,,,
0.00012869230704382062,0.004927604924887419,2025-11-22 06:16:58.723759,,,,,,,,,
0.00012309405428823084,0.0049107917584478855,2025-11-22 06:16:58.969325,,,,,,,,,
0.00012099050218239427,0.004826129414141178,2025-11-22 06:16:59.207060,,,,,,,,,
0.00012266228441148996,0.0049360073171556,2025-11-22 06:16:59.460303,,,,,,,,,
0.00012266699923202395,0.004879296291619539,2025-11-22 06:16:59.699119,,,,,,,,,
0.00011253549746470526,0.005114357452839613,2025-11-22 06:16:59.943628,,,,,,,,,
0.00010565804404905066,0.00507249915972352,2025-11-22 06:17:00.189996,,,,,,,,,
0.00010796185961226001,0.004584753420203924,2025-11-22 06:17:00.439023,,,,,,,,,
0.00010866682714549825,0.005079816561192274,2025-11-22 06:17:00.684272,,,,,,,,,
0.00010800251038745046,0.005164348520338535,2025-11-22 06:17:00.927962,,,,,,,,,
0.0001038614718709141,0.004549432545900345,2025-11-22 06:17:01.175394,,,,,,,,,
0.00010068042320199311,0.005059198010712862,2025-11-22 06:17:01.423275,,,,,,,,,
0.00010345925693400204,0.005029616411775351,2025-11-22 06:17:01.673580,,,,,,,,,
0.0001125852286349982,0.0052107516676187515,2025-11-22 06:17:01.933929,,,,,,,,,
0.0001112979807658121,0.0051429783925414085,2025-11-22 06:17:02.183343,,,,,,,,,
9.798415703698993e-05,0.00531661044806242,2025-11-22 06:17:02.426036,,,,,,,,,
9.09525842871517e-05,0.00489185331389308,2025-11-22 06:17:02.673882,,,,,,,,,
9.743448754306883e-05,0.005313908215612173,2025-11-22 06:17:02.933646,,,,,,,,,
0.00010625040886225179,0.004452003166079521,2025-11-22 06:17:03.174200,,,,,,,,,
9.390496416017413e-05,0.004383218474686146,2025-11-22 06:17:03.421229,,,,,,,,,
8.511036867275834e-05,0.005255589727312326,2025-11-22 06:17:03.682229,,,,,,,,,
8.997596887638792e-05,0.0046144151128828526,2025-11-22 06:17:03.913369,,,,,,,,,
9.88012834568508e-05,0.00470708217471838,2025-11-22 06:17:04.158586,,,,,,,,,
9.36258802539669e-05,0.0046399240382015705,2025-11-22 06:17:04.404923,,,,,,,,,
8.54230675031431e-05,0.004846225958317518,2025-11-22 06:17:04.652932,,,,,,,,,
8.709451503818855e-05,0.005173095967620611,2025-11-22 06:17:04.900042,,,,,,,,,
9.854423115029931e-05,0.005132018588483334,2025-11-22 06:17:05.155307,,,,,,,,,
0.00010458311589900404,0.005234068259596825,2025-11-22 06:17:05.393461,,,,,,,,,
9.415239765075967e-05,0.0049275606870651245,2025-11-22 06:17:05.645625,,,,,,,,,
9.424617746844888e-05,0.0046598222106695175,2025-11-22 06:17:05.885466,,,,,,,,,
0.00010292411025147885,0.004723520018160343,2025-11-22 06:17:06.131049,,,,,,,,,
0.00011052969057345763,0.004883700981736183,2025-11-22 06:17:06.378991,,,,,,,,,
0.00010073232260765508,0.00472888071089983,2025-11-22 06:17:06.625898,,,,,,,,,
8.870826422935352e-05,0.0047806985676288605,2025-11-22 06:17:06.871451,,,,,,,,,
8.940558473113924e-05,0.005149537231773138,2025-11-22 06:17:07.120689,,,,,,,,,
0.00010330871009500697,0.004703355487436056,2025-11-22 06:17:07.369636,,,,,,,,,
0.0001079271751223132,0.004658952821046114,2025-11-22 06:17:07.638356,,,,,,,,,
9.947187209036201e-05,0.004923867527395487,2025-11-22 06:17:07.875705,,,,,,,,,
9.407455945620313e-05,0.004843198694288731,2025-11-22 06:17:08.114105,,,,,,,,,
0.00010116706835106015,0.004145824816077948,2025-11-22 06:17:08.371918,,,,,,,,,
0.00010094623576151207,0.004843548871576786,2025-11-22 06:17:08.611185,,,,,,,,,
9.212233999278396e-05,0.004625934641808271,2025-11-22 06:17:08.857983,,,,,,,,,
8.695007272763178e-05,0.005019511096179485,2025-11-22 06:17:09.105940,,,,,,,,,
9.23044717637822e-05,0.004898915067315102,2025-11-22 06:17:09.357074,,,,,,,,,
,,2025-11-22 06:17:09.479036,0.00010076592863899552,0.004913677713678529,0.0015,,,,,,
,,2025-11-22 06:17:18.485332,,,,26.009836196899414,6.062926292419434,,,,
,,2025-11-22 06:17:18.486841,,,,,,0.00010105981290018043,0.0044241804593744185,26.009836196899414,6.062926292419434
0.00010105981345986947,0.004465890116989613,2025-11-22 06:17:22.186802,,,,,,,,,
0.00010020314948633313,0.004562382120639086,2025-11-22 06:17:22.429151,,,,,,,,,
9.508603397989646e-05,0.004393520299345255,2025-11-22 06:17:22.679384,,,,,,,,,
0.00010103518434334546,0.0046698166988790035,2025-11-22 06:17:22.921253,,,,,,,,,
0.00010418240708531812,0.004651105962693691,2025-11-22 06:17:23.174418,,,,,,,,,
0.00010286967153660953,0.004578211344778538,2025-11-22 06:17:23.416881,,,,,,,,,
9.6783900517039e-05,0.005170807242393494,2025-11-22 06:17:23.657990,,,,,,,,,
9.572087583364919e-05,0.004781524185091257,2025-11-22 06:17:23.900934,,,,,,,,,
9.842696454143152e-05,0.004876536317169666,2025-11-22 06:17:24.152773,,,,,,,,,
9.475132537772879e-05,0.005167853552848101,2025-11-22 06:17:24.394794,,,,,,,,,
9.427288023289293e-05,0.00478580966591835,2025-11-22 06:17:24.656229,,,,,,,,,
0.00010106128320330754,0.0050371382385492325,2025-11-22 06:17:24.890115,,,,,,,,,
0.0001070065118256025,0.004395516123622656,2025-11-22 06:17:25.135826,,,,,,,,,
9.986162331188098e-05,0.004731782246381044,2025-11-22 06:17:25.376408,,,,,,,,,
0.00010227543680230156,0.00467689149081707,2025-11-22 06:17:25.621975,,,,,,,,,
0.00010694047523429617,0.004471001215279102,2025-11-22 06:17:25.869093,,,,,,,,,
0.00010321899753762409,0.0044117881916463375,2025-11-22 06:17:26.115116,,,,,,,,,
9.657513874117285e-05,0.005110702943056822,2025-11-22 06:17:26.360672,,,,,,,,,
9.488347131991759e-05,0.004549524746835232,2025-11-22 06:17:26.605075,,,,,,,,,
0.00010213957284577191,0.005249073263257742,2025-11-22 06:17:26.859700,,,,,,,,,
0.00011275879660388455,0.004795767832547426,2025-11-22 06:17:27.095397,,,,,,,,,
9.909278742270544e-05,0.004120735451579094,2025-11-22 06:17:27.341276,,,,,,,,,
9.019185381475836e-05,0.004656085278838873,2025-11-22 06:17:27.586163,,,,,,,,,
9.643354860600084e-05,0.004709961358457804,2025-11-22 06:17:27.835081,,,,,,,,,
0.00010544684482738376,0.004238814581185579,2025-11-22 06:17:28.085030,,,,,,,,,
9.360883996123448e-05,0.0047749727964401245,2025-11-22 06:17:28.338064,,,,,,,,,
9.081575990421697e-05,0.003992389887571335,2025-11-22 06:17:28.581658,,,,,,,,,
9.66299485298805e-05,0.004357120953500271,2025-11-22 06:17:28.825514,,,,,,,,,
0.00010396744619356468,0.004399206954985857,2025-11-22 06:17:29.070814,,,,,,,,,
9.556730219628662e-05,0.004749693907797337,2025-11-22 06:17:29.317424,,,,,,,,,
8.801950752967969e-05,0.004640507511794567,2025-11-22 06:17:29.562562,,,,,,,,,
9.034011600306258e-05,0.00476092891767621,2025-11-22 06:17:29.811424,,,,,,,,,
9.775610669748858e-05,0.004482605028897524,2025-11-22 06:17:30.055700,,,,,,,,,
9.873571980278939e-05,0.004457402508705854,2025-11-22 06:17:30.304204,,,,,,,,,
9.607854735804722e-05,0.004677228629589081,2025-11-22 06:17:30.544426,,,,,,,,,
9.063591278390959e-05,0.004574180580675602,2025-11-22 06:17:30.790630,,,,,,,,,
9.137830056715757e-05,0.00486582238227129,2025-11-22 06:17:31.036761,,,,,,,,,
9.579615289112553e-05,0.004892138298600912,2025-11-22 06:17:31.287721,,,,,,,,,
9.936103015206754e-05,0.00436605978757143,2025-11-22 06:17:31.527442,,,,,,,,,
0.00010559102520346642,0.005038904026150703,2025-11-22 06:17:31.782057,,,,,,,,,
0.00011026360880350694,0.004681519698351622,2025-11-22 06:17:32.043428,,,,,,,,,
0.00010477539763087407,0.004179781768471003,2025-11-22 06:17:32.304500,,,,,,,,,
9.48224842431955e-05,0.004824107512831688,2025-11-22 06:17:32.533627,,,,,,,,,
9.425768803339452e-05,0.004679015371948481,2025-11-22 06:17:32.778380,,,,,,,,,
9.438655251869932e-05,0.004913276061415672,2025-11-22 06:17:33.026567,,,,,,,,,
9.74610447883606e-05,0.004364609252661467,2025-11-22 06:17:33.271654,,,,,,,,,
9.941185271600261e-05,0.0044400859624147415,2025-11-22 06:17:33.512119,,,,,,,,,
0.00010208015737589449,0.004591607954353094,2025-11-22 06:17:33.758387,,,,,,,,,
0.00010516439215280116,0.004327822010964155,2025-11-22 06:17:34.006868,,,,,,,,,
0.00010730670328484848,0.004966645501554012,2025-11-22 06:17:34.265924,,,,,,,,,
0.0001027064208756201,0.004841408226639032,2025-11-22 06:17:34.503322,,,,,,,,,
9.382890857523307e-05,0.0046310508623719215,2025-11-22 06:17:34.752149,,,,,,,,,
9.598824544809759e-05,0.004636432975530624,2025-11-22 06:17:34.993369,,,,,,,,,
0.00010476985335117206,0.004718915559351444,2025-11-22 06:17:35.237024,,,,,,,,,
0.00010708318586694077,0.004218087997287512,2025-11-22 06:17:35.482334,,,,,,,,,
9.998482710216194e-05,0.004718441516160965,2025-11-22 06:17:35.748761,,,,,,,,,
9.941750613506883e-05,0.004491949919611216,2025-11-22 06:17:35.975118,,,,,,,,,
0.00010401165491202846,0.004328516311943531,2025-11-22 06:17:36.237424,,,,,,,,,
0.00010228688188362867,0.004572885576635599,2025-11-22 06:17:36.469905,,,,,,,,,
9.764618152985349e-05,0.004517727997153997,2025-11-22 06:17:36.718192,,,,,,,,,
0.00010431904229335487,0.004305299837142229,2025-11-22 06:17:36.968514,,,,,,,,,
0.00010803579061757773,0.004392544738948345,2025-11-22 06:17:37.229389,,,,,,,,,
0.00010122217645402998,0.0038964031264185905,2025-11-22 06:17:37.477119,,,,,,,,,
9.113881969824433e-05,0.004253839608281851,2025-11-22 06:17:37.719246,,,,,,,,,
8.9353954535909e-05,0.004877034109085798,2025-11-22 06:17:37.966842,,,,,,,,,
9.57992160692811e-05,0.005026009399443865,2025-11-22 06:17:38.212349,,,,,,,,,
0.00010308313358109444,0.004567594267427921,2025-11-22 06:17:38.540791,,,,,,,,,
0.00010248325997963548,0.004378142300993204,2025-11-22 06:17:38.785330,,,,,,,,,
0.000101157245808281,0.00437176926061511,2025-11-22 06:17:39.032294,,,,,,,,,
0.00010140539961867034,0.00482952268794179,2025-11-22 06:17:39.285783,,,,,,,,,
9.850685455603525e-05,0.004389286506921053,2025-11-22 06:17:39.530294,,,,,,,,,
9.142738417722285e-05,0.004813498351722956,2025-11-22 06:17:39.772574,,,,,,,,,
9.407709876541048e-05,0.004533530678600073,2025-11-22 06:17:40.030661,,,,,,,,,
0.0001018904076772742,0.003794873133301735,2025-11-22 06:17:40.278360,,,,,,,,,
9.567316737957299e-05,0.00413757748901844,2025-11-22 06:17:40.524592,,,,,,,,,
9.253661119146273e-05,0.0047632367350161076,2025-11-22 06:17:40.781033,,,,,,,,,
9.981012408388779e-05,0.004464815836399794,2025-11-22 06:17:41.021987,,,,,,,,,
0.00010066929826280102,0.004303463269025087,2025-11-22 06:17:41.279380,,,,,,,,,
9.404235606780276e-05,0.005203059408813715,2025-11-22 06:17:41.533456,,,,,,,,,
9.605326340533793e-05,0.004578954074531794,2025-11-22 06:17:41.765829,,,,,,,,,
9.862493607215583e-05,0.004751182161271572,2025-11-22 06:17:42.017449,,,,,,,,,
0.00010543238749960437,0.004208581987768412,2025-11-22 06:17:42.266342,,,,,,,,,
0.00010625225695548579,0.00404257932677865,2025-11-22 06:17:42.511824,,,,,,,,,
9.640371717978269e-05,0.004167802166193724,2025-11-22 06:17:42.756117,,,,,,,,,
9.119370952248573e-05,0.004591307137161493,2025-11-22 06:17:43.003927,,,,,,,,,
9.30017777136527e-05,0.004673137329518795,2025-11-22 06:17:43.244037,,,,,,,,,
9.944817429641262e-05,0.004627721384167671,2025-11-22 06:17:43.496019,,,,,,,,,
0.00010339216532884166,0.005404898431152105,2025-11-22 06:17:43.761646,,,,,,,,,
0.00010578872752375901,0.004608705639839172,2025-11-22 06:17:43.985877,,,,,,,,,
0.00010485332313692197,0.004135149531066418,2025-11-22 06:17:44.238013,,,,,,,,,
0.00010387017391622066,0.004845874849706888,2025-11-22 06:17:44.481502,,,,,,,,,
9.927774226525798e-05,0.004253617022186518,2025-11-22 06:17:44.730837,,,,,,,,,
9.305653657065704e-05,0.0052760024555027485,2025-11-22 06:17:44.978560,,,,,,,,,
9.27126020542346e-05,0.004450035747140646,2025-11-22 06:17:45.225030,,,,,,,,,
9.598365431884304e-05,0.004384575877338648,2025-11-22 06:17:45.481619,,,,,,,,,
9.838653932092711e-05,0.004452981054782867,2025-11-22 06:17:45.725715,,,,,,,,,
9.322380356024951e-05,0.004713925067335367,2025-11-22 06:17:45.970922,,,,,,,,,
9.004784078570083e-05,0.005039815790951252,2025-11-22 06:17:46.215194,,,,,,,,,
9.302607941208407e-05,0.00438259681686759,2025-11-22 06:17:46.466358,,,,,,,,,
9.705970296636224e-05,0.004743886645883322,2025-11-22 06:17:46.710748,,,,,,,,,
9.932060493156314e-05,0.003645367920398712,2025-11-22 06:17:46.973353,,,,,,,,,
9.649051207816228e-05,0.004383118357509375,2025-11-22 06:17:47.207761,,,,,,,,,
9.661851800046861e-05,0.004067839123308659,2025-11-22 06:17:47.454331,,,,,,,,,
9.077016147784889e-05,0.003800962120294571,2025-11-22 06:17:47.704025,,,,,,,,,
8.665494533488527e-05,0.004883214365690947,2025-11-22 06:17:47.954391,,,,,,,,,
8.792802691459656e-05,0.004348637070506811,2025-11-22 06:17:48.196964,,,,,,,,,
9.488676732871681e-05,0.00396170886233449,2025-11-22 06:17:48.448657,,,,,,,,,
9.934785339282826e-05,0.004622763954102993,2025-11-22 06:17:48.691481,,,,,,,,,
0.0001036357571138069,0.0037528483662754297,2025-11-22 06:17:48.935599,,,,,,,,,
9.67599407886155e-05,0.004611470736563206,2025-11-22 06:17:49.196212,,,,,,,,,
9.060845331987366e-05,0.004725177772343159,2025-11-22 06:17:49.448371,,,,,,,,,
9.101008618017659e-05,0.0043040551245212555,2025-11-22 06:17:49.696745,,,,,,,,,
9.200831118505448e-05,0.0042769829742610455,2025-11-22 06:17:49.931776,,,,,,,,,
9.612787107471377e-05,0.004644834436476231,2025-11-22 06:17:50.184181,,,,,,,,,
0.00010523453238420188,0.004088937304913998,2025-11-22 06:17:50.430360,,,,,,,,,
0.00010289282363373786,0.004140089266002178,2025-11-22 06:17:50.680046,,,,,,,,,
9.633268928155303e-05,0.004502902738749981,2025-11-22 06:17:50.928159,,,,,,,,,
9.841650171438232e-05,0.0036665285006165504,2025-11-22 06:17:51.173685,,,,,,,,,
9.49006644077599e-05,0.004365658853203058,2025-11-22 06:17:51.418613,,,,,,,,,
8.537733810953796e-05,0.004046771675348282,2025-11-22 06:17:51.662572,,,,,,,,,
7.997788634384051e-05,0.004414756316691637,2025-11-22 06:17:51.925674,,,,,,,,,
8.304297807626426e-05,0.004273150581866503,2025-11-22 06:17:52.164211,,,,,,,,,
8.972652722150087e-05,0.003925556316971779,2025-11-22 06:17:52.406229,,,,,,,,,
9.288279397878796e-05,0.004342447035014629,2025-11-22 06:17:52.655374,,,,,,,,,
9.575731382938102e-05,0.00437396764755249,2025-11-22 06:17:52.898594,,,,,,,,,
9.632519504521042e-05,0.004552800673991442,2025-11-22 06:17:53.148288,,,,,,,,,
9.325552673544735e-05,0.004544335883110762,2025-11-22 06:17:53.405014,,,,,,,,,
9.463628521189094e-05,0.004264832008630037,2025-11-22 06:17:53.642098,,,,,,,,,
9.616066381568089e-05,0.004793860949575901,2025-11-22 06:17:53.893572,,,,,,,,,
9.510252857580781e-05,0.004084144718945026,2025-11-22 06:17:54.139092,,,,,,,,,
9.104875061893836e-05,0.004055023193359375,2025-11-22 06:17:54.388829,,,,,,,,,
8.713606803212315e-05,0.004411834757775068,2025-11-22 06:17:54.638970,,,,,,,,,
9.229942952515557e-05,0.004003795795142651,2025-11-22 06:17:54.887356,,,,,,,,,
9.684322139946744e-05,0.004245402291417122,2025-11-22 06:17:55.132159,,,,,,,,,
9.791988850338385e-05,0.004388005938380957,2025-11-22 06:17:55.384919,,,,,,,,,
9.948959632311016e-05,0.00430489843711257,2025-11-22 06:17:55.626284,,,,,,,,,
9.678665810497478e-05,0.0040836515836417675,2025-11-22 06:17:55.876589,,,,,,,,,
8.912313205655664e-05,0.004157768562436104,2025-11-22 06:17:56.116410,,,,,,,,,
8.758566400501877e-05,0.004536628723144531,2025-11-22 06:17:56.369671,,,,,,,,,
8.636065467726439e-05,0.004476086236536503,2025-11-22 06:17:56.617626,,,,,,,,,
8.481222175760195e-05,0.004336114507168531,2025-11-22 06:17:56.866330,,,,,,,,,
8.71688753250055e-05,0.003982831258326769,2025-11-22 06:17:57.105445,,,,,,,,,
9.462531306780875e-05,0.004369624424725771,2025-11-22 06:17:57.353740,,,,,,,,,
9.675913315732032e-05,0.004442387726157904,2025-11-22 06:17:57.601396,,,,,,,,,
,,2025-11-22 06:17:57.675459,9.71394647927405e-05,0.004498402062583611,0.0015,,,,,,
,,2025-11-22 06:18:06.224912,,,,26.282947540283203,6.423766136169434,,,,
,,2025-11-22 06:18:06.227546,,,,,,9.490027206573778e-05,0.004073498922830017,26.282947540283203,6.423766136169434
9.490027150604874e-05,0.004272001329809427,2025-11-22 06:18:10.364996,,,,,,,,,
9.64612772804685e-05,0.0040545170195400715,2025-11-22 06:18:10.613782,,,,,,,,,
9.492436947766691e-05,0.003983265720307827,2025-11-22 06:18:10.857454,,,,,,,,,
9.16684657568112e-05,0.004834178369492292,2025-11-22 06:18:11.105060,,,,,,,,,
9.025156032294035e-05,0.004384445492178202,2025-11-22 06:18:11.352332,,,,,,,,,
9.289018635172397e-05,0.00445179920643568,2025-11-22 06:18:11.592889,,,,,,,,,
9.561308252159506e-05,0.0037850236985832453,2025-11-22 06:18:11.836589,,,,,,,,,
0.00010006937372963876,0.004148859530687332,2025-11-22 06:18:12.111074,,,,,,,,,
9.776357910595834e-05,0.004216816276311874,2025-11-22 06:18:12.351969,,,,,,,,,
9.402306750416756e-05,0.003935809247195721,2025-11-22 06:18:12.600429,,,,,,,,,
9.496916027273983e-05,0.0043638707138597965,2025-11-22 06:18:12.856550,,,,,,,,,
9.119347669184208e-05,0.004667673725634813,2025-11-22 06:18:13.088700,,,,,,,,,
9.69597022049129e-05,0.004409304354339838,2025-11-22 06:18:13.334745,,,,,,,,,
0.00010289905912941322,0.004154518246650696,2025-11-22 06:18:13.580143,,,,,,,,,
9.74415015662089e-05,0.004065420478582382,2025-11-22 06:18:13.818574,,,,,,,,,
9.229993884218857e-05,0.00444949371740222,2025-11-22 06:18:14.075931,,,,,,,,,
9.788072929950431e-05,0.004177572205662727,2025-11-22 06:18:14.310738,,,,,,,,,
0.00010420884063933045,0.0041795107536017895,2025-11-22 06:18:14.562876,,,,,,,,,
9.82933197519742e-05,0.004411807283759117,2025-11-22 06:18:14.804212,,,,,,,,,
9.44086496019736e-05,0.004392713773995638,2025-11-22 06:18:15.050713,,,,,,,,,
9.441480506211519e-05,0.004301799926906824,2025-11-22 06:18:15.299508,,,,,,,,,
9.069970110431314e-05,0.0046761250123381615,2025-11-22 06:18:15.542129,,,,,,,,,
9.501169552095234e-05,0.004200309049338102,2025-11-22 06:18:15.787411,,,,,,,,,
0.00010050448327092454,0.00422758050262928,2025-11-22 06:18:16.030790,,,,,,,,,
9.663643140811473e-05,0.004179393406957388,2025-11-22 06:18:16.292365,,,,,,,,,
9.340513497591019e-05,0.004442690405994654,2025-11-22 06:18:16.523884,,,,,,,,,
9.472620877204463e-05,0.0046643586829304695,2025-11-22 06:18:16.768992,,,,,,,,,
9.721637616166845e-05,0.004196599591523409,2025-11-22 06:18:17.016405,,,,,,,,,
9.601465717423707e-05,0.004685330670326948,2025-11-22 06:18:17.264359,,,,,,,,,
0.00010007605305872858,0.0038585462607443333,2025-11-22 06:18:17.508841,,,,,,,,,
9.574923751642928e-05,0.0042783538810908794,2025-11-22 06:18:17.758006,,,,,,,,,
9.377161040902138e-05,0.004357354249805212,2025-11-22 06:18:18.001167,,,,,,,,,
9.775810758583248e-05,0.0038947593420743942,2025-11-22 06:18:18.248361,,,,,,,,,
9.640733333071694e-05,0.004731247667223215,2025-11-22 06:18:18.501203,,,,,,,,,
0.00010181027028011158,0.0043617114424705505,2025-11-22 06:18:18.735779,,,,,,,,,
0.0001019817209453322,0.003490298520773649,2025-11-22 06:18:18.978053,,,,,,,,,
9.555203723721206e-05,0.004156612791121006,2025-11-22 06:18:19.234084,,,,,,,,,
9.618121111998335e-05,0.0043439706787467,2025-11-22 06:18:19.486860,,,,,,,,,
9.520995081402361e-05,0.004156095907092094,2025-11-22 06:18:19.722768,,,,,,,,,
9.011253860080615e-05,0.004683909006416798,2025-11-22 06:18:19.965856,,,,,,,,,
9.269500151276588e-05,0.00458504119887948,2025-11-22 06:18:20.216948,,,,,,,,,
9.826026507653296e-05,0.0041911243461072445,2025-11-22 06:18:20.465304,,,,,,,,,
9.451610094401985e-05,0.004126983229070902,2025-11-22 06:18:20.708027,,,,,,,,,
9.61384066613391e-05,0.004275090526789427,2025-11-22 06:18:20.956117,,,,,,,,,
0.00010349437070544809,0.00397423654794693,2025-11-22 06:18:21.207338,,,,,,,,,
0.00010118311183759943,0.004333720542490482,2025-11-22 06:18:21.456955,,,,,,,,,
9.459768625674769e-05,0.003979085013270378,2025-11-22 06:18:21.708312,,,,,,,,,
9.512330871075392e-05,0.004045751411467791,2025-11-22 06:18:21.945337,,,,,,,,,
9.899403812596574e-05,0.0038750283420085907,2025-11-22 06:18:22.204668,,,,,,,,,
9.369434701511636e-05,0.004169888328760862,2025-11-22 06:18:22.441018,,,,,,,,,
9.068658255273476e-05,0.004074838478118181,2025-11-22 06:18:22.685754,,,,,,,,,
8.899053500499576e-05,0.00413099629804492,2025-11-22 06:18:22.939000,,,,,,,,,
8.263230120064691e-05,0.004777322523295879,2025-11-22 06:18:23.178249,,,,,,,,,
8.427205466432497e-05,0.004974622279405594,2025-11-22 06:18:23.423680,,,,,,,,,
9.306526771979406e-05,0.004215928725898266,2025-11-22 06:18:23.673231,,,,,,,,,
9.517915168544278e-05,0.004017919767647982,2025-11-22 06:18:23.920272,,,,,,,,,
9.836272511165589e-05,0.0039339736104011536,2025-11-22 06:18:24.192300,,,,,,,,,
9.890308137983084e-05,0.004212414380162954,2025-11-22 06:18:24.429362,,,,,,,,,
9.536100697005168e-05,0.003968346398323774,2025-11-22 06:18:24.676645,,,,,,,,,
8.809877908788621e-05,0.004138862248510122,2025-11-22 06:18:24.922368,,,,,,,,,
9.259576472686604e-05,0.004196865949779749,2025-11-22 06:18:25.178232,,,,,,,,,
0.0001029703562380746,0.004317812155932188,2025-11-22 06:18:25.428019,,,,,,,,,
9.851896174950525e-05,0.004313968122005463,2025-11-22 06:18:25.665063,,,,,,,,,
0.0001023089571390301,0.0045473151840269566,2025-11-22 06:18:25.912053,,,,,,,,,
0.00011216913117095828,0.0042809536680579185,2025-11-22 06:18:26.157607,,,,,,,,,
0.00010176840441999957,0.00465526944026351,2025-11-22 06:18:26.409870,,,,,,,,,
9.778553067008033e-05,0.003721693530678749,2025-11-22 06:18:26.664687,,,,,,,,,
9.367255552206188e-05,0.004094404634088278,2025-11-22 06:18:26.903211,,,,,,,,,
9.253960888599977e-05,0.0042960247956216335,2025-11-22 06:18:27.151993,,,,,,,,,
9.551284165354446e-05,0.003973884508013725,2025-11-22 06:18:27.391328,,,,,,,,,
9.622541983844712e-05,0.0039432295598089695,2025-11-22 06:18:27.644385,,,,,,,,,
0.00010259642294840887,0.004277131054550409,2025-11-22 06:18:27.885861,,,,,,,,,
0.0001061427392414771,0.0037280030082911253,2025-11-22 06:18:28.133428,,,,,,,,,
9.751551260706037e-05,0.0040669688023626804,2025-11-22 06:18:28.392476,,,,,,,,,
9.200666681863368e-05,0.004018085077404976,2025-11-22 06:18:28.626696,,,,,,,,,
9.390262130182236e-05,0.004390019457787275,2025-11-22 06:18:28.873248,,,,,,,,,
9.240140207111835e-05,0.00393490819260478,2025-11-22 06:18:29.131237,,,,,,,,,
9.031084482558072e-05,0.0042604710906744,2025-11-22 06:18:29.372958,,,,,,,,,
9.506309288553894e-05,0.004128066822886467,2025-11-22 06:18:29.620715,,,,,,,,,
9.697274072095752e-05,0.003945722710341215,2025-11-22 06:18:29.870833,,,,,,,,,
8.990755304694176e-05,0.004328377079218626,2025-11-22 06:18:30.115381,,,,,,,,,
9.227481496054679e-05,0.003944881726056337,2025-11-22 06:18:30.361839,,,,,,,,,
9.5876217528712e-05,0.00451467651873827,2025-11-22 06:18:30.608863,,,,,,,,,
8.523221913492307e-05,0.004380523692816496,2025-11-22 06:18:30.848917,,,,,,,,,
9.511670214124024e-05,0.004871708806604147,2025-11-22 06:18:31.101491,,,,,,,,,
0.00011729580000974238,0.004019962158054113,2025-11-22 06:18:31.349078,,,,,,,,,
9.357013186672702e-05,0.004801418632268906,2025-11-22 06:18:31.603221,,,,,,,,,
8.3669408923015e-05,0.004641198553144932,2025-11-22 06:18:31.854345,,,,,,,,,
8.835220069158822e-05,0.004583706613630056,2025-11-22 06:18:32.101619,,,,,,,,,
9.93215071503073e-05,0.004348829388618469,2025-11-22 06:18:32.344186,,,,,,,,,
0.00010094576282426715,0.004025960341095924,2025-11-22 06:18:32.604563,,,,,,,,,
9.934679110301659e-05,0.004442461300641298,2025-11-22 06:18:32.840059,,,,,,,,,
0.00010259084228891879,0.004649356938898563,2025-11-22 06:18:33.084003,,,,,,,,,
0.0001041625437210314,0.004902176558971405,2025-11-22 06:18:33.331817,,,,,,,,,
9.789544128580019e-05,0.0040455590933561325,2025-11-22 06:18:33.588826,,,,,,,,,
9.712335304357111e-05,0.004005230963230133,2025-11-22 06:18:33.830875,,,,,,,,,
9.740491805132478e-05,0.003967749886214733,2025-11-22 06:18:34.081510,,,,,,,,,
8.697729208506644e-05,0.004261537455022335,2025-11-22 06:18:34.323170,,,,,,,,,
8.239183080149814e-05,0.004290492739528418,2025-11-22 06:18:34.584831,,,,,,,,,
8.160065772244707e-05,0.004412890877574682,2025-11-22 06:18:34.823371,,,,,,,,,
8.579863060731441e-05,0.004598009865731001,2025-11-22 06:18:35.065871,,,,,,,,,
8.906004222808406e-05,0.0040105911903083324,2025-11-22 06:18:35.316684,,,,,,,,,
9.157885506283492e-05,0.004406270105391741,2025-11-22 06:18:35.563151,,,,,,,,,
9.653245797380805e-05,0.003918241709470749,2025-11-22 06:18:35.811738,,,,,,,,,
9.657436748966575e-05,0.004743184428662062,2025-11-22 06:18:36.055510,,,,,,,,,
9.245464025298133e-05,0.004429748747497797,2025-11-22 06:18:36.301988,,,,,,,,,
8.954874647315592e-05,0.004632820375263691,2025-11-22 06:18:36.577188,,,,,,,,,
9.201087232213467e-05,0.004496939480304718,2025-11-22 06:18:36.823824,,,,,,,,,
9.898345888359472e-05,0.003957939334213734,2025-11-22 06:18:37.070214,,,,,,,,,
9.832678188104182e-05,0.004440475720912218,2025-11-22 06:18:37.312857,,,,,,,,,
9.66376464930363e-05,0.003494886215776205,2025-11-22 06:18:37.562126,,,,,,,,,
9.817588579608127e-05,0.0039965445175766945,2025-11-22 06:18:37.808166,,,,,,,,,
9.866541222436354e-05,0.0038924014661461115,2025-11-22 06:18:38.054048,,,,,,,,,
9.578747994964942e-05,0.003767662215977907,2025-11-22 06:18:38.300771,,,,,,,,,
9.829719783738256e-05,0.004206508863717318,2025-11-22 06:18:38.548598,,,,,,,,,
9.607052197679877e-05,0.004065247718244791,2025-11-22 06:18:38.804011,,,,,,,,,
9.059037256520241e-05,0.00403251638635993,2025-11-22 06:18:39.051747,,,,,,,,,
8.941160922404379e-05,0.004170536529272795,2025-11-22 06:18:39.290307,,,,,,,,,
8.749348489800468e-05,0.004005943890661001,2025-11-22 06:18:39.535069,,,,,,,,,
9.046914055943489e-05,0.004280074965208769,2025-11-22 06:18:39.782203,,,,,,,,,
9.686409612186253e-05,0.0038594314828515053,2025-11-22 06:18:40.034291,,,,,,,,,
9.397052053827792e-05,0.00418828334659338,2025-11-22 06:18:40.281711,,,,,,,,,
8.910148608265445e-05,0.004207618068903685,2025-11-22 06:18:40.538585,,,,,,,,,
8.926258306019008e-05,0.004067073576152325,2025-11-22 06:18:40.779184,,,,,,,,,
9.028997010318562e-05,0.004202706273645163,2025-11-22 06:18:41.023998,,,,,,,,,
9.409443737240508e-05,0.004232770297676325,2025-11-22 06:18:41.269831,,,,,,,,,
9.500527812633663e-05,0.0043312967754900455,2025-11-22 06:18:41.518900,,,,,,,,,
9.755172504810616e-05,0.004077084828168154,2025-11-22 06:18:41.763266,,,,,,,,,
9.274864714825526e-05,0.004671607166528702,2025-11-22 06:18:42.015388,,,,,,,,,
0.0001025592428050004,0.0034416732378304005,2025-11-22 06:18:42.263247,,,,,,,,,
0.00010663946159183979,0.004022898618131876,2025-11-22 06:18:42.507598,,,,,,,,,
9.543877968098968e-05,0.0046157450415194035,2025-11-22 06:18:42.752555,,,,,,,,,
9.53297785599716e-05,0.004364725202322006,2025-11-22 06:18:43.008096,,,,,,,,,
0.00010272552026435733,0.004418760538101196,2025-11-22 06:18:43.245394,,,,,,,,,
0.00010180434765061364,0.004482949152588844,2025-11-22 06:18:43.517763,,,,,,,,,
9.986991790356115e-05,0.0035951444879174232,2025-11-22 06:18:43.741929,,,,,,,,,
9.443167073186487e-05,0.004074604716151953,2025-11-22 06:18:43.997553,,,,,,,,,
9.499658335698768e-05,0.004018296487629414,2025-11-22 06:18:44.260068,,,,,,,,,
9.51436668401584e-05,0.004130681976675987,2025-11-22 06:18:44.486992,,,,,,,,,
8.991231152322143e-05,0.004416394047439098,2025-11-22 06:18:44.738443,,,,,,,,,
8.795675967121497e-05,0.004004404880106449,2025-11-22 06:18:44.988632,,,,,,,,,
8.90887386049144e-05,0.00409292196854949,2025-11-22 06:18:45.229371,,,,,,,,,
9.256204793928191e-05,0.004379607271403074,2025-11-22 06:18:45.476552,,,,,,,,,
9.808865434024483e-05,0.00471942313015461,2025-11-22 06:18:45.723000,,,,,,,,,
,,2025-11-22 06:18:45.799739,9.53371298035361e-05,0.0042355483730918625,0.0015,,,,,,
,,2025-11-22 06:18:54.165858,,,,26.091564178466797,6.705746173858643,,,,
,,2025-11-22 06:18:54.167818,,,,,,9.91758158936416e-05,0.0038177611109299157,26.091564178466797,6.705746173858643
9.917581337504089e-05,0.0038404283113777637,2025-11-22 06:18:58.466588,,,,,,,,,
9.289607260143384e-05,0.0038752886466681957,2025-11-22 06:18:58.723933,,,,,,,,,
9.331243199994788e-05,0.00352989393286407,2025-11-22 06:18:58.964318,,,,,,,,,
9.397364920005202e-05,0.004046277608722448,2025-11-22 06:18:59.210877,,,,,,,,,
9.028139902511612e-05,0.004298624582588673,2025-11-22 06:18:59.449484,,,,,,,,,
8.586580224800855e-05,0.0039012786000967026,2025-11-22 06:18:59.693108,,,,,,,,,
8.550667553208768e-05,0.003967825789004564,2025-11-22 06:18:59.940179,,,,,,,,,
9.080191375687718e-05,0.0042429338209331036,2025-11-22 06:19:00.187986,,,,,,,,,
9.464137838222086e-05,0.00393297104164958,2025-11-22 06:19:00.432936,,,,,,,,,
9.925739868776873e-05,0.003918449394404888,2025-11-22 06:19:00.676894,,,,,,,,,
0.00010059632768388838,0.0041000754572451115,2025-11-22 06:19:00.921948,,,,,,,,,
9.573934221407399e-05,0.0037554989103227854,2025-11-22 06:19:01.178016,,,,,,,,,
8.790908759692684e-05,0.0036357385106384754,2025-11-22 06:19:01.423127,,,,,,,,,
8.757944306125864e-05,0.0039062825962901115,2025-11-22 06:19:01.667931,,,,,,,,,
9.165752271655947e-05,0.004807136952877045,2025-11-22 06:19:01.916448,,,,,,,,,
8.933254866860807e-05,0.0038665984757244587,2025-11-22 06:19:02.171083,,,,,,,,,
8.49067437229678e-05,0.004645059350878,2025-11-22 06:19:02.411731,,,,,,,,,
9.040187433129176e-05,0.004725453909486532,2025-11-22 06:19:02.655211,,,,,,,,,
9.317295189248398e-05,0.003906430676579475,2025-11-22 06:19:02.902070,,,,,,,,,
9.468005737289786e-05,0.004168749321252108,2025-11-22 06:19:03.150768,,,,,,,,,
0.00010401782492408529,0.004001285415142775,2025-11-22 06:19:03.393661,,,,,,,,,
0.00010045948874903843,0.004235734231770039,2025-11-22 06:19:03.647021,,,,,,,,,
9.204984962707385e-05,0.0040400829166173935,2025-11-22 06:19:03.904780,,,,,,,,,
8.982029248727486e-05,0.004165122285485268,2025-11-22 06:19:04.143419,,,,,,,,,
9.218155173584819e-05,0.004247155971825123,2025-11-22 06:19:04.389125,,,,,,,,,
9.815446537686512e-05,0.004544359631836414,2025-11-22 06:19:04.637172,,,,,,,,,
9.952879190677777e-05,0.0044892700389027596,2025-11-22 06:19:04.881175,,,,,,,,,
0.00010170210589421913,0.004052744712680578,2025-11-22 06:19:05.130348,,,,,,,,,
0.00010059153282782063,0.003731881733983755,2025-11-22 06:19:05.379552,,,,,,,,,
9.984218195313588e-05,0.004036842845380306,2025-11-22 06:19:05.622986,,,,,,,,,
0.00010774047404993325,0.004083111882209778,2025-11-22 06:19:05.869657,,,,,,,,,
0.00010311036749044433,0.003604489378631115,2025-11-22 06:19:06.113789,,,,,,,,,
9.744342241901904e-05,0.0038133522029966116,2025-11-22 06:19:06.359284,,,,,,,,,
9.674546890892088e-05,0.0045505366288125515,2025-11-22 06:19:06.623041,,,,,,,,,
9.35271818889305e-05,0.004742878023535013,2025-11-22 06:19:06.857092,,,,,,,,,
9.072638204088435e-05,0.0036926078610122204,2025-11-22 06:19:07.103140,,,,,,,,,
9.348276944365352e-05,0.0040138037875294685,2025-11-22 06:19:07.370497,,,,,,,,,
9.988098463509232e-05,0.00361246638931334,2025-11-22 06:19:07.608503,,,,,,,,,
9.557638259138912e-05,0.0039626555517315865,2025-11-22 06:19:07.853428,,,,,,,,,
8.926298323785886e-05,0.0038426595274358988,2025-11-22 06:19:08.107410,,,,,,,,,
9.230567957274616e-05,0.004056153353303671,2025-11-22 06:19:08.351429,,,,,,,,,
9.632239380152896e-05,0.0038315379060804844,2025-11-22 06:19:08.599370,,,,,,,,,
9.639030758989975e-05,0.004208345897495747,2025-11-22 06:19:08.839039,,,,,,,,,
9.709686855785549e-05,0.004388267640024424,2025-11-22 06:19:09.098690,,,,,,,,,
9.776173101272434e-05,0.0037084678187966347,2025-11-22 06:19:09.330656,,,,,,,,,
9.656058682594448e-05,0.00405476801097393,2025-11-22 06:19:09.583398,,,,,,,,,
9.156982559943572e-05,0.0038978250231593847,2025-11-22 06:19:09.827448,,,,,,,,,
8.925413567340001e-05,0.004894119221717119,2025-11-22 06:19:10.073891,,,,,,,,,
9.949511149898171e-05,0.00411620968952775,2025-11-22 06:19:10.314351,,,,,,,,,
9.78506650426425e-05,0.004274704959243536,2025-11-22 06:19:10.573993,,,,,,,,,
0.00010108266724273562,0.004119884688407183,2025-11-22 06:19:10.820717,,,,,,,,,
0.00011108615581179038,0.00415120180696249,2025-11-22 06:19:11.059374,,,,,,,,,
0.00011103663564426824,0.003704899223521352,2025-11-22 06:19:11.306133,,,,,,,,,
0.0001011396452668123,0.0036945061292499304,2025-11-22 06:19:11.554710,,,,,,,,,
9.710052108857781e-05,0.00411201361566782,2025-11-22 06:19:11.800191,,,,,,,,,
9.545003558741882e-05,0.00371728022582829,2025-11-22 06:19:12.052692,,,,,,,,,
8.98886937648058e-05,0.0039845360442996025,2025-11-22 06:19:12.295743,,,,,,,,,
8.776338654570282e-05,0.0037433113902807236,2025-11-22 06:19:12.541879,,,,,,,,,
9.050562948687002e-05,0.004193936474621296,2025-11-22 06:19:12.789631,,,,,,,,,
8.51174772833474e-05,0.0041080666705966,2025-11-22 06:19:13.038013,,,,,,,,,
8.742053614696488e-05,0.004281572066247463,2025-11-22 06:19:13.282859,,,,,,,,,
8.93345131771639e-05,0.0035822386853396893,2025-11-22 06:19:13.531524,,,,,,,,,
8.777781476965174e-05,0.003983846865594387,2025-11-22 06:19:13.787834,,,,,,,,,
9.132938430411741e-05,0.003641960211098194,2025-11-22 06:19:14.032221,,,,,,,,,
9.241624502465129e-05,0.003988666459918022,2025-11-22 06:19:14.280807,,,,,,,,,
9.148212120635435e-05,0.0038358625024557114,2025-11-22 06:19:14.531465,,,,,,,,,
8.977972902357578e-05,0.003791184863075614,2025-11-22 06:19:14.768959,,,,,,,,,
9.4186732894741e-05,0.004615951795130968,2025-11-22 06:19:15.016867,,,,,,,,,
0.00010244948498439044,0.004155418835580349,2025-11-22 06:19:15.266999,,,,,,,,,
9.44172206800431e-05,0.0039078351110219955,2025-11-22 06:19:15.519152,,,,,,,,,
9.119566675508395e-05,0.003809488844126463,2025-11-22 06:19:15.768112,,,,,,,,,
9.35318021220155e-05,0.003908155951648951,2025-11-22 06:19:16.013902,,,,,,,,,
8.819282811600715e-05,0.00426865741610527,2025-11-22 06:19:16.267695,,,,,,,,,
8.379590144613758e-05,0.004430043511092663,2025-11-22 06:19:16.525283,,,,,,,,,
9.027327905641869e-05,0.004366279114037752,2025-11-22 06:19:16.773473,,,,,,,,,
9.885656618280336e-05,0.004114385694265366,2025-11-22 06:19:17.015364,,,,,,,,,
0.00010277446563122794,0.003863972146064043,2025-11-22 06:19:17.266117,,,,,,,,,
9.169937402475625e-05,0.00402029138058424,2025-11-22 06:19:17.520310,,,,,,,,,
8.607304334873334e-05,0.0042460584081709385,2025-11-22 06:19:17.758475,,,,,,,,,
8.643428009236231e-05,0.004089872352778912,2025-11-22 06:19:18.007290,,,,,,,,,
8.730975969228894e-05,0.004136054776608944,2025-11-22 06:19:18.254941,,,,,,,,,
9.944627527147532e-05,0.003846443258225918,2025-11-22 06:19:18.503812,,,,,,,,,
0.00010632490739226341,0.00385338650085032,2025-11-22 06:19:18.756047,,,,,,,,,
9.507819049758837e-05,0.004461444448679686,2025-11-22 06:19:18.991834,,,,,,,,,
9.056205453816801e-05,0.0037542718928307295,2025-11-22 06:19:19.238868,,,,,,,,,
9.448823402635753e-05,0.004553315695375204,2025-11-22 06:19:19.500858,,,,,,,,,
9.790907643036917e-05,0.004152389708906412,2025-11-22 06:19:19.758156,,,,,,,,,
9.511017560726032e-05,0.0035941714886575937,2025-11-22 06:19:19.983844,,,,,,,,,
9.474148828303441e-05,0.004282915499061346,2025-11-22 06:19:20.238033,,,,,,,,,
9.734246850712225e-05,0.003710341639816761,2025-11-22 06:19:20.487356,,,,,,,,,
9.289740410167724e-05,0.004013051278889179,2025-11-22 06:19:20.733407,,,,,,,,,
9.023224265547469e-05,0.004193256143480539,2025-11-22 06:19:20.987335,,,,,,,,,
9.433557715965435e-05,0.004361763596534729,2025-11-22 06:19:21.249811,,,,,,,,,
0.00010165242565562949,0.004156970884650946,2025-11-22 06:19:21.482792,,,,,,,,,
9.70571200014092e-05,0.00380115513689816,2025-11-22 06:19:21.726818,,,,,,,,,
9.263907122658566e-05,0.004171245731413364,2025-11-22 06:19:21.978919,,,,,,,,,
9.15691489353776e-05,0.003913010470569134,2025-11-22 06:19:22.229582,,,,,,,,,
9.183539805235341e-05,0.0037841470912098885,2025-11-22 06:19:22.470134,,,,,,,,,
9.803882130654529e-05,0.0037810730282217264,2025-11-22 06:19:22.716267,,,,,,,,,
0.00010379061131970957,0.0037529682740569115,2025-11-22 06:19:22.966835,,,,,,,,,
9.904682519845665e-05,0.003944398369640112,2025-11-22 06:19:23.211740,,,,,,,,,
9.420901915291324e-05,0.004153394140303135,2025-11-22 06:19:23.458440,,,,,,,,,
9.475874685449526e-05,0.004087449051439762,2025-11-22 06:19:23.711144,,,,,,,,,
9.093442349694669e-05,0.003922409377992153,2025-11-22 06:19:23.959815,,,,,,,,,
8.69071955094114e-05,0.0038538125809282064,2025-11-22 06:19:24.211636,,,,,,,,,
8.677604637341574e-05,0.003685095114633441,2025-11-22 06:19:24.474577,,,,,,,,,
8.525986777385697e-05,0.003726209281012416,2025-11-22 06:19:24.716225,,,,,,,,,
8.397621422773227e-05,0.0039044779259711504,2025-11-22 06:19:24.957695,,,,,,,,,
8.486058504786342e-05,0.00413000863045454,2025-11-22 06:19:25.200397,,,,,,,,,
9.089599188882858e-05,0.004041723441332579,2025-11-22 06:19:25.445567,,,,,,,,,
8.598815475124866e-05,0.004087785258889198,2025-11-22 06:19:25.701454,,,,,,,,,
8.939934923546389e-05,0.004285189788788557,2025-11-22 06:19:25.947963,,,,,,,,,
9.430669888388366e-05,0.003769603557884693,2025-11-22 06:19:26.190888,,,,,,,,,
9.143519127974287e-05,0.0035899928770959377,2025-11-22 06:19:26.437374,,,,,,,,,
9.407184552401304e-05,0.00345549825578928,2025-11-22 06:19:26.682169,,,,,,,,,
9.748472803039476e-05,0.004120790399610996,2025-11-22 06:19:26.928547,,,,,,,,,
9.227226109942421e-05,0.0036533500533550978,2025-11-22 06:19:27.174921,,,,,,,,,
8.520092524122447e-05,0.004436076618731022,2025-11-22 06:19:27.420931,,,,,,,,,
8.942780550569296e-05,0.003767632180824876,2025-11-22 06:19:27.670276,,,,,,,,,
9.282727114623412e-05,0.003878897288814187,2025-11-22 06:19:27.917247,,,,,,,,,
9.171861165668815e-05,0.0037903347983956337,2025-11-22 06:19:28.179611,,,,,,,,,
9.362550190417096e-05,0.0035784489009529352,2025-11-22 06:19:28.415657,,,,,,,,,
9.45549545576796e-05,0.004034621175378561,2025-11-22 06:19:28.662733,,,,,,,,,
9.676326590124518e-05,0.0037230029702186584,2025-11-22 06:19:28.910665,,,,,,,,,
9.452451922697946e-05,0.003672592807561159,2025-11-22 06:19:29.164813,,,,,,,,,
9.769731695996597e-05,0.004086426924914122,2025-11-22 06:19:29.408491,,,,,,,,,
9.85862425295636e-05,0.004367780406028032,2025-11-22 06:19:29.649172,,,,,,,,,
9.617829346098006e-05,0.003576931543648243,2025-11-22 06:19:29.899546,,,,,,,,,
9.28988738451153e-05,0.004327830858528614,2025-11-22 06:19:30.145897,,,,,,,,,
9.452347148908302e-05,0.0038848803378641605,2025-11-22 06:19:30.403073,,,,,,,,,
9.540870814817026e-05,0.004148927051573992,2025-11-22 06:19:30.652903,,,,,,,,,
9.988319652620703e-05,0.0040460568852722645,2025-11-22 06:19:30.897698,,,,,,,,,
9.818485705181956e-05,0.004058788064867258,2025-11-22 06:19:31.144405,,,,,,,,,
9.960712486645207e-05,0.004016431979835033,2025-11-22 06:19:31.396918,,,,,,,,,
0.00010535079491091892,0.0044480860233306885,2025-11-22 06:19:31.638528,,,,,,,,,
0.00010105739056598395,0.004037225153297186,2025-11-22 06:19:31.886105,,,,,,,,,
0.00010282751463819295,0.0040125856176018715,2025-11-22 06:19:32.131765,,,,,,,,,
0.00010133514297194779,0.0041562714613974094,2025-11-22 06:19:32.380116,,,,,,,,,
9.096454596146941e-05,0.0037239871453493834,2025-11-22 06:19:32.635291,,,,,,,,,
8.80043808137998e-05,0.003758102422580123,2025-11-22 06:19:32.874145,,,,,,,,,
9.372860222356394e-05,0.003669168334454298,2025-11-22 06:19:33.125572,,,,,,,,,
9.146989032160491e-05,0.004025832749903202,2025-11-22 06:19:33.372169,,,,,,,,,
8.974759111879393e-05,0.00391772435978055,2025-11-22 06:19:33.617123,,,,,,,,,
9.550576214678586e-05,0.003874789923429489,2025-11-22 06:19:33.876910,,,,,,,,,
,,2025-11-22 06:19:33.980585,9.425193214459189e-05,0.004014582038507797,0.0015,,,,,,
,,2025-11-22 06:19:43.037461,,,,26.24201774597168,6.9083709716796875,,,,
,,2025-11-22 06:19:43.039288,,,,,,9.579885087217778e-05,0.003644443000666797,26.24201774597168,6.9083709716796875
9.579885227140039e-05,0.0034410750959068537,2025-11-22 06:19:46.951578,,,,,,,,,
9.258527279598638e-05,0.004211768973618746,2025-11-22 06:19:47.189611,,,,,,,,,
9.366319136461243e-05,0.003722468623891473,2025-11-22 06:19:47.434500,,,,,,,,,
9.373923967359588e-05,0.0036215167492628098,2025-11-22 06:19:47.681736,,,,,,,,,
8.859390072757378e-05,0.0038501170929521322,2025-11-22 06:19:47.939172,,,,,,,,,
8.984919259091839e-05,0.004091217648237944,2025-11-22 06:19:48.175273,,,,,,,,,
9.647999104345217e-05,0.003833854105323553,2025-11-22 06:19:48.419922,,,,,,,,,
8.873591286828741e-05,0.0038959141820669174,2025-11-22 06:19:48.664279,,,,,,,,,
9.482715540798381e-05,0.004469211213290691,2025-11-22 06:19:48.910103,,,,,,,,,
0.00010821969044627622,0.004142038524150848,2025-11-22 06:19:49.153646,,,,,,,,,
9.198534826282412e-05,0.004012423567473888,2025-11-22 06:19:49.400674,,,,,,,,,
9.291539754485711e-05,0.004650488030165434,2025-11-22 06:19:49.651476,,,,,,,,,
0.00010434220166644081,0.004260217770934105,2025-11-22 06:19:49.902889,,,,,,,,,
0.00010739453136920929,0.004197798669338226,2025-11-22 06:19:50.147001,,,,,,,,,
9.527249494567513e-05,0.004086286295205355,2025-11-22 06:19:50.388293,,,,,,,,,
8.98768485058099e-05,0.004114782903343439,2025-11-22 06:19:50.649091,,,,,,,,,
9.85124715953134e-05,0.0037740084808319807,2025-11-22 06:19:50.884056,,,,,,,,,
0.00011001413804478943,0.0034789058845490217,2025-11-22 06:19:51.129429,,,,,,,,,
0.0001002493518171832,0.004077833145856857,2025-11-22 06:19:51.384327,,,,,,,,,
9.444088209420443e-05,0.003972212318331003,2025-11-22 06:19:51.633768,,,,,,,,,
9.876128751784563e-05,0.0036644255742430687,2025-11-22 06:19:51.868400,,,,,,,,,
0.0001000763732008636,0.003540650475770235,2025-11-22 06:19:52.115639,,,,,,,,,
8.982238068711013e-05,0.003927042707800865,2025-11-22 06:19:52.362905,,,,,,,,,
8.227726357290521e-05,0.004772446118295193,2025-11-22 06:19:52.612834,,,,,,,,,
8.468679152429104e-05,0.004113771021366119,2025-11-22 06:19:52.856688,,,,,,,,,
8.48738054628484e-05,0.004377774894237518,2025-11-22 06:19:53.106662,,,,,,,,,
8.806000550976023e-05,0.004244692157953978,2025-11-22 06:19:53.351366,,,,,,,,,
9.638231858843938e-05,0.004036851692944765,2025-11-22 06:19:53.594891,,,,,,,,,
0.00010460855992278084,0.0041489312425255775,2025-11-22 06:19:53.839724,,,,,,,,,
0.00010033241414930671,0.003488552523776889,2025-11-22 06:19:54.099029,,,,,,,,,
9.641707583796233e-05,0.0037526751402765512,2025-11-22 06:19:54.359259,,,,,,,,,
0.00010150226444238797,0.00419315230101347,2025-11-22 06:19:54.617004,,,,,,,,,
9.573363786330447e-05,0.003888934850692749,2025-11-22 06:19:54.845771,,,,,,,,,
9.270732698496431e-05,0.0037620121147483587,2025-11-22 06:19:55.090882,,,,,,,,,
9.462181333219633e-05,0.0045164418406784534,2025-11-22 06:19:55.336510,,,,,,,,,
9.345189027953893e-05,0.004393573850393295,2025-11-22 06:19:55.595128,,,,,,,,,
9.055683040060103e-05,0.003677528351545334,2025-11-22 06:19:55.838524,,,,,,,,,
8.949255425250158e-05,0.004207833670079708,2025-11-22 06:19:56.077583,,,,,,,,,
9.25099739106372e-05,0.003882072865962982,2025-11-22 06:19:56.323276,,,,,,,,,
9.588146349415183e-05,0.0038026790134608746,2025-11-22 06:19:56.572162,,,,,,,,,
9.594789298716933e-05,0.003204822540283203,2025-11-22 06:19:56.823017,,,,,,,,,
9.507012146059424e-05,0.0034601720981299877,2025-11-22 06:19:57.085206,,,,,,,,,
9.284110274165869e-05,0.003730189986526966,2025-11-22 06:19:57.333442,,,,,,,,,
8.611912198830396e-05,0.003956054802983999,2025-11-22 06:19:57.579730,,,,,,,,,
8.606402843724936e-05,0.0034310189075767994,2025-11-22 06:19:57.823790,,,,,,,,,
8.514006185578182e-05,0.0035235434770584106,2025-11-22 06:19:58.075776,,,,,,,,,
8.508047176292166e-05,0.0040180375799536705,2025-11-22 06:19:58.316631,,,,,,,,,
8.840369991958141e-05,0.003637479618191719,2025-11-22 06:19:58.567367,,,,,,,,,
9.111144026974216e-05,0.003501076251268387,2025-11-22 06:19:58.819204,,,,,,,,,
9.342341945739463e-05,0.003361597890034318,2025-11-22 06:19:59.081034,,,,,,,,,
9.177784522762522e-05,0.003563930047675967,2025-11-22 06:19:59.339774,,,,,,,,,
9.079293522518128e-05,0.003958211280405521,2025-11-22 06:19:59.586504,,,,,,,,,
9.001348371384665e-05,0.0037816488184034824,2025-11-22 06:19:59.835125,,,,,,,,,
9.017484990181401e-05,0.003908809274435043,2025-11-22 06:20:00.070271,,,,,,,,,
8.789273852016777e-05,0.004271419253200293,2025-11-22 06:20:00.314549,,,,,,,,,
8.973886724561453e-05,0.0038754211273044348,2025-11-22 06:20:00.563561,,,,,,,,,
9.11740935407579e-05,0.0042084199376404285,2025-11-22 06:20:00.813028,,,,,,,,,
9.812770440476015e-05,0.003558896714821458,2025-11-22 06:20:01.065185,,,,,,,,,
9.639610652811825e-05,0.003395369276404381,2025-11-22 06:20:01.307706,,,,,,,,,
9.267722634831443e-05,0.0034131896682083607,2025-11-22 06:20:01.547648,,,,,,,,,
9.37402292038314e-05,0.004024050664156675,2025-11-22 06:20:01.803838,,,,,,,,,
9.173231228487566e-05,0.0036384370177984238,2025-11-22 06:20:02.048750,,,,,,,,,
8.898813393898308e-05,0.004133487120270729,2025-11-22 06:20:02.289018,,,,,,,,,
9.124845382757485e-05,0.0037703202106058598,2025-11-22 06:20:02.536765,,,,,,,,,
9.281057282350957e-05,0.004138410557061434,2025-11-22 06:20:02.783429,,,,,,,,,
9.067163045983762e-05,0.0038766423240303993,2025-11-22 06:20:03.031849,,,,,,,,,
8.742724457988515e-05,0.0038103926926851273,2025-11-22 06:20:03.272807,,,,,,,,,
9.202331420965493e-05,0.0034805121831595898,2025-11-22 06:20:03.518598,,,,,,,,,
9.250651783077046e-05,0.004251709673553705,2025-11-22 06:20:03.771376,,,,,,,,,
9.31852773646824e-05,0.003862061770632863,2025-11-22 06:20:04.012737,,,,,,,,,
9.649289131630212e-05,0.004092757124453783,2025-11-22 06:20:04.267975,,,,,,,,,
9.553826384944841e-05,0.003520429600030184,2025-11-22 06:20:04.512923,,,,,,,,,
9.563061757944524e-05,0.004146830644458532,2025-11-22 06:20:04.754263,,,,,,,,,
9.817333921091631e-05,0.004204021766781807,2025-11-22 06:20:05.000981,,,,,,,,,
9.188058174913749e-05,0.0037189326249063015,2025-11-22 06:20:05.284871,,,,,,,,,
8.9366061729379e-05,0.003753237659111619,2025-11-22 06:20:05.536307,,,,,,,,,
9.119801688939333e-05,0.0039507015608251095,2025-11-22 06:20:05.776852,,,,,,,,,
9.429502097191289e-05,0.0038864410016685724,2025-11-22 06:20:06.020409,,,,,,,,,
9.905370097840205e-05,0.003942458424717188,2025-11-22 06:20:06.272649,,,,,,,,,
0.00010289912461303174,0.0033737553749233484,2025-11-22 06:20:06.527314,,,,,,,,,
9.700762166175991e-05,0.003397718071937561,2025-11-22 06:20:06.762567,,,,,,,,,
9.88652027444914e-05,0.003993417602032423,2025-11-22 06:20:07.010329,,,,,,,,,
9.821844287216663e-05,0.0040046293288469315,2025-11-22 06:20:07.251618,,,,,,,,,
9.541458712192252e-05,0.0037596733309328556,2025-11-22 06:20:07.498372,,,,,,,,,
9.703273099148646e-05,0.0038814744912087917,2025-11-22 06:20:07.746094,,,,,,,,,
9.653876622905955e-05,0.0038631134666502476,2025-11-22 06:20:07.988754,,,,,,,,,
8.596608677180484e-05,0.0038201063871383667,2025-11-22 06:20:08.237250,,,,,,,,,
8.731811249163002e-05,0.004216071218252182,2025-11-22 06:20:08.490671,,,,,,,,,
9.803396096685901e-05,0.00416874373331666,2025-11-22 06:20:08.732481,,,,,,,,,
9.429140482097864e-05,0.0035575968213379383,2025-11-22 06:20:08.981745,,,,,,,,,
8.789257117314264e-05,0.004284026101231575,2025-11-22 06:20:09.224468,,,,,,,,,
9.590337140252814e-05,0.003630788763985038,2025-11-22 06:20:09.476388,,,,,,,,,
0.00010250508785247803,0.003886658698320389,2025-11-22 06:20:09.728160,,,,,,,,,
9.432085789740086e-05,0.0036777148488909006,2025-11-22 06:20:09.975315,,,,,,,,,
8.867948054103181e-05,0.003778662532567978,2025-11-22 06:20:10.218757,,,,,,,,,
9.039911674335599e-05,0.004150629974901676,2025-11-22 06:20:10.465791,,,,,,,,,
9.162633068626747e-05,0.0038811771664768457,2025-11-22 06:20:10.723142,,,,,,,,,
8.612968667875975e-05,0.004059913102537394,2025-11-22 06:20:10.978863,,,,,,,,,
8.954767690738663e-05,0.003931837622076273,2025-11-22 06:20:11.212976,,,,,,,,,
9.807130845729262e-05,0.0037211631424725056,2025-11-22 06:20:11.461731,,,,,,,,,
9.153284190688282e-05,0.003897132584825158,2025-11-22 06:20:11.724415,,,,,,,,,
8.609542419435456e-05,0.004468225874006748,2025-11-22 06:20:11.958643,,,,,,,,,
9.332881745649502e-05,0.003421203466132283,2025-11-22 06:20:12.203342,,,,,,,,,
9.795185178518295e-05,0.0035721641033887863,2025-11-22 06:20:12.459783,,,,,,,,,
9.431147918803617e-05,0.0034357034601271152,2025-11-22 06:20:12.707100,,,,,,,,,
9.200112253893167e-05,0.0037250870373100042,2025-11-22 06:20:12.948584,,,,,,,,,
9.345528087578714e-05,0.003840060904622078,2025-11-22 06:20:13.193160,,,,,,,,,
9.588987450115383e-05,0.0042221397161483765,2025-11-22 06:20:13.446687,,,,,,,,,
9.270178998121992e-05,0.003790584160014987,2025-11-22 06:20:13.702111,,,,,,,,,
9.250461880583316e-05,0.003798712743446231,2025-11-22 06:20:13.956067,,,,,,,,,
9.34099152800627e-05,0.0039270902052521706,2025-11-22 06:20:14.214209,,,,,,,,,
9.422549192095175e-05,0.004197422415018082,2025-11-22 06:20:14.449558,,,,,,,,,
0.00010100299550686032,0.0034162080846726894,2025-11-22 06:20:14.706902,,,,,,,,,
0.00010009541438193992,0.0033459700644016266,2025-11-22 06:20:14.941756,,,,,,,,,
9.779136598808691e-05,0.003907700534909964,2025-11-22 06:20:15.185860,,,,,,,,,
0.00010084711539093405,0.0038312633987516165,2025-11-22 06:20:15.432777,,,,,,,,,
9.858921839622781e-05,0.003361634910106659,2025-11-22 06:20:15.688886,,,,,,,,,
9.200019121635705e-05,0.0038558028172701597,2025-11-22 06:20:15.934754,,,,,,,,,
9.328327723778784e-05,0.003524330211803317,2025-11-22 06:20:16.184824,,,,,,,,,
9.353852510685101e-05,0.003845981555059552,2025-11-22 06:20:16.423142,,,,,,,,,
8.719701145309955e-05,0.0038877702318131924,2025-11-22 06:20:16.677854,,,,,,,,,
8.655786223243922e-05,0.0034555329475551844,2025-11-22 06:20:16.919605,,,,,,,,,
9.102736657951027e-05,0.003849626984447241,2025-11-22 06:20:17.162385,,,,,,,,,
9.108171798288822e-05,0.003857956500723958,2025-11-22 06:20:17.407636,,,,,,,,,
9.111053077504039e-05,0.0037054321728646755,2025-11-22 06:20:17.655359,,,,,,,,,
9.515076089883223e-05,0.004100699443370104,2025-11-22 06:20:17.903813,,,,,,,,,
9.499663428869098e-05,0.003761991858482361,2025-11-22 06:20:18.149319,,,,,,,,,
9.155182488029823e-05,0.003366449847817421,2025-11-22 06:20:18.395644,,,,,,,,,
9.353942732559517e-05,0.0034577820915728807,2025-11-22 06:20:18.640066,,,,,,,,,
8.989100024336949e-05,0.00403881398960948,2025-11-22 06:20:18.888657,,,,,,,,,
8.710143447387964e-05,0.003824657527729869,2025-11-22 06:20:19.138439,,,,,,,,,
8.70634030434303e-05,0.004116700030863285,2025-11-22 06:20:19.383457,,,,,,,,,
9.21741739148274e-05,0.0037634766194969416,2025-11-22 06:20:19.628718,,,,,,,,,
9.623662481317297e-05,0.0032331333495676517,2025-11-22 06:20:19.876033,,,,,,,,,
9.104362834477797e-05,0.0035663938615471125,2025-11-22 06:20:20.120322,,,,,,,,,
9.083595068659633e-05,0.0038400734774768353,2025-11-22 06:20:20.375209,,,,,,,,,
9.552088158670813e-05,0.003909735474735498,2025-11-22 06:20:20.623825,,,,,,,,,
9.276030323235318e-05,0.0035194135271012783,2025-11-22 06:20:20.872167,,,,,,,,,
9.565585787640885e-05,0.0037605282850563526,2025-11-22 06:20:21.129993,,,,,,,,,
0.00010019845649367198,0.0034084711223840714,2025-11-22 06:20:21.369817,,,,,,,,,
9.444176248507574e-05,0.0040864790789783,2025-11-22 06:20:21.622469,,,,,,,,,
9.731403406476602e-05,0.003539597149938345,2025-11-22 06:20:21.875014,,,,,,,,,
9.920845332089812e-05,0.0040650214068591595,2025-11-22 06:20:22.106950,,,,,,,,,
9.814095392357558e-05,0.0036159600131213665,2025-11-22 06:20:22.357220,,,,,,,,,
,,2025-11-22 06:20:22.434726,9.364722003131949e-05,0.003850085499127292,0.0015,,,,,,
,,2025-11-22 06:20:31.289677,,,,26.287647247314453,7.107982158660889,,,,
,,2025-11-22 06:20:31.291975,,,,,,9.479756464805597e-05,0.0034803249246369186,26.287647247314453,7.107982158660889
9.479756408836693e-05,0.003550527384504676,2025-11-22 06:20:35.602627,,,,,,,,,
9.248084825230762e-05,0.003913997206836939,2025-11-22 06:20:35.838476,,,,,,,,,
9.322388359578326e-05,0.003711167024448514,2025-11-22 06:20:36.092738,,,,,,,,,
9.276276250602677e-05,0.0036205800715833902,2025-11-22 06:20:36.328850,,,,,,,,,
9.335087088402361e-05,0.004095671232789755,2025-11-22 06:20:36.573647,,,,,,,,,
9.39357778406702e-05,0.0035260331351310015,2025-11-22 06:20:36.818094,,,,,,,,,
9.29867965169251e-05,0.0035889295395463705,2025-11-22 06:20:37.081573,,,,,,,,,
9.792045602807775e-05,0.003621171461418271,2025-11-22 06:20:37.307997,,,,,,,,,
9.559294994687662e-05,0.0030832653865218163,2025-11-22 06:20:37.554360,,,,,,,,,
8.951099152909592e-05,0.0037100205663591623,2025-11-22 06:20:37.795495,,,,,,,,,
9.155339648714289e-05,0.0035323770716786385,2025-11-22 06:20:38.046853,,,,,,,,,
8.952905773185194e-05,0.0032001619692891836,2025-11-22 06:20:38.292553,,,,,,,,,
8.906290895538405e-05,0.0034847939386963844,2025-11-22 06:20:38.541659,,,,,,,,,
8.594767859904096e-05,0.0037208539433777332,2025-11-22 06:20:38.781798,,,,,,,,,
8.191153028747067e-05,0.00366164930164814,2025-11-22 06:20:39.030266,,,,,,,,,
7.91665370343253e-05,0.004019401967525482,2025-11-22 06:20:39.280634,,,,,,,,,
8.223463373724371e-05,0.003928403835743666,2025-11-22 06:20:39.525107,,,,,,,,,
8.744996739551425e-05,0.004259909503161907,2025-11-22 06:20:39.773254,,,,,,,,,
8.865959534887224e-05,0.0036373985931277275,2025-11-22 06:20:40.017718,,,,,,,,,
8.893280028132722e-05,0.0034258156083524227,2025-11-22 06:20:40.263291,,,,,,,,,
9.448928904021159e-05,0.0035654697567224503,2025-11-22 06:20:40.510444,,,,,,,,,
9.23126281122677e-05,0.004058841150254011,2025-11-22 06:20:40.763058,,,,,,,,,
9.53708658926189e-05,0.0036098554264754057,2025-11-22 06:20:41.023969,,,,,,,,,
9.706617856863886e-05,0.003607128979638219,2025-11-22 06:20:41.265161,,,,,,,,,
8.887536387192085e-05,0.004163934383541346,2025-11-22 06:20:41.513816,,,,,,,,,
8.76406193128787e-05,0.003618658985942602,2025-11-22 06:20:41.746280,,,,,,,,,
9.401128045283258e-05,0.0036282241344451904,2025-11-22 06:20:41.991158,,,,,,,,,
9.23738261917606e-05,0.0037618749774992466,2025-11-22 06:20:42.247179,,,,,,,,,
9.884768223855644e-05,0.003468242473900318,2025-11-22 06:20:42.490266,,,,,,,,,
0.00010236062371404842,0.0038387079257518053,2025-11-22 06:20:42.736207,,,,,,,,,
9.632833098294213e-05,0.003653500461950898,2025-11-22 06:20:42.981981,,,,,,,,,
9.325872815679759e-05,0.0035644108429551125,2025-11-22 06:20:43.227917,,,,,,,,,
9.892504749586806e-05,0.0034489876125007868,2025-11-22 06:20:43.473638,,,,,,,,,
9.533189586363733e-05,0.0035601018462330103,2025-11-22 06:20:43.719918,,,,,,,,,
9.676555782789364e-05,0.003634038846939802,2025-11-22 06:20:43.970697,,,,,,,,,
9.973398846341297e-05,0.0037794250529259443,2025-11-22 06:20:44.222596,,,,,,,,,
0.00010025944357039407,0.003810785012319684,2025-11-22 06:20:44.458624,,,,,,,,,
9.534693526802585e-05,0.0038207091856747866,2025-11-22 06:20:44.711353,,,,,,,,,
9.196013706969097e-05,0.003682439448311925,2025-11-22 06:20:44.970611,,,,,,,,,
9.271002636523917e-05,0.00349616096355021,2025-11-22 06:20:45.197450,,,,,,,,,
9.307481377618387e-05,0.003545507788658142,2025-11-22 06:20:45.448765,,,,,,,,,
9.401921124663204e-05,0.0033325154799968004,2025-11-22 06:20:45.694947,,,,,,,,,
9.226390830008313e-05,0.004036866128444672,2025-11-22 06:20:45.950066,,,,,,,,,
9.797312668524683e-05,0.003911586012691259,2025-11-22 06:20:46.189787,,,,,,,,,
9.369541658088565e-05,0.003741645719856024,2025-11-22 06:20:46.444679,,,,,,,,,
9.03872714843601e-05,0.003966217394918203,2025-11-22 06:20:46.684395,,,,,,,,,
9.028247586684301e-05,0.003894900204613805,2025-11-22 06:20:46.926078,,,,,,,,,
8.893610356608406e-05,0.0038380101323127747,2025-11-22 06:20:47.176209,,,,,,,,,
8.511489431839436e-05,0.0038358333986252546,2025-11-22 06:20:47.427362,,,,,,,,,
8.563420124119148e-05,0.003152759512886405,2025-11-22 06:20:47.671970,,,,,,,,,
8.866004645824432e-05,0.003755046520382166,2025-11-22 06:20:47.919870,,,,,,,,,
8.665991481393576e-05,0.003465320449322462,2025-11-22 06:20:48.166804,,,,,,,,,
8.917895320337266e-05,0.0034867424983531237,2025-11-22 06:20:48.412407,,,,,,,,,
9.291976311942562e-05,0.004216684959828854,2025-11-22 06:20:48.656494,,,,,,,,,
9.207547554979101e-05,0.003291511908173561,2025-11-22 06:20:48.904508,,,,,,,,,
8.765998791204765e-05,0.004031434655189514,2025-11-22 06:20:49.151739,,,,,,,,,
9.35726857278496e-05,0.0035959454253315926,2025-11-22 06:20:49.417530,,,,,,,,,
9.591574053047225e-05,0.003533073700964451,2025-11-22 06:20:49.659952,,,,,,,,,
9.718671935843304e-05,0.004202526994049549,2025-11-22 06:20:49.899851,,,,,,,,,
0.00010268353798892349,0.003545797662809491,2025-11-22 06:20:50.163428,,,,,,,,,
9.82372512225993e-05,0.003956741187721491,2025-11-22 06:20:50.410736,,,,,,,,,
9.613985457690433e-05,0.0036404109559953213,2025-11-22 06:20:50.645629,,,,,,,,,
0.00010008467506850138,0.003509880043566227,2025-11-22 06:20:50.885594,,,,,,,,,
9.475877595832571e-05,0.004378735087811947,2025-11-22 06:20:51.137105,,,,,,,,,
9.410535130882636e-05,0.0036397625226527452,2025-11-22 06:20:51.390406,,,,,,,,,
9.39879464567639e-05,0.003911908250302076,2025-11-22 06:20:51.628191,,,,,,,,,
9.208832489093766e-05,0.003872959641739726,2025-11-22 06:20:51.875295,,,,,,,,,
9.413048246642575e-05,0.0036154109984636307,2025-11-22 06:20:52.121060,,,,,,,,,
9.535102435620502e-05,0.003565800841897726,2025-11-22 06:20:52.369729,,,,,,,,,
9.248795686289668e-05,0.0032207041513174772,2025-11-22 06:20:52.624178,,,,,,,,,
8.858455112203956e-05,0.003723260248079896,2025-11-22 06:20:52.861613,,,,,,,,,
9.277747449232265e-05,0.0035934760235249996,2025-11-22 06:20:53.119243,,,,,,,,,
9.258696809411049e-05,0.003283374011516571,2025-11-22 06:20:53.363697,,,,,,,,,
0.00010199869575444609,0.0036314402241259813,2025-11-22 06:20:53.613121,,,,,,,,,
0.00010526020196266472,0.0038501496892422438,2025-11-22 06:20:53.855193,,,,,,,,,
9.960186434909701e-05,0.003137615043669939,2025-11-22 06:20:54.100518,,,,,,,,,
9.478656284045428e-05,0.0035747091751545668,2025-11-22 06:20:54.353529,,,,,,,,,
9.754003986017779e-05,0.0033579031005501747,2025-11-22 06:20:54.597307,,,,,,,,,
9.259948274120688e-05,0.003130183555185795,2025-11-22 06:20:54.852792,,,,,,,,,
8.601928129792213e-05,0.0037627851124852896,2025-11-22 06:20:55.105696,,,,,,,,,
8.561716822441667e-05,0.00365633238106966,2025-11-22 06:20:55.361839,,,,,,,,,
8.77258789842017e-05,0.003548705019056797,2025-11-22 06:20:55.591581,,,,,,,,,
8.215496927732602e-05,0.0038364706560969353,2025-11-22 06:20:55.838021,,,,,,,,,
8.955167140811682e-05,0.003517749486491084,2025-11-22 06:20:56.082418,,,,,,,,,
9.891907393466681e-05,0.0034469198435544968,2025-11-22 06:20:56.340623,,,,,,,,,
8.441574755124748e-05,0.003908077720552683,2025-11-22 06:20:56.581253,,,,,,,,,
8.025810529943556e-05,0.003194425953552127,2025-11-22 06:20:56.827837,,,,,,,,,
8.562904986320063e-05,0.0032712682150304317,2025-11-22 06:20:57.070898,,,,,,,,,
8.320267806993797e-05,0.00418865168467164,2025-11-22 06:20:57.318088,,,,,,,,,
9.123064955929294e-05,0.0036540208384394646,2025-11-22 06:20:57.567313,,,,,,,,,
9.999886970035732e-05,0.003683966351673007,2025-11-22 06:20:57.822698,,,,,,,,,
0.00010319260036339983,0.00339451408945024,2025-11-22 06:20:58.062357,,,,,,,,,
9.48966626310721e-05,0.003826628904789686,2025-11-22 06:20:58.308492,,,,,,,,,
9.509553638054058e-05,0.0035392253194004297,2025-11-22 06:20:58.551892,,,,,,,,,
9.657823829911649e-05,0.0033506969921290874,2025-11-22 06:20:58.799553,,,,,,,,,
8.789641287876293e-05,0.0037922386545687914,2025-11-22 06:20:59.054621,,,,,,,,,
8.234455162892118e-05,0.003828839398920536,2025-11-22 06:20:59.307423,,,,,,,,,
8.711584814591333e-05,0.003803243627771735,2025-11-22 06:20:59.549855,,,,,,,,,
9.16467688512057e-05,0.0036355778574943542,2025-11-22 06:20:59.796865,,,,,,,,,
9.90091502899304e-05,0.003996045794337988,2025-11-22 06:21:00.039138,,,,,,,,,
0.00010721425496740267,0.0034830591175705194,2025-11-22 06:21:00.302362,,,,,,,,,
9.829162445385009e-05,0.003546071005985141,2025-11-22 06:21:00.534955,,,,,,,,,
9.445793693885207e-05,0.0037460499443113804,2025-11-22 06:21:00.783155,,,,,,,,,
9.71481204032898e-05,0.0039830282330513,2025-11-22 06:21:01.045119,,,,,,,,,
0.00010371213284088299,0.003440350294113159,2025-11-22 06:21:01.278827,,,,,,,,,
9.596370364306495e-05,0.0031476239673793316,2025-11-22 06:21:01.527229,,,,,,,,,
9.150238474830985e-05,0.003066602861508727,2025-11-22 06:21:01.772849,,,,,,,,,
9.30001842789352e-05,0.0036285484675318003,2025-11-22 06:21:02.018447,,,,,,,,,
9.681303345132619e-05,0.0038574934005737305,2025-11-22 06:21:02.271000,,,,,,,,,
9.264405525755137e-05,0.0039633577689528465,2025-11-22 06:21:02.530926,,,,,,,,,
9.109017992159352e-05,0.0037731979973614216,2025-11-22 06:21:02.779168,,,,,,,,,
8.908946620067582e-05,0.0034254055935889482,2025-11-22 06:21:03.025608,,,,,,,,,
8.491126209264621e-05,0.003785517765209079,2025-11-22 06:21:03.281254,,,,,,,,,
8.26943214633502e-05,0.004043532535433769,2025-11-22 06:21:03.519130,,,,,,,,,
8.954941586125642e-05,0.0036890937481075525,2025-11-22 06:21:03.763497,,,,,,,,,
9.379631228512153e-05,0.003345387289300561,2025-11-22 06:21:04.005552,,,,,,,,,
9.128068631980568e-05,0.0035687636118382215,2025-11-22 06:21:04.263806,,,,,,,,,
9.26215507206507e-05,0.003753889352083206,2025-11-22 06:21:04.505235,,,,,,,,,
9.415348176844418e-05,0.00338913407176733,2025-11-22 06:21:04.761609,,,,,,,,,
8.703845378477126e-05,0.004012397490441799,2025-11-22 06:21:05.002479,,,,,,,,,
9.100574243348092e-05,0.003771760268136859,2025-11-22 06:21:05.274059,,,,,,,,,
9.554135613143444e-05,0.003964819945394993,2025-11-22 06:21:05.502335,,,,,,,,,
8.962005085777491e-05,0.003951639402657747,2025-11-22 06:21:05.751198,,,,,,,,,
9.48585948208347e-05,0.0037747793830931187,2025-11-22 06:21:05.998751,,,,,,,,,
0.00010618475789669901,0.003350855316966772,2025-11-22 06:21:06.240046,,,,,,,,,
0.0001011040949379094,0.004111715592443943,2025-11-22 06:21:06.484682,,,,,,,,,
0.00010044693772215396,0.0030349174048751593,2025-11-22 06:21:06.749026,,,,,,,,,
0.0001004608056973666,0.0037905790377408266,2025-11-22 06:21:06.989721,,,,,,,,,
9.987255180021748e-05,0.0036349256988614798,2025-11-22 06:21:07.232878,,,,,,,,,
9.272896568290889e-05,0.0035887130070477724,2025-11-22 06:21:07.480218,,,,,,,,,
9.236760524800047e-05,0.0033515505492687225,2025-11-22 06:21:07.727436,,,,,,,,,
9.568062523612753e-05,0.0038461375515908003,2025-11-22 06:21:07.980596,,,,,,,,,
9.840037819230929e-05,0.004093346651643515,2025-11-22 06:21:08.225242,,,,,,,,,
9.680574294179678e-05,0.0036568541545420885,2025-11-22 06:21:08.470876,,,,,,,,,
9.41964317462407e-05,0.003692860249429941,2025-11-22 06:21:08.718000,,,,,,,,,
9.732609760249034e-05,0.0032877696212381124,2025-11-22 06:21:08.966041,,,,,,,,,
9.691873128758743e-05,0.003556373529136181,2025-11-22 06:21:09.212499,,,,,,,,,
9.439159475732595e-05,0.0036137416027486324,2025-11-22 06:21:09.455997,,,,,,,,,
9.33130068005994e-05,0.003110849764198065,2025-11-22 06:21:09.705790,,,,,,,,,
9.046321065397933e-05,0.003548733191564679,2025-11-22 06:21:09.951860,,,,,,,,,
8.984076703200117e-05,0.003532190341502428,2025-11-22 06:21:10.206152,,,,,,,,,
9.49687382671982e-05,0.0035165215376764536,2025-11-22 06:21:10.472209,,,,,,,,,
9.357044473290443e-05,0.0037403274327516556,2025-11-22 06:21:10.701858,,,,,,,,,
9.010485518956557e-05,0.003298316616564989,2025-11-22 06:21:10.947734,,,,,,,,,
,,2025-11-22 06:21:11.065433,9.312239409256208e-05,0.0036551607206800124,0.0015,,,,,,
,,2025-11-22 06:21:19.393848,,,,26.351428985595703,7.305208206176758,,,,
,,2025-11-22 06:21:19.395555,,,,,,9.341557457586392e-05,0.0033267307399700466,26.351428985595703,7.305208206176758
9.341557597508654e-05,0.004065236076712608,2025-11-22 06:21:23.921876,,,,,,,,,
9.633936133468524e-05,0.003632952459156513,2025-11-22 06:21:24.168176,,,,,,,,,
9.643469820730388e-05,0.0035119769163429737,2025-11-22 06:21:24.410741,,,,,,,,,
9.641402721172199e-05,0.0030458306428045034,2025-11-22 06:21:24.658298,,,,,,,,,
9.427280019735917e-05,0.0035114672500640154,2025-11-22 06:21:24.901630,,,,,,,,,
9.23693660297431e-05,0.0033466327004134655,2025-11-22 06:21:25.148021,,,,,,,,,
9.14085321710445e-05,0.0037484343629330397,2025-11-22 06:21:25.399415,,,,,,,,,
9.384815348312259e-05,0.003401506692171097,2025-11-22 06:21:25.635405,,,,,,,,,
9.540560859022662e-05,0.003039861097931862,2025-11-22 06:21:25.885868,,,,,,,,,
9.443935414310545e-05,0.003484352258965373,2025-11-22 06:21:26.139996,,,,,,,,,
9.34003692236729e-05,0.003618356306105852,2025-11-22 06:21:26.380228,,,,,,,,,
9.193965524900705e-05,0.003606752259656787,2025-11-22 06:21:26.626825,,,,,,,,,
9.178709296975285e-05,0.003678687382489443,2025-11-22 06:21:26.871691,,,,,,,,,
9.095641871681437e-05,0.0035678471904248,2025-11-22 06:21:27.116257,,,,,,,,,
9.034707909449935e-05,0.0036793879698961973,2025-11-22 06:21:27.378421,,,,,,,,,
9.073190449271351e-05,0.0036159390583634377,2025-11-22 06:21:27.613502,,,,,,,,,
9.200174099532887e-05,0.003957656212151051,2025-11-22 06:21:27.857899,,,,,,,,,
9.467235213378444e-05,0.0033310421276837587,2025-11-22 06:21:28.104276,,,,,,,,,
9.539617894915864e-05,0.003370147431269288,2025-11-22 06:21:28.354201,,,,,,,,,
9.138118184637278e-05,0.0029678051359951496,2025-11-22 06:21:28.602383,,,,,,,,,
8.710897236596793e-05,0.0038641600403934717,2025-11-22 06:21:28.842513,,,,,,,,,
8.852787868818268e-05,0.0036868832539767027,2025-11-22 06:21:29.087592,,,,,,,,,
8.970631461124867e-05,0.0036063583102077246,2025-11-22 06:21:29.335576,,,,,,,,,
9.001608123071492e-05,0.0033527349587529898,2025-11-22 06:21:29.585069,,,,,,,,,
9.075203706743196e-05,0.003208956215530634,2025-11-22 06:21:29.829680,,,,,,,,,
8.97935897228308e-05,0.00402301549911499,2025-11-22 06:21:30.080284,,,,,,,,,
9.079003939405084e-05,0.003675549989566207,2025-11-22 06:21:30.321355,,,,,,,,,
9.198213228955865e-05,0.003710442688316107,2025-11-22 06:21:30.568904,,,,,,,,,
8.974180673249066e-05,0.003005604026839137,2025-11-22 06:21:30.823532,,,,,,,,,
8.651117968838662e-05,0.0034550533164292574,2025-11-22 06:21:31.063967,,,,,,,,,
8.810548024484888e-05,0.0030475626699626446,2025-11-22 06:21:31.314935,,,,,,,,,
9.243259410141036e-05,0.0034047947265207767,2025-11-22 06:21:31.556906,,,,,,,,,
9.593646245775744e-05,0.003375251544639468,2025-11-22 06:21:31.804773,,,,,,,,,
9.616561874281615e-05,0.0028413785621523857,2025-11-22 06:21:32.048998,,,,,,,,,
9.414362284587696e-05,0.0029388279654085636,2025-11-22 06:21:32.298353,,,,,,,,,
9.34519775910303e-05,0.0036023433785885572,2025-11-22 06:21:32.543037,,,,,,,,,
9.494885307503864e-05,0.0034959055483341217,2025-11-22 06:21:32.787040,,,,,,,,,
9.650978608988225e-05,0.0032151651103049517,2025-11-22 06:21:33.040347,,,,,,,,,
9.232389129465446e-05,0.003156074555590749,2025-11-22 06:21:33.280772,,,,,,,,,
8.784916281001642e-05,0.00314899068325758,2025-11-22 06:21:33.530406,,,,,,,,,
8.663580229040235e-05,0.003718848340213299,2025-11-22 06:21:33.769255,,,,,,,,,
8.834970503812656e-05,0.003645891323685646,2025-11-22 06:21:34.035674,,,,,,,,,
8.957907266449183e-05,0.004056377802044153,2025-11-22 06:21:34.267879,,,,,,,,,
8.94197728484869e-05,0.0037723579443991184,2025-11-22 06:21:34.510594,,,,,,,,,
8.906784205464646e-05,0.003841774770990014,2025-11-22 06:21:34.766693,,,,,,,,,
9.252991731045768e-05,0.003112765960395336,2025-11-22 06:21:35.014467,,,,,,,,,
9.550987306283787e-05,0.003291941713541746,2025-11-22 06:21:35.254929,,,,,,,,,
9.479055734118447e-05,0.0034210141748189926,2025-11-22 06:21:35.504474,,,,,,,,,
9.07061985344626e-05,0.0038271225057542324,2025-11-22 06:21:35.758397,,,,,,,,,
8.778116171015427e-05,0.0035071454476565123,2025-11-22 06:21:36.007564,,,,,,,,,
8.788182458374649e-05,0.0036707324907183647,2025-11-22 06:21:36.249888,,,,,,,,,
9.035751281771809e-05,0.003765509929507971,2025-11-22 06:21:36.495819,,,,,,,,,
9.26529464777559e-05,0.0036158885341137648,2025-11-22 06:21:36.745714,,,,,,,,,
9.414998203283176e-05,0.0032840680796653032,2025-11-22 06:21:36.986525,,,,,,,,,
9.476530976826325e-05,0.003553289221599698,2025-11-22 06:21:37.243379,,,,,,,,,
9.661058720666915e-05,0.002814926439896226,2025-11-22 06:21:37.480263,,,,,,,,,
9.432325168745592e-05,0.0031284347642213106,2025-11-22 06:21:37.726856,,,,,,,,,
8.987623732537031e-05,0.003424727125093341,2025-11-22 06:21:37.976283,,,,,,,,,
8.76162011991255e-05,0.003467079484835267,2025-11-22 06:21:38.222195,,,,,,,,,
8.822936797514558e-05,0.00368770700879395,2025-11-22 06:21:38.468273,,,,,,,,,
8.957779937190935e-05,0.003524421714246273,2025-11-22 06:21:38.715831,,,,,,,,,
9.079337178263813e-05,0.003629866987466812,2025-11-22 06:21:38.973842,,,,,,,,,
9.036655683303252e-05,0.0035464607644826174,2025-11-22 06:21:39.212367,,,,,,,,,
8.962050924310461e-05,0.0036785209085792303,2025-11-22 06:21:39.472175,,,,,,,,,
9.120941831497476e-05,0.003695097751915455,2025-11-22 06:21:39.730426,,,,,,,,,
9.248682181350887e-05,0.0034085267689079046,2025-11-22 06:21:39.965487,,,,,,,,,
9.16979115572758e-05,0.0036275703459978104,2025-11-22 06:21:40.215181,,,,,,,,,
9.249236609321088e-05,0.0033377695363014936,2025-11-22 06:21:40.474455,,,,,,,,,
9.256244084099308e-05,0.0034303695429116488,2025-11-22 06:21:40.721782,,,,,,,,,
9.162703645415604e-05,0.003291632514446974,2025-11-22 06:21:40.973287,,,,,,,,,
9.078440780285746e-05,0.0032259784638881683,2025-11-22 06:21:41.210625,,,,,,,,,
9.017688716994599e-05,0.00415360601618886,2025-11-22 06:21:41.467265,,,,,,,,,
8.851618622429669e-05,0.003675066167488694,2025-11-22 06:21:41.706264,,,,,,,,,
8.876147330738604e-05,0.0033648975659161806,2025-11-22 06:21:41.953438,,,,,,,,,
8.937824895838276e-05,0.0034441817551851273,2025-11-22 06:21:42.199249,,,,,,,,,
8.885736315278336e-05,0.0033376768697053194,2025-11-22 06:21:42.445147,,,,,,,,,
8.731009438633919e-05,0.003846014617010951,2025-11-22 06:21:42.690474,,,,,,,,,
8.706656080903485e-05,0.004076456185430288,2025-11-22 06:21:42.938941,,,,,,,,,
8.917412196751684e-05,0.003447158494964242,2025-11-22 06:21:43.187088,,,,,,,,,
9.009259520098567e-05,0.003476700047031045,2025-11-22 06:21:43.429869,,,,,,,,,
8.882951078703627e-05,0.003953742329031229,2025-11-22 06:21:43.676165,,,,,,,,,
9.001172293210402e-05,0.003200550563633442,2025-11-22 06:21:43.930605,,,,,,,,,
9.248017886420712e-05,0.0037721956614404917,2025-11-22 06:21:44.171872,,,,,,,,,
9.686596604296938e-05,0.0038961763493716717,2025-11-22 06:21:44.415317,,,,,,,,,
9.591795969754457e-05,0.003416316583752632,2025-11-22 06:21:44.672669,,,,,,,,,
9.235202014679089e-05,0.003322188276797533,2025-11-22 06:21:44.906064,,,,,,,,,
9.31659888010472e-05,0.0034911928232759237,2025-11-22 06:21:45.155893,,,,,,,,,
9.858273551799357e-05,0.0029987453017383814,2025-11-22 06:21:45.405716,,,,,,,,,
9.756840881891549e-05,0.0035791201516985893,2025-11-22 06:21:45.648053,,,,,,,,,
9.52390328166075e-05,0.003800933947786689,2025-11-22 06:21:45.903383,,,,,,,,,
9.371718624606729e-05,0.0034496327862143517,2025-11-22 06:21:46.142987,,,,,,,,,
9.527718793833628e-05,0.003507182002067566,2025-11-22 06:21:46.388885,,,,,,,,,
9.783777932170779e-05,0.0036676491145044565,2025-11-22 06:21:46.641927,,,,,,,,,
9.887835039990023e-05,0.0035928492434322834,2025-11-22 06:21:46.887474,,,,,,,,,
9.279030928155407e-05,0.0029747560620307922,2025-11-22 06:21:47.126459,,,,,,,,,
8.910424367059022e-05,0.0033845447469502687,2025-11-22 06:21:47.372488,,,,,,,,,
9.172873251372948e-05,0.003480406478047371,2025-11-22 06:21:47.638045,,,,,,,,,
9.503549517830834e-05,0.003717613173648715,2025-11-22 06:21:47.872215,,,,,,,,,
9.415351814823225e-05,0.003089501988142729,2025-11-22 06:21:48.119189,,,,,,,,,
8.929768955567852e-05,0.00314797880128026,2025-11-22 06:21:48.365850,,,,,,,,,
8.746383537072688e-05,0.00342194433324039,2025-11-22 06:21:48.613047,,,,,,,,,
9.18829973670654e-05,0.0033049837220460176,2025-11-22 06:21:48.859751,,,,,,,,,
9.351072367280722e-05,0.0032582709100097418,2025-11-22 06:21:49.105722,,,,,,,,,
8.978701225714758e-05,0.003222842002287507,2025-11-22 06:21:49.368009,,,,,,,,,
8.637171413283795e-05,0.004597388207912445,2025-11-22 06:21:49.710968,,,,,,,,,
9.065477934200317e-05,0.0030084485188126564,2025-11-22 06:21:49.955816,,,,,,,,,
9.400436101714149e-05,0.003733518533408642,2025-11-22 06:21:50.201373,,,,,,,,,
9.323030099039897e-05,0.004027084913104773,2025-11-22 06:21:50.450383,,,,,,,,,
9.307896834798157e-05,0.0033905147574841976,2025-11-22 06:21:50.699377,,,,,,,,,
9.438543929718435e-05,0.0034921416081488132,2025-11-22 06:21:50.944550,,,,,,,,,
9.700220107333735e-05,0.003403771435841918,2025-11-22 06:21:51.197111,,,,,,,,,
9.430929640075192e-05,0.004119759891182184,2025-11-22 06:21:51.468530,,,,,,,,,
9.554829739499837e-05,0.003706148359924555,2025-11-22 06:21:51.691675,,,,,,,,,
9.684644464869052e-05,0.003109951037913561,2025-11-22 06:21:51.957789,,,,,,,,,
9.661973308539018e-05,0.0036176559515297413,2025-11-22 06:21:52.187803,,,,,,,,,
9.675643377704546e-05,0.0031110208947211504,2025-11-22 06:21:52.432605,,,,,,,,,
9.551192488288507e-05,0.0033584064804017544,2025-11-22 06:21:52.681124,,,,,,,,,
9.404538286617026e-05,0.0035644755698740482,2025-11-22 06:21:52.941559,,,,,,,,,
9.41824255278334e-05,0.0034706532023847103,2025-11-22 06:21:53.180804,,,,,,,,,
9.498665895080194e-05,0.003079765010625124,2025-11-22 06:21:53.430081,,,,,,,,,
9.426048200111836e-05,0.0035970336757600307,2025-11-22 06:21:53.680767,,,,,,,,,
9.431145008420572e-05,0.0036729692947119474,2025-11-22 06:21:53.919166,,,,,,,,,
9.601582132745534e-05,0.0029539894312620163,2025-11-22 06:21:54.176212,,,,,,,,,
9.348103048978373e-05,0.003331855870783329,2025-11-22 06:21:54.426997,,,,,,,,,
9.231558942701668e-05,0.0034676576033234596,2025-11-22 06:21:54.661469,,,,,,,,,
9.254262113245204e-05,0.003571615554392338,2025-11-22 06:21:54.912441,,,,,,,,,
9.483499161433429e-05,0.003266966203227639,2025-11-22 06:21:55.153617,,,,,,,,,
9.45089414017275e-05,0.003390140365809202,2025-11-22 06:21:55.402541,,,,,,,,,
9.249481081496924e-05,0.0038993130438029766,2025-11-22 06:21:55.651127,,,,,,,,,
9.385695011587813e-05,0.002767253667116165,2025-11-22 06:21:55.897140,,,,,,,,,
9.31371032493189e-05,0.0036326174158602953,2025-11-22 06:21:56.155143,,,,,,,,,
9.126326040131971e-05,0.0037203957326710224,2025-11-22 06:21:56.392485,,,,,,,,,
8.910337055567652e-05,0.0038432376459240913,2025-11-22 06:21:56.636127,,,,,,,,,
8.835375047056004e-05,0.003609056817367673,2025-11-22 06:21:56.887304,,,,,,,,,
9.008876804728061e-05,0.0032351042609661818,2025-11-22 06:21:57.142207,,,,,,,,,
9.221665823133662e-05,0.0031407843343913555,2025-11-22 06:21:57.386955,,,,,,,,,
9.18577570701018e-05,0.0036306530237197876,2025-11-22 06:21:57.636805,,,,,,,,,
9.046434570336714e-05,0.003222708124667406,2025-11-22 06:21:57.880370,,,,,,,,,
8.905794675229117e-05,0.0034799794666469097,2025-11-22 06:21:58.125796,,,,,,,,,
8.936793892644346e-05,0.004058362450450659,2025-11-22 06:21:58.376757,,,,,,,,,
9.173531725537032e-05,0.0033275524619966745,2025-11-22 06:21:58.623677,,,,,,,,,
9.423650772077963e-05,0.0034591921139508486,2025-11-22 06:21:58.866426,,,,,,,,,
9.537439473206177e-05,0.0032400733325630426,2025-11-22 06:21:59.113937,,,,,,,,,
9.35489297262393e-05,0.002854154445230961,2025-11-22 06:21:59.360702,,,,,,,,,
,,2025-11-22 06:21:59.419424,9.225406883059704e-05,0.00348359158831752,0.0015,,,,,,
,,2025-11-22 06:22:07.661190,,,,26.50569725036621,7.440791606903076,,,,
,,2025-11-22 06:22:07.663082,,,,,,9.015553223434836e-05,0.003225896695557122,26.50569725036621,7.440791606903076
9.015553223434836e-05,0.003835431532934308,2025-11-22 06:22:11.818622,,,,,,,,,
8.910646283766255e-05,0.0033315836917608976,2025-11-22 06:22:12.048032,,,,,,,,,
8.889294258551672e-05,0.003774405689910054,2025-11-22 06:22:12.291217,,,,,,,,,
9.27663131733425e-05,0.003306586528196931,2025-11-22 06:22:12.547501,,,,,,,,,
9.574448631610721e-05,0.0029221870936453342,2025-11-22 06:22:12.830608,,,,,,,,,
9.392870560986921e-05,0.0035970110911875963,2025-11-22 06:22:13.048367,,,,,,,,,
9.239386417903006e-05,0.0036270562559366226,2025-11-22 06:22:13.293523,,,,,,,,,
9.175550803774968e-05,0.0035935097839683294,2025-11-22 06:22:13.539781,,,,,,,,,
9.132909326581284e-05,0.0036543633323162794,2025-11-22 06:22:13.783656,,,,,,,,,
9.102652984438464e-05,0.003407662035897374,2025-11-22 06:22:14.029429,,,,,,,,,
9.0884102974087e-05,0.0038946466520428658,2025-11-22 06:22:14.275113,,,,,,,,,
9.418921399628744e-05,0.0031025665812194347,2025-11-22 06:22:14.521412,,,,,,,,,
9.654232417233288e-05,0.0035016092006117105,2025-11-22 06:22:14.773762,,,,,,,,,
9.764012065716088e-05,0.0032235998660326004,2025-11-22 06:22:15.013527,,,,,,,,,
9.649595449445769e-05,0.003577033756300807,2025-11-22 06:22:15.259454,,,,,,,,,
9.847503679338843e-05,0.0033379504457116127,2025-11-22 06:22:15.506747,,,,,,,,,
0.00010001396731240675,0.0035329116508364677,2025-11-22 06:22:15.761043,,,,,,,,,
9.703212708700448e-05,0.003435553750023246,2025-11-22 06:22:16.018978,,,,,,,,,
9.344750287709758e-05,0.0030157165601849556,2025-11-22 06:22:16.257936,,,,,,,,,
9.197417966788635e-05,0.0031137391924858093,2025-11-22 06:22:16.510724,,,,,,,,,
9.041797602549195e-05,0.0032581372652202845,2025-11-22 06:22:16.759961,,,,,,,,,
8.956179226515815e-05,0.003464862471446395,2025-11-22 06:22:17.006703,,,,,,,,,
8.838836947688833e-05,0.0036436771042644978,2025-11-22 06:22:17.256600,,,,,,,,,
8.92487951205112e-05,0.0033128473442047834,2025-11-22 06:22:17.505678,,,,,,,,,
8.982425788417459e-05,0.003309817286208272,2025-11-22 06:22:17.763877,,,,,,,,,
9.032389061758295e-05,0.0035174875520169735,2025-11-22 06:22:18.002420,,,,,,,,,
9.01484745554626e-05,0.003297894261777401,2025-11-22 06:22:18.248001,,,,,,,,,
8.940090629039332e-05,0.003781961975619197,2025-11-22 06:22:18.494068,,,,,,,,,
9.058038267539814e-05,0.0032439581118524075,2025-11-22 06:22:18.739642,,,,,,,,,
9.085319470614195e-05,0.003668860998004675,2025-11-22 06:22:18.993767,,,,,,,,,
9.470141230849549e-05,0.0030133435502648354,2025-11-22 06:22:19.235293,,,,,,,,,
9.439462155569345e-05,0.0033273864537477493,2025-11-22 06:22:19.478193,,,,,,,,,
8.932744094636291e-05,0.00339837116189301,2025-11-22 06:22:19.739026,,,,,,,,,
8.877352229319513e-05,0.003742908127605915,2025-11-22 06:22:19.980063,,,,,,,,,
9.158036846201867e-05,0.003795974887907505,2025-11-22 06:22:20.225021,,,,,,,,,
9.486622730037197e-05,0.003318625735118985,2025-11-22 06:22:20.465798,,,,,,,,,
9.272792522097006e-05,0.003093479201197624,2025-11-22 06:22:20.711557,,,,,,,,,
9.053936810232699e-05,0.0032466843258589506,2025-11-22 06:22:20.954365,,,,,,,,,
9.324053826276213e-05,0.0036772035527974367,2025-11-22 06:22:21.204238,,,,,,,,,
9.984581993194297e-05,0.0036625054199248552,2025-11-22 06:22:21.463837,,,,,,,,,
9.955680434359238e-05,0.003552093403413892,2025-11-22 06:22:21.699928,,,,,,,,,
9.64473802014254e-05,0.0031947351526468992,2025-11-22 06:22:21.953031,,,,,,,,,
9.643735393183306e-05,0.0033202641643583775,2025-11-22 06:22:22.202433,,,,,,,,,
9.775204671313986e-05,0.003511896589770913,2025-11-22 06:22:22.449588,,,,,,,,,
9.55471332417801e-05,0.0035799317993223667,2025-11-22 06:22:22.694427,,,,,,,,,
8.956926467362791e-05,0.003487593261525035,2025-11-22 06:22:22.939797,,,,,,,,,
8.931972843129188e-05,0.0040377043187618256,2025-11-22 06:22:23.200931,,,,,,,,,
9.094315464608371e-05,0.0036182079929858446,2025-11-22 06:22:23.437088,,,,,,,,,
9.178568870993331e-05,0.0033216977026313543,2025-11-22 06:22:23.690924,,,,,,,,,
9.031424269778654e-05,0.0036003775894641876,2025-11-22 06:22:23.935288,,,,,,,,,
9.156950545730069e-05,0.003335494315251708,2025-11-22 06:22:24.186636,,,,,,,,,
9.48579327086918e-05,0.0030357243958860636,2025-11-22 06:22:24.425016,,,,,,,,,
9.594997391104698e-05,0.0036227991804480553,2025-11-22 06:22:24.672156,,,,,,,,,
9.254165343008935e-05,0.0031604536343365908,2025-11-22 06:22:24.913389,,,,,,,,,
8.948180038714781e-05,0.0035425997339189053,2025-11-22 06:22:25.160070,,,,,,,,,
9.377719106851146e-05,0.0036322406958788633,2025-11-22 06:22:25.406386,,,,,,,,,
9.655748726800084e-05,0.0034724771976470947,2025-11-22 06:22:25.653376,,,,,,,,,
9.497060091234744e-05,0.003085323143750429,2025-11-22 06:22:25.898080,,,,,,,,,
9.21036335057579e-05,0.0036372682079672813,2025-11-22 06:22:26.167448,,,,,,,,,
9.356850932817906e-05,0.003619957249611616,2025-11-22 06:22:26.402579,,,,,,,,,
9.610907727619633e-05,0.003982428461313248,2025-11-22 06:22:26.642498,,,,,,,,,
9.577348100719973e-05,0.003188877599313855,2025-11-22 06:22:26.889177,,,,,,,,,
9.083554323296994e-05,0.0030277520418167114,2025-11-22 06:22:27.135267,,,,,,,,,
8.884899580152705e-05,0.0036745755933225155,2025-11-22 06:22:27.392815,,,,,,,,,
9.165496885543689e-05,0.0028524415101855993,2025-11-22 06:22:27.633804,,,,,,,,,
9.255581244360656e-05,0.0035382872447371483,2025-11-22 06:22:27.877841,,,,,,,,,
9.058228170033544e-05,0.0033278579358011484,2025-11-22 06:22:28.123735,,,,,,,,,
8.994792005978525e-05,0.0030537955462932587,2025-11-22 06:22:28.369124,,,,,,,,,
9.057936404133216e-05,0.0033598567824810743,2025-11-22 06:22:28.619806,,,,,,,,,
9.19279846129939e-05,0.0035460249055176973,2025-11-22 06:22:28.861053,,,,,,,,,
9.072326065506786e-05,0.0031132916919887066,2025-11-22 06:22:29.108523,,,,,,,,,
8.815557521302253e-05,0.003266042098402977,2025-11-22 06:22:29.352577,,,,,,,,,
8.857422653818503e-05,0.003207463538274169,2025-11-22 06:22:29.603339,,,,,,,,,
9.009247150970623e-05,0.0031446097418665886,2025-11-22 06:22:29.857723,,,,,,,,,
8.987657929537818e-05,0.0035637416876852512,2025-11-22 06:22:30.093449,,,,,,,,,
8.846452692523599e-05,0.003546647960320115,2025-11-22 06:22:30.336790,,,,,,,,,
8.826261182548478e-05,0.0031958334147930145,2025-11-22 06:22:30.589100,,,,,,,,,
9.081583993975073e-05,0.003505625296384096,2025-11-22 06:22:30.832407,,,,,,,,,
9.528039663564414e-05,0.002554909558966756,2025-11-22 06:22:31.081135,,,,,,,,,
9.23124753171578e-05,0.003135471371933818,2025-11-22 06:22:31.323143,,,,,,,,,
8.9800771092996e-05,0.002831508871167898,2025-11-22 06:22:31.573791,,,,,,,,,
9.050058724824339e-05,0.002996423514559865,2025-11-22 06:22:31.823301,,,,,,,,,
9.199851047014818e-05,0.003235928015783429,2025-11-22 06:22:32.061639,,,,,,,,,
9.076451533474028e-05,0.0034497929736971855,2025-11-22 06:22:32.308116,,,,,,,,,
9.048990614246577e-05,0.003066035220399499,2025-11-22 06:22:32.556970,,,,,,,,,
9.161447087535635e-05,0.0034966827370226383,2025-11-22 06:22:32.802943,,,,,,,,,
9.342707198811695e-05,0.003630467690527439,2025-11-22 06:22:33.047439,,,,,,,,,
9.130167018156499e-05,0.0034433919936418533,2025-11-22 06:22:33.297091,,,,,,,,,
8.914541103877127e-05,0.0030348936561495066,2025-11-22 06:22:33.537059,,,,,,,,,
8.92547977855429e-05,0.0033823028206825256,2025-11-22 06:22:33.791795,,,,,,,,,
9.195810707751662e-05,0.003173385513946414,2025-11-22 06:22:34.036193,,,,,,,,,
9.334064088761806e-05,0.0034280552063137293,2025-11-22 06:22:34.280737,,,,,,,,,
9.201443026540801e-05,0.0034318952821195126,2025-11-22 06:22:34.524344,,,,,,,,,
9.061148011824116e-05,0.0031019123271107674,2025-11-22 06:22:34.771071,,,,,,,,,
9.29215966607444e-05,0.0037025604397058487,2025-11-22 06:22:35.016304,,,,,,,,,
9.645159298088402e-05,0.0034157740883529186,2025-11-22 06:22:35.268629,,,,,,,,,
9.495784615864977e-05,0.0033536634873598814,2025-11-22 06:22:35.516666,,,,,,,,,
9.257080091629177e-05,0.0035455438774079084,2025-11-22 06:22:35.765961,,,,,,,,,
9.251789742847905e-05,0.0032332411501556635,2025-11-22 06:22:36.005921,,,,,,,,,
9.265779226552695e-05,0.0029181037098169327,2025-11-22 06:22:36.260012,,,,,,,,,
9.12543764570728e-05,0.0034113198053091764,2025-11-22 06:22:36.500355,,,,,,,,,
9.23645930015482e-05,0.0034113284200429916,2025-11-22 06:22:36.747664,,,,,,,,,
9.428535850020126e-05,0.003084515919908881,2025-11-22 06:22:36.993325,,,,,,,,,
9.100898751057684e-05,0.003397358814254403,2025-11-22 06:22:37.246396,,,,,,,,,
8.874776540324092e-05,0.0028020471800118685,2025-11-22 06:22:37.491522,,,,,,,,,
8.812289161141962e-05,0.0035020268987864256,2025-11-22 06:22:37.735554,,,,,,,,,
9.08234651433304e-05,0.0030869892798364162,2025-11-22 06:22:37.982797,,,,,,,,,
9.111939289141446e-05,0.0034063253551721573,2025-11-22 06:22:38.225699,,,,,,,,,
8.973525109468028e-05,0.00315133947879076,2025-11-22 06:22:38.475150,,,,,,,,,
8.809215069049969e-05,0.0031711708288639784,2025-11-22 06:22:38.717028,,,,,,,,,
8.732293645152822e-05,0.0033924991730600595,2025-11-22 06:22:38.966448,,,,,,,,,
8.687438821652904e-05,0.0035130931064486504,2025-11-22 06:22:39.215810,,,,,,,,,
8.651397365611047e-05,0.0031909325625747442,2025-11-22 06:22:39.453973,,,,,,,,,
8.5770821897313e-05,0.0036451697815209627,2025-11-22 06:22:39.703071,,,,,,,,,
8.815972250886261e-05,0.0038641635328531265,2025-11-22 06:22:39.950508,,,,,,,,,
8.942255226429552e-05,0.0031097792088985443,2025-11-22 06:22:40.197027,,,,,,,,,
8.747371612116694e-05,0.003927885089069605,2025-11-22 06:22:40.441337,,,,,,,,,
8.883897680789232e-05,0.0032604429870843887,2025-11-22 06:22:40.685166,,,,,,,,,
9.21323080547154e-05,0.0033273010049015284,2025-11-22 06:22:40.930090,,,,,,,,,
9.385917655890808e-05,0.0038050091825425625,2025-11-22 06:22:41.174892,,,,,,,,,
9.514080738881603e-05,0.0037394475657492876,2025-11-22 06:22:41.429761,,,,,,,,,
9.728109580464661e-05,0.003508844180032611,2025-11-22 06:22:41.678923,,,,,,,,,
9.727497672429308e-05,0.0033172417897731066,2025-11-22 06:22:41.916352,,,,,,,,,
9.303989645559341e-05,0.0033223642967641354,2025-11-22 06:22:42.166050,,,,,,,,,
9.191092976834625e-05,0.0029007589910179377,2025-11-22 06:22:42.409365,,,,,,,,,
9.085295459954068e-05,0.0031628820579499006,2025-11-22 06:22:42.662586,,,,,,,,,
8.958447870099917e-05,0.003004142316058278,2025-11-22 06:22:42.899512,,,,,,,,,
8.897930820239708e-05,0.0036555409897118807,2025-11-22 06:22:43.148423,,,,,,,,,
8.806652476778254e-05,0.00313775148242712,2025-11-22 06:22:43.400176,,,,,,,,,
8.853572944644839e-05,0.003368126228451729,2025-11-22 06:22:43.645091,,,,,,,,,
8.973228250397369e-05,0.004004251677542925,2025-11-22 06:22:43.895754,,,,,,,,,
9.185151429846883e-05,0.003109108656644821,2025-11-22 06:22:44.140946,,,,,,,,,
9.053763642441481e-05,0.0031460211612284184,2025-11-22 06:22:44.385697,,,,,,,,,
9.022487211041152e-05,0.0035612734500318766,2025-11-22 06:22:44.631041,,,,,,,,,
9.091875836020336e-05,0.0035897481720894575,2025-11-22 06:22:44.884863,,,,,,,,,
9.362598939333111e-05,0.003206751774996519,2025-11-22 06:22:45.134224,,,,,,,,,
9.449249773751944e-05,0.003885257989168167,2025-11-22 06:22:45.383860,,,,,,,,,
9.528946975478902e-05,0.002754687098786235,2025-11-22 06:22:45.619240,,,,,,,,,
9.398913971381262e-05,0.003415818326175213,2025-11-22 06:22:45.874382,,,,,,,,,
9.614465670892969e-05,0.003471152391284704,2025-11-22 06:22:46.117579,,,,,,,,,
9.35040952754207e-05,0.003600498428568244,2025-11-22 06:22:46.373502,,,,,,,,,
8.908698509912938e-05,0.0037047567311674356,2025-11-22 06:22:46.623986,,,,,,,,,
9.004113235278055e-05,0.0033365979325026274,2025-11-22 06:22:46.864426,,,,,,,,,
9.4183451437857e-05,0.0032121625263243914,2025-11-22 06:22:47.110033,,,,,,,,,
,,2025-11-22 06:22:47.245275,9.1954691773329e-05,0.003383075913815345,0.00075,,,,,,
,,2025-11-22 06:22:55.493531,,,,26.281269073486328,7.645040512084961,,,,
,,2025-11-22 06:22:55.499106,,,,,,9.493694233242422e-05,0.0030778703960375143,26.281269073486328,7.645040512084961
9.493694233242422e-05,0.002874481026083231,2025-11-22 06:23:00.527436,,,,,,,,,
9.310399764217436e-05,0.0030972203239798546,2025-11-22 06:23:00.767870,,,,,,,,,
9.176281309919432e-05,0.003351418534293771,2025-11-22 06:23:01.016236,,,,,,,,,
9.364495781483129e-05,0.003212881041690707,2025-11-22 06:23:01.263252,,,,,,,,,
9.219050843967125e-05,0.0032027345150709152,2025-11-22 06:23:01.511001,,,,,,,,,
9.036723349709064e-05,0.0035735031124204397,2025-11-22 06:23:01.765411,,,,,,,,,
9.158930333796889e-05,0.003071556566283107,2025-11-22 06:23:02.017603,,,,,,,,,
9.216844773618504e-05,0.004020545165985823,2025-11-22 06:23:02.255441,,,,,,,,,
9.351444896310568e-05,0.0035433059092611074,2025-11-22 06:23:02.501484,,,,,,,,,
9.474011312704533e-05,0.002780414652079344,2025-11-22 06:23:02.741601,,,,,,,,,
9.3861497589387e-05,0.00310297473333776,2025-11-22 06:23:03.013632,,,,,,,,,
9.302563557866961e-05,0.0027413531206548214,2025-11-22 06:23:03.245929,,,,,,,,,
9.009637869894505e-05,0.0027123061008751392,2025-11-22 06:23:03.509456,,,,,,,,,
8.707139932084829e-05,0.0033507810439914465,2025-11-22 06:23:03.760505,,,,,,,,,
8.781653741607442e-05,0.0033190594986081123,2025-11-22 06:23:04.018501,,,,,,,,,
8.868781878845766e-05,0.003549526911228895,2025-11-22 06:23:04.247403,,,,,,,,,
8.744603837840259e-05,0.0031508251558989286,2025-11-22 06:23:04.495993,,,,,,,,,
8.59063002280891e-05,0.0033541962038725615,2025-11-22 06:23:04.742449,,,,,,,,,
8.84670444065705e-05,0.002937244949862361,2025-11-22 06:23:04.990673,,,,,,,,,
9.004888852359727e-05,0.0030387532897293568,2025-11-22 06:23:05.225789,,,,,,,,,
8.63920504343696e-05,0.0032434670720249414,2025-11-22 06:23:05.476556,,,,,,,,,
8.64664907567203e-05,0.0038190949708223343,2025-11-22 06:23:05.724757,,,,,,,,,
9.016100375447422e-05,0.0033665092196315527,2025-11-22 06:23:05.968642,,,,,,,,,
9.180668712360784e-05,0.0037608561106026173,2025-11-22 06:23:06.214477,,,,,,,,,
9.290637535741553e-05,0.003657520981505513,2025-11-22 06:23:06.461910,,,,,,,,,
9.572879935149103e-05,0.0031394537072628736,2025-11-22 06:23:06.707243,,,,,,,,,
9.579299512552097e-05,0.0032296443823724985,2025-11-22 06:23:06.957183,,,,,,,,,
9.529512317385525e-05,0.0032418733462691307,2025-11-22 06:23:07.203455,,,,,,,,,
9.500711894361302e-05,0.003691669786348939,2025-11-22 06:23:07.452969,,,,,,,,,
9.361506090499461e-05,0.0035773990675807,2025-11-22 06:23:07.697830,,,,,,,,,
9.417800902156159e-05,0.003632000181823969,2025-11-22 06:23:07.954077,,,,,,,,,
9.477996354689822e-05,0.003319322597235441,2025-11-22 06:23:08.181858,,,,,,,,,
9.759836393641308e-05,0.0031854440458118916,2025-11-22 06:23:08.437226,,,,,,,,,
9.868531924439594e-05,0.0032221328001469374,2025-11-22 06:23:08.678685,,,,,,,,,
9.570941620040685e-05,0.0030548623763024807,2025-11-22 06:23:08.928253,,,,,,,,,
9.210907592205331e-05,0.003265709150582552,2025-11-22 06:23:09.175944,,,,,,,,,
8.976028766483068e-05,0.003399621695280075,2025-11-22 06:23:09.419938,,,,,,,,,
9.01519088074565e-05,0.003321087919175625,2025-11-22 06:23:09.668040,,,,,,,,,
8.928373426897451e-05,0.003648038487881422,2025-11-22 06:23:09.922462,,,,,,,,,
8.939518011175096e-05,0.003545766230672598,2025-11-22 06:23:10.174721,,,,,,,,,
8.882859401637688e-05,0.002861735410988331,2025-11-22 06:23:10.422835,,,,,,,,,
8.771262218942866e-05,0.0035116930957883596,2025-11-22 06:23:10.661808,,,,,,,,,
8.981989958556369e-05,0.003349452745169401,2025-11-22 06:23:10.902588,,,,,,,,,
9.141943883150816e-05,0.0030087840277701616,2025-11-22 06:23:11.161420,,,,,,,,,
9.033082460518926e-05,0.0031397556886076927,2025-11-22 06:23:11.401355,,,,,,,,,
9.104733180720359e-05,0.0034058529417961836,2025-11-22 06:23:11.641182,,,,,,,,,
9.289003355661407e-05,0.003240634221583605,2025-11-22 06:23:11.907975,,,,,,,,,
9.080248128157109e-05,0.0032383662182837725,2025-11-22 06:23:12.143349,,,,,,,,,
9.082155884243548e-05,0.003105330979451537,2025-11-22 06:23:12.393211,,,,,,,,,
9.279244113713503e-05,0.003400959772989154,2025-11-22 06:23:12.635329,,,,,,,,,
9.015885007102042e-05,0.0036396568175405264,2025-11-22 06:23:12.878812,,,,,,,,,
9.007092012325302e-05,0.0030039995908737183,2025-11-22 06:23:13.126260,,,,,,,,,
9.00483937584795e-05,0.0030725959222763777,2025-11-22 06:23:13.374407,,,,,,,,,
9.020272409543395e-05,0.003785334760323167,2025-11-22 06:23:13.641504,,,,,,,,,
9.453119855606928e-05,0.0027025705203413963,2025-11-22 06:23:13.886221,,,,,,,,,
9.42870246944949e-05,0.0032982840202748775,2025-11-22 06:23:14.130066,,,,,,,,,
9.435306856175885e-05,0.0030926531180739403,2025-11-22 06:23:14.382110,,,,,,,,,
9.412826329935342e-05,0.003227794310078025,2025-11-22 06:23:14.627570,,,,,,,,,
9.440688154427335e-05,0.003516056574881077,2025-11-22 06:23:14.870759,,,,,,,,,
9.099720773519948e-05,0.0030305972322821617,2025-11-22 06:23:15.116967,,,,,,,,,
8.827170677250251e-05,0.0028974374290555716,2025-11-22 06:23:15.375234,,,,,,,,,
8.720625919522718e-05,0.0032293463591486216,2025-11-22 06:23:15.612769,,,,,,,,,
8.55720354593359e-05,0.0034006922505795956,2025-11-22 06:23:15.858471,,,,,,,,,
8.521270501660183e-05,0.0035032404121011496,2025-11-22 06:23:16.118777,,,,,,,,,
8.544376760255545e-05,0.0032921808306127787,2025-11-22 06:23:16.353386,,,,,,,,,
8.654857083456591e-05,0.003154321573674679,2025-11-22 06:23:16.598117,,,,,,,,,
8.71215743245557e-05,0.0035249970387667418,2025-11-22 06:23:16.845649,,,,,,,,,
8.683447231305763e-05,0.0034793002996593714,2025-11-22 06:23:17.098131,,,,,,,,,
8.731807611184195e-05,0.003531908616423607,2025-11-22 06:23:17.344086,,,,,,,,,
8.981967403087765e-05,0.002992413705214858,2025-11-22 06:23:17.585083,,,,,,,,,
8.723232167540118e-05,0.003373604966327548,2025-11-22 06:23:17.832272,,,,,,,,,
9.0529014414642e-05,0.0033981932792812586,2025-11-22 06:23:18.080797,,,,,,,,,
9.643866360420361e-05,0.0032077478244900703,2025-11-22 06:23:18.323565,,,,,,,,,
9.202284127241e-05,0.0032791313715279102,2025-11-22 06:23:18.583451,,,,,,,,,
9.182691428577527e-05,0.003501814091578126,2025-11-22 06:23:18.822660,,,,,,,,,
9.712232713354751e-05,0.0029457714408636093,2025-11-22 06:23:19.069221,,,,,,,,,
9.735929052112624e-05,0.0034429465886205435,2025-11-22 06:23:19.317866,,,,,,,,,
9.380093251820654e-05,0.0030373914632946253,2025-11-22 06:23:19.579882,,,,,,,,,
9.197604958899319e-05,0.0035568324383348227,2025-11-22 06:23:19.827746,,,,,,,,,
9.586201485944912e-05,0.0027599285822361708,2025-11-22 06:23:20.065939,,,,,,,,,
9.539844177197665e-05,0.002688109641894698,2025-11-22 06:23:20.311534,,,,,,,,,
8.978627738542855e-05,0.0033688952680677176,2025-11-22 06:23:20.558581,,,,,,,,,
8.915123908082023e-05,0.003463095985352993,2025-11-22 06:23:20.805196,,,,,,,,,
9.20299717108719e-05,0.003417663974687457,2025-11-22 06:23:21.049417,,,,,,,,,
9.198074258165434e-05,0.003266379004344344,2025-11-22 06:23:21.297571,,,,,,,,,
8.735872688703239e-05,0.0034644517581909895,2025-11-22 06:23:21.545637,,,,,,,,,
8.878425433067605e-05,0.0030490064527839422,2025-11-22 06:23:21.787439,,,,,,,,,
9.36965734581463e-05,0.0030134336557239294,2025-11-22 06:23:22.036326,,,,,,,,,
9.328494343208149e-05,0.003656817367300391,2025-11-22 06:23:22.278366,,,,,,,,,
8.899412932805717e-05,0.003843148937448859,2025-11-22 06:23:22.531008,,,,,,,,,
8.814511966193095e-05,0.0034541927743703127,2025-11-22 06:23:22.780311,,,,,,,,,
8.852378960000351e-05,0.0031761976424604654,2025-11-22 06:23:23.022731,,,,,,,,,
8.924084977479652e-05,0.0031564217060804367,2025-11-22 06:23:23.280501,,,,,,,,,
8.987790351966396e-05,0.0036550122313201427,2025-11-22 06:23:23.521995,,,,,,,,,
9.131010301643983e-05,0.003065244760364294,2025-11-22 06:23:23.762150,,,,,,,,,
9.006861364468932e-05,0.003329382510855794,2025-11-22 06:23:24.023113,,,,,,,,,
8.749677363084629e-05,0.003599953604862094,2025-11-22 06:23:24.263598,,,,,,,,,
8.840790542308241e-05,0.003239255165681243,2025-11-22 06:23:24.509092,,,,,,,,,
9.020573634188622e-05,0.0029787912499159575,2025-11-22 06:23:24.754644,,,,,,,,,
8.897866791812703e-05,0.003422187641263008,2025-11-22 06:23:25.008899,,,,,,,,,
8.862128015607595e-05,0.0030113502871245146,2025-11-22 06:23:25.250525,,,,,,,,,
8.777778566582128e-05,0.0032099527306854725,2025-11-22 06:23:25.506926,,,,,,,,,
8.985967724584043e-05,0.0035450567957013845,2025-11-22 06:23:25.755650,,,,,,,,,
9.242627857020125e-05,0.0033914900850504637,2025-11-22 06:23:25.995778,,,,,,,,,
9.517768194200471e-05,0.003057871712371707,2025-11-22 06:23:26.246914,,,,,,,,,
9.417394176125526e-05,0.0030153836123645306,2025-11-22 06:23:26.501278,,,,,,,,,
9.111494000535458e-05,0.00332501158118248,2025-11-22 06:23:26.749388,,,,,,,,,
9.029301872942597e-05,0.002958668628707528,2025-11-22 06:23:27.007991,,,,,,,,,
8.949520270107314e-05,0.0028109601698815823,2025-11-22 06:23:27.247023,,,,,,,,,
8.622373570688069e-05,0.003245218191295862,2025-11-22 06:23:27.496190,,,,,,,,,
8.832860476104543e-05,0.003118205349892378,2025-11-22 06:23:27.744501,,,,,,,,,
9.279816731577739e-05,0.0036169937811791897,2025-11-22 06:23:28.001271,,,,,,,,,
9.283065446652472e-05,0.003359226044267416,2025-11-22 06:23:28.250541,,,,,,,,,
8.949412585934624e-05,0.00305203627794981,2025-11-22 06:23:28.486244,,,,,,,,,
9.130389662459493e-05,0.003869888838380575,2025-11-22 06:23:28.732413,,,,,,,,,
9.524627239443362e-05,0.003464976791292429,2025-11-22 06:23:28.979222,,,,,,,,,
9.627197869122028e-05,0.0034592561423778534,2025-11-22 06:23:29.224423,,,,,,,,,
9.660443902248517e-05,0.003359806491062045,2025-11-22 06:23:29.476698,,,,,,,,,
0.00010151691822102293,0.00326531077735126,2025-11-22 06:23:29.727050,,,,,,,,,
0.00010529084829613566,0.0032337307929992676,2025-11-22 06:23:29.967078,,,,,,,,,
9.782238339539617e-05,0.0032427965197712183,2025-11-22 06:23:30.214928,,,,,,,,,
9.016697003971785e-05,0.0033533533569425344,2025-11-22 06:23:30.457558,,,,,,,,,
8.985734166344628e-05,0.003206065157428384,2025-11-22 06:23:30.720414,,,,,,,,,
9.2150985437911e-05,0.0033126207999885082,2025-11-22 06:23:30.952998,,,,,,,,,
9.370877523906529e-05,0.003020854666829109,2025-11-22 06:23:31.214307,,,,,,,,,
9.189716365654022e-05,0.003415309125557542,2025-11-22 06:23:31.450088,,,,,,,,,
9.333126217825338e-05,0.003662045579403639,2025-11-22 06:23:31.701730,,,,,,,,,
9.275253978557885e-05,0.0032143706921488047,2025-11-22 06:23:31.939820,,,,,,,,,
8.92908064997755e-05,0.0030856055673211813,2025-11-22 06:23:32.190428,,,,,,,,,
9.240387589670718e-05,0.0034054918214678764,2025-11-22 06:23:32.434683,,,,,,,,,
9.973737178370357e-05,0.0033814599737524986,2025-11-22 06:23:32.684396,,,,,,,,,
9.924023470375687e-05,0.002798651810735464,2025-11-22 06:23:32.929775,,,,,,,,,
9.303663682658225e-05,0.0031715661752969027,2025-11-22 06:23:33.180402,,,,,,,,,
9.263965330319479e-05,0.0034813692327588797,2025-11-22 06:23:33.422529,,,,,,,,,
9.640963253332302e-05,0.003109139855951071,2025-11-22 06:23:33.672407,,,,,,,,,
9.676479385234416e-05,0.002975652227178216,2025-11-22 06:23:33.923173,,,,,,,,,
9.233893797500059e-05,0.003689713077619672,2025-11-22 06:23:34.166599,,,,,,,,,
9.332229819847271e-05,0.00295603321865201,2025-11-22 06:23:34.411346,,,,,,,,,
9.448367200093344e-05,0.0034672131296247244,2025-11-22 06:23:34.660144,,,,,,,,,
9.218865307047963e-05,0.0030315672047436237,2025-11-22 06:23:34.903678,,,,,,,,,
8.679294842295349e-05,0.0030231336131691933,2025-11-22 06:23:35.158152,,,,,,,,,
8.4677230915986e-05,0.0036844853311777115,2025-11-22 06:23:35.407646,,,,,,,,,
9.05791312106885e-05,0.003281673416495323,2025-11-22 06:23:35.663300,,,,,,,,,
9.15153359528631e-05,0.0034251443576067686,2025-11-22 06:23:35.908763,,,,,,,,,
,,2025-11-22 06:23:35.965577,9.161886863593181e-05,0.00328139733917649,0.00075,,,,,,
,,2025-11-22 06:23:44.107460,,,,26.29424285888672,7.721745491027832,,,,
,,2025-11-22 06:23:44.108468,,,,,,9.465373183887165e-05,0.003023843737677313,26.29424285888672,7.721745491027832
9.465373295824975e-05,0.0030987076461315155,2025-11-22 06:23:48.819719,,,,,,,,,
9.722301183501258e-05,0.0027930825017392635,2025-11-22 06:23:49.052023,,,,,,,,,
9.648330888012424e-05,0.003155636601150036,2025-11-22 06:23:49.310760,,,,,,,,,
9.493047400610521e-05,0.0031457720324397087,2025-11-22 06:23:49.557494,,,,,,,,,
9.014803072204813e-05,0.003446910995990038,2025-11-22 06:23:49.793470,,,,,,,,,
8.718273602426052e-05,0.003577184397727251,2025-11-22 06:23:50.045391,,,,,,,,,
9.049549407791346e-05,0.003495517885312438,2025-11-22 06:23:50.286276,,,,,,,,,
9.223657252732664e-05,0.003145181806758046,2025-11-22 06:23:50.534757,,,,,,,,,
9.16049029910937e-05,0.003434954211115837,2025-11-22 06:23:50.780336,,,,,,,,,
9.324097482021898e-05,0.003290765918791294,2025-11-22 06:23:51.031956,,,,,,,,,
9.605912782717496e-05,0.0038921984378248453,2025-11-22 06:23:51.279790,,,,,,,,,
9.77997260633856e-05,0.0029364991933107376,2025-11-22 06:23:51.532672,,,,,,,,,
9.475718979956582e-05,0.0029958453960716724,2025-11-22 06:23:51.775040,,,,,,,,,
9.471389785176143e-05,0.0031291907653212547,2025-11-22 06:23:52.019634,,,,,,,,,
9.614249574951828e-05,0.0036800347734242678,2025-11-22 06:23:52.269012,,,,,,,,,
9.305513958679512e-05,0.0029689474031329155,2025-11-22 06:23:52.510270,,,,,,,,,
8.571882790420204e-05,0.003706114599481225,2025-11-22 06:23:52.759948,,,,,,,,,
8.502708078594878e-05,0.0033496555406600237,2025-11-22 06:23:53.003137,,,,,,,,,
8.927480666898191e-05,0.002755931578576565,2025-11-22 06:23:53.257137,,,,,,,,,
8.956389501690865e-05,0.0032794855069369078,2025-11-22 06:23:53.504520,,,,,,,,,
8.579020504839718e-05,0.003161747008562088,2025-11-22 06:23:53.746907,,,,,,,,,
8.618688298156485e-05,0.003582199802622199,2025-11-22 06:23:54.008258,,,,,,,,,
9.21889950404875e-05,0.003276968374848366,2025-11-22 06:23:54.245290,,,,,,,,,
9.344558202428743e-05,0.0030807696748524904,2025-11-22 06:23:54.489872,,,,,,,,,
9.262156527256593e-05,0.0038670662324875593,2025-11-22 06:23:54.735415,,,,,,,,,
9.900260920403525e-05,0.00274159898981452,2025-11-22 06:23:54.980502,,,,,,,,,
0.00010201746044913307,0.0032986558508127928,2025-11-22 06:23:55.225591,,,,,,,,,
9.883059829007834e-05,0.0030738802161067724,2025-11-22 06:23:55.470542,,,,,,,,,
9.623616642784327e-05,0.002981724916025996,2025-11-22 06:23:55.719876,,,,,,,,,
9.51416659518145e-05,0.0032440130598843098,2025-11-22 06:23:55.962688,,,,,,,,,
9.625958773540333e-05,0.0034829899668693542,2025-11-22 06:23:56.214596,,,,,,,,,
9.743400005390868e-05,0.0033951872028410435,2025-11-22 06:23:56.462320,,,,,,,,,
9.747815784066916e-05,0.0027304603718221188,2025-11-22 06:23:56.713232,,,,,,,,,
9.555107681080699e-05,0.0030837017111480236,2025-11-22 06:23:56.955568,,,,,,,,,
9.40398676902987e-05,0.0030848835594952106,2025-11-22 06:23:57.198976,,,,,,,,,
9.136099833995104e-05,0.003510168055072427,2025-11-22 06:23:57.449089,,,,,,,,,
9.052561654243618e-05,0.0033116096165031195,2025-11-22 06:23:57.689301,,,,,,,,,
9.137136657955125e-05,0.0032071631867438555,2025-11-22 06:23:57.941440,,,,,,,,,
9.127824887400493e-05,0.0029704405460506678,2025-11-22 06:23:58.197829,,,,,,,,,
9.048355423146859e-05,0.0032835754100233316,2025-11-22 06:23:58.441366,,,,,,,,,
9.102424519369379e-05,0.0033584984485059977,2025-11-22 06:23:58.681142,,,,,,,,,
9.080430027097464e-05,0.0038094338960945606,2025-11-22 06:23:58.927419,,,,,,,,,
9.164201765088364e-05,0.003167548682540655,2025-11-22 06:23:59.170905,,,,,,,,,
9.258017962565646e-05,0.0032872697338461876,2025-11-22 06:23:59.421913,,,,,,,,,
9.32090770220384e-05,0.003415522864088416,2025-11-22 06:23:59.684933,,,,,,,,,
9.204925299854949e-05,0.0030532567761838436,2025-11-22 06:23:59.919183,,,,,,,,,
8.79033250384964e-05,0.003390550846233964,2025-11-22 06:24:00.162104,,,,,,,,,
9.052087989402935e-05,0.003378897672519088,2025-11-22 06:24:00.408746,,,,,,,,,
9.444508759770542e-05,0.0032534333877265453,2025-11-22 06:24:00.659834,,,,,,,,,
9.27870423765853e-05,0.0028904727660119534,2025-11-22 06:24:00.898531,,,,,,,,,
8.905927825253457e-05,0.0031999810598790646,2025-11-22 06:24:01.157099,,,,,,,,,
9.104048513108864e-05,0.0032640816643834114,2025-11-22 06:24:01.402799,,,,,,,,,
9.645002864999697e-05,0.00343070225790143,2025-11-22 06:24:01.651811,,,,,,,,,
9.417429100722075e-05,0.0030661853961646557,2025-11-22 06:24:01.904235,,,,,,,,,
9.464486356591806e-05,0.0033953620586544275,2025-11-22 06:24:02.139550,,,,,,,,,
9.879037679638714e-05,0.0025884821079671383,2025-11-22 06:24:02.390458,,,,,,,,,
9.467802010476589e-05,0.0030426119919866323,2025-11-22 06:24:02.652559,,,,,,,,,
8.952098141890019e-05,0.0031753084622323513,2025-11-22 06:24:02.892852,,,,,,,,,
8.89255607035011e-05,0.0033932088408619165,2025-11-22 06:24:03.147833,,,,,,,,,
9.165091614704579e-05,0.00298321689479053,2025-11-22 06:24:03.389564,,,,,,,,,
8.96518977242522e-05,0.003033414715901017,2025-11-22 06:24:03.636738,,,,,,,,,
8.694667485542595e-05,0.0031090264674276114,2025-11-22 06:24:03.880296,,,,,,,,,
8.748648542677984e-05,0.002878416096791625,2025-11-22 06:24:04.125739,,,,,,,,,
8.887107105692849e-05,0.0031047500669956207,2025-11-22 06:24:04.380571,,,,,,,,,
8.841366070555523e-05,0.00314868101850152,2025-11-22 06:24:04.632361,,,,,,,,,
8.599651482654735e-05,0.0035406984388828278,2025-11-22 06:24:04.875497,,,,,,,,,
8.861798414727673e-05,0.003676993539556861,2025-11-22 06:24:05.135370,,,,,,,,,
9.328032319899648e-05,0.0029560797847807407,2025-11-22 06:24:05.395988,,,,,,,,,
9.426639735465869e-05,0.0030564554035663605,2025-11-22 06:24:05.632539,,,,,,,,,
9.261639934265986e-05,0.0031926201190799475,2025-11-22 06:24:05.880909,,,,,,,,,
9.36874421313405e-05,0.0030656002927571535,2025-11-22 06:24:06.122777,,,,,,,,,
9.51038091443479e-05,0.003145855152979493,2025-11-22 06:24:06.363505,,,,,,,,,
9.315909119322896e-05,0.0035694094840437174,2025-11-22 06:24:06.617224,,,,,,,,,
9.247267007594928e-05,0.003256316063925624,2025-11-22 06:24:06.866214,,,,,,,,,
9.455149847781286e-05,0.002857911167666316,2025-11-22 06:24:07.112955,,,,,,,,,
9.31009926716797e-05,0.0033399758394807577,2025-11-22 06:24:07.356004,,,,,,,,,
9.132754348684102e-05,0.0030735579784959555,2025-11-22 06:24:07.605692,,,,,,,,,
9.154855069937184e-05,0.00311275664716959,2025-11-22 06:24:07.848637,,,,,,,,,
9.405213495483622e-05,0.0031358988489955664,2025-11-22 06:24:08.096616,,,,,,,,,
9.363405115436763e-05,0.002993203466758132,2025-11-22 06:24:08.344394,,,,,,,,,
9.022135782288387e-05,0.0028741087298840284,2025-11-22 06:24:08.599409,,,,,,,,,
8.864242408890277e-05,0.002893126104027033,2025-11-22 06:24:08.834342,,,,,,,,,
8.755221642786637e-05,0.003239936428144574,2025-11-22 06:24:09.086055,,,,,,,,,
8.708700624993071e-05,0.0025641778483986855,2025-11-22 06:24:09.349408,,,,,,,,,
8.470536704408005e-05,0.003462590277194977,2025-11-22 06:24:09.593954,,,,,,,,,
8.660024468554184e-05,0.002900504507124424,2025-11-22 06:24:09.838229,,,,,,,,,
8.82786771398969e-05,0.0028736956883221865,2025-11-22 06:24:10.095265,,,,,,,,,
8.482403063680977e-05,0.003164047608152032,2025-11-22 06:24:10.345966,,,,,,,,,
8.393351163249463e-05,0.0032625230960547924,2025-11-22 06:24:10.578243,,,,,,,,,
8.883035479811952e-05,0.002609690884128213,2025-11-22 06:24:10.836496,,,,,,,,,
9.030567161971703e-05,0.0029717455618083477,2025-11-22 06:24:11.081392,,,,,,,,,
8.804530807537958e-05,0.0031126094982028008,2025-11-22 06:24:11.327424,,,,,,,,,
8.879708911990747e-05,0.00318317674100399,2025-11-22 06:24:11.580044,,,,,,,,,
8.608264761278406e-05,0.0028730540070682764,2025-11-22 06:24:11.820202,,,,,,,,,
8.310170233016834e-05,0.0032211507204920053,2025-11-22 06:24:12.080088,,,,,,,,,
8.387572597712278e-05,0.003490752074867487,2025-11-22 06:24:12.315929,,,,,,,,,
8.615796832600608e-05,0.0033902914728969336,2025-11-22 06:24:12.560233,,,,,,,,,
8.749866537982598e-05,0.003584618680179119,2025-11-22 06:24:12.815811,,,,,,,,,
8.842919487506151e-05,0.002945348620414734,2025-11-22 06:24:13.067913,,,,,,,,,
8.76240519573912e-05,0.0030594407580792904,2025-11-22 06:24:13.307865,,,,,,,,,
8.945677109295502e-05,0.00315935374237597,2025-11-22 06:24:13.552067,,,,,,,,,
9.167633106699213e-05,0.0032022902742028236,2025-11-22 06:24:13.797224,,,,,,,,,
9.143470379058272e-05,0.0038217767141759396,2025-11-22 06:24:14.048916,,,,,,,,,
9.22360341064632e-05,0.0027634704019874334,2025-11-22 06:24:14.288810,,,,,,,,,
9.22419858397916e-05,0.0030888894107192755,2025-11-22 06:24:14.535275,,,,,,,,,
9.39923629630357e-05,0.003148722229525447,2025-11-22 06:24:14.793057,,,,,,,,,
9.205922833643854e-05,0.0033187230583280325,2025-11-22 06:24:15.028267,,,,,,,,,
9.131935075856745e-05,0.0030061437282711267,2025-11-22 06:24:15.277560,,,,,,,,,
9.30808309931308e-05,0.003542473306879401,2025-11-22 06:24:15.525795,,,,,,,,,
9.155472798738629e-05,0.0029997604433447123,2025-11-22 06:24:15.774310,,,,,,,,,
9.062857861863449e-05,0.0031068867538124323,2025-11-22 06:24:16.019811,,,,,,,,,
8.96878627827391e-05,0.0027764805126935244,2025-11-22 06:24:16.275099,,,,,,,,,
9.071331442100927e-05,0.0027960326988250017,2025-11-22 06:24:16.511531,,,,,,,,,
9.11934839677997e-05,0.003288331674411893,2025-11-22 06:24:16.759912,,,,,,,,,
9.324631537310779e-05,0.003111744998022914,2025-11-22 06:24:17.007580,,,,,,,,,
9.803729335544631e-05,0.002963416511192918,2025-11-22 06:24:17.254081,,,,,,,,,
9.580268670106307e-05,0.002977766329422593,2025-11-22 06:24:17.500617,,,,,,,,,
9.250695438822731e-05,0.003411629470065236,2025-11-22 06:24:17.754302,,,,,,,,,
9.176781168207526e-05,0.0031690867617726326,2025-11-22 06:24:17.993671,,,,,,,,,
9.044809121405706e-05,0.0029013229068368673,2025-11-22 06:24:18.251435,,,,,,,,,
9.178378968499601e-05,0.0029581966809928417,2025-11-22 06:24:18.495500,,,,,,,,,
9.17108409339562e-05,0.0031163652893155813,2025-11-22 06:24:18.738594,,,,,,,,,
8.885995339369401e-05,0.0028356099501252174,2025-11-22 06:24:19.001353,,,,,,,,,
8.974269439931959e-05,0.0031912748236209154,2025-11-22 06:24:19.231119,,,,,,,,,
8.98525322554633e-05,0.003126873169094324,2025-11-22 06:24:19.487628,,,,,,,,,
9.111154940910637e-05,0.0028893621638417244,2025-11-22 06:24:19.736981,,,,,,,,,
9.158642933471128e-05,0.00322240823879838,2025-11-22 06:24:19.999884,,,,,,,,,
9.132502600550652e-05,0.0031334583181887865,2025-11-22 06:24:20.230653,,,,,,,,,
9.135817526839674e-05,0.0031299861147999763,2025-11-22 06:24:20.483261,,,,,,,,,
9.104620403377339e-05,0.002847687341272831,2025-11-22 06:24:20.724371,,,,,,,,,
9.11604511202313e-05,0.002834803657606244,2025-11-22 06:24:20.974765,,,,,,,,,
8.980518759926781e-05,0.0029428990092128515,2025-11-22 06:24:21.246817,,,,,,,,,
8.914789214031771e-05,0.0032613540533930063,2025-11-22 06:24:21.460932,,,,,,,,,
8.730950503377244e-05,0.0033135206904262304,2025-11-22 06:24:21.711714,,,,,,,,,
8.66049958858639e-05,0.002988168504089117,2025-11-22 06:24:21.964199,,,,,,,,,
8.359256025869399e-05,0.003094899235293269,2025-11-22 06:24:22.206697,,,,,,,,,
8.303639333462343e-05,0.0033004984725266695,2025-11-22 06:24:22.452687,,,,,,,,,
8.490476466249675e-05,0.003642788389697671,2025-11-22 06:24:22.707043,,,,,,,,,
8.693020208738744e-05,0.0034034822601825,2025-11-22 06:24:22.950987,,,,,,,,,
8.881292160367593e-05,0.0036968933418393135,2025-11-22 06:24:23.235092,,,,,,,,,
9.198724728776142e-05,0.0037156902253627777,2025-11-22 06:24:23.483768,,,,,,,,,
9.57735683186911e-05,0.002813016762956977,2025-11-22 06:24:23.729877,,,,,,,,,
9.474858234170824e-05,0.0030143866315484047,2025-11-22 06:24:23.974513,,,,,,,,,
9.39092569751665e-05,0.0031811867374926805,2025-11-22 06:24:24.219945,,,,,,,,,
,,2025-11-22 06:24:24.360672,9.12640256400563e-05,0.0031758595044569424,0.00075,,,,,,
,,2025-11-22 06:24:33.161485,,,,26.253644943237305,7.887959957122803,,,,
,,2025-11-22 06:24:33.162921,,,,,,9.5542665803805e-05,0.002910335100470827,26.253644943237305,7.887959957122803
9.5542665803805e-05,0.0031586620025336742,2025-11-22 06:24:37.549043,,,,,,,,,
9.122198389377445e-05,0.003277223790064454,2025-11-22 06:24:37.779472,,,,,,,,,
9.008367487695068e-05,0.002839186694473028,2025-11-22 06:24:38.029191,,,,,,,,,
9.154096915153787e-05,0.0031531942076981068,2025-11-22 06:24:38.300236,,,,,,,,,
8.914226054912433e-05,0.0029163681901991367,2025-11-22 06:24:38.538018,,,,,,,,,
8.519587572664022e-05,0.0034251424949616194,2025-11-22 06:24:38.776514,,,,,,,,,
8.724963117856532e-05,0.0030998773872852325,2025-11-22 06:24:39.033624,,,,,,,,,
9.018840501084924e-05,0.0030446394812315702,2025-11-22 06:24:39.276280,,,,,,,,,
9.041871089721099e-05,0.0036201130133122206,2025-11-22 06:24:39.518458,,,,,,,,,
9.279716323362663e-05,0.0028700807597488165,2025-11-22 06:24:39.766744,,,,,,,,,
9.217971819452941e-05,0.0031054855789989233,2025-11-22 06:24:40.008933,,,,,,,,,
9.403897274751216e-05,0.003468069015070796,2025-11-22 06:24:40.253958,,,,,,,,,
9.513686381978914e-05,0.003215980250388384,2025-11-22 06:24:40.502140,,,,,,,,,
9.089411469176412e-05,0.003093872219324112,2025-11-22 06:24:40.745336,,,,,,,,,
8.948855247581378e-05,0.002968793036416173,2025-11-22 06:24:40.991913,,,,,,,,,
9.090449020732194e-05,0.002990247681736946,2025-11-22 06:24:41.240371,,,,,,,,,
8.924368739826605e-05,0.0033709174022078514,2025-11-22 06:24:41.479570,,,,,,,,,
9.164924995275214e-05,0.003286742838099599,2025-11-22 06:24:41.729327,,,,,,,,,
9.492599201621488e-05,0.002770916558802128,2025-11-22 06:24:41.972727,,,,,,,,,
9.003229206427932e-05,0.0034871662501245737,2025-11-22 06:24:42.232234,,,,,,,,,
9.136086009675637e-05,0.0032725674100220203,2025-11-22 06:24:42.477942,,,,,,,,,
9.35744828893803e-05,0.002836605068296194,2025-11-22 06:24:42.713839,,,,,,,,,
9.099017188418657e-05,0.0033123374450951815,2025-11-22 06:24:42.982097,,,,,,,,,
9.105519711738452e-05,0.0031928587704896927,2025-11-22 06:24:43.206017,,,,,,,,,
9.563498315401375e-05,0.002961693564429879,2025-11-22 06:24:43.454782,,,,,,,,,
9.242403029929847e-05,0.003380032954737544,2025-11-22 06:24:43.700848,,,,,,,,,
9.474549733567983e-05,0.003102807328104973,2025-11-22 06:24:43.956609,,,,,,,,,
9.723319817567244e-05,0.0033791642636060715,2025-11-22 06:24:44.193096,,,,,,,,,
9.609036351321265e-05,0.002947338856756687,2025-11-22 06:24:44.452757,,,,,,,,,
9.501868771621957e-05,0.003479831852018833,2025-11-22 06:24:44.683375,,,,,,,,,
9.690548904472962e-05,0.002523341914638877,2025-11-22 06:24:44.932114,,,,,,,,,
9.383979340782389e-05,0.0029620209243148565,2025-11-22 06:24:45.183017,,,,,,,,,
8.74279867275618e-05,0.0031116448808461428,2025-11-22 06:24:45.428175,,,,,,,,,
8.610486838733777e-05,0.002911302028223872,2025-11-22 06:24:45.673683,,,,,,,,,
8.503525168634951e-05,0.003143379697576165,2025-11-22 06:24:45.918848,,,,,,,,,
8.486343722324818e-05,0.00305379182100296,2025-11-22 06:24:46.167394,,,,,,,,,
8.190525113604963e-05,0.002875917823985219,2025-11-22 06:24:46.413411,,,,,,,,,
8.166268526110798e-05,0.003437602426856756,2025-11-22 06:24:46.655451,,,,,,,,,
8.665471250424162e-05,0.0032850969582796097,2025-11-22 06:24:46.914764,,,,,,,,,
9.086487989407033e-05,0.003591222455725074,2025-11-22 06:24:47.159882,,,,,,,,,
9.557855810271576e-05,0.0034343486186116934,2025-11-22 06:24:47.395107,,,,,,,,,
0.00010016156738856807,0.0029351923149079084,2025-11-22 06:24:47.639932,,,,,,,,,
0.00010062179353553802,0.0028659601230174303,2025-11-22 06:24:47.888159,,,,,,,,,
9.678190690465271e-05,0.003120517125353217,2025-11-22 06:24:48.140250,,,,,,,,,
9.555587894283235e-05,0.002784641459584236,2025-11-22 06:24:48.401237,,,,,,,,,
9.443900489713997e-05,0.0032865037210285664,2025-11-22 06:24:48.644924,,,,,,,,,
9.433485683985054e-05,0.003274381859228015,2025-11-22 06:24:48.880685,,,,,,,,,
9.058184514287859e-05,0.0033776990603655577,2025-11-22 06:24:49.127812,,,,,,,,,
8.81370433489792e-05,0.0028115177992731333,2025-11-22 06:24:49.372592,,,,,,,,,
8.765431266510859e-05,0.0028795809485018253,2025-11-22 06:24:49.618875,,,,,,,,,
8.376333425985649e-05,0.0027010284829884768,2025-11-22 06:24:49.865293,,,,,,,,,
8.087223250186071e-05,0.0032935645431280136,2025-11-22 06:24:50.129149,,,,,,,,,
8.31723737064749e-05,0.0030243732035160065,2025-11-22 06:24:50.379858,,,,,,,,,
8.34036327432841e-05,0.0027922894805669785,2025-11-22 06:24:50.612196,,,,,,,,,
8.37864718050696e-05,0.0031252913177013397,2025-11-22 06:24:50.872945,,,,,,,,,
8.957883255789056e-05,0.0029884022660553455,2025-11-22 06:24:51.107898,,,,,,,,,
9.274614421883598e-05,0.0030490956269204617,2025-11-22 06:24:51.355455,,,,,,,,,
9.063208563020453e-05,0.003349561942741275,2025-11-22 06:24:51.593532,,,,,,,,,
9.230279101757333e-05,0.0027362804394215345,2025-11-22 06:24:51.847183,,,,,,,,,
9.516801947029307e-05,0.0030232772696763277,2025-11-22 06:24:52.090305,,,,,,,,,
9.462263551540673e-05,0.0030624428763985634,2025-11-22 06:24:52.333829,,,,,,,,,
9.52791451709345e-05,0.0032131711486727,2025-11-22 06:24:52.580980,,,,,,,,,
9.503066394245252e-05,0.002895024372264743,2025-11-22 06:24:52.839582,,,,,,,,,
9.167266398435459e-05,0.0027814495842903852,2025-11-22 06:24:53.078407,,,,,,,,,
8.851555321598426e-05,0.00340255000628531,2025-11-22 06:24:53.325888,,,,,,,,,
8.926400914788246e-05,0.003089982084929943,2025-11-22 06:24:53.571576,,,,,,,,,
8.642610191600397e-05,0.00281515927053988,2025-11-22 06:24:53.816199,,,,,,,,,
8.31542129162699e-05,0.0030379167292267084,2025-11-22 06:24:54.060086,,,,,,,,,
8.17721156636253e-05,0.0034708285238593817,2025-11-22 06:24:54.310738,,,,,,,,,
8.38272026157938e-05,0.003012492088600993,2025-11-22 06:24:54.554556,,,,,,,,,
8.396957127843052e-05,0.003175489604473114,2025-11-22 06:24:54.804970,,,,,,,,,
8.60101863509044e-05,0.0028874464333057404,2025-11-22 06:24:55.046910,,,,,,,,,
8.672825788380578e-05,0.0028311931528151035,2025-11-22 06:24:55.294708,,,,,,,,,
8.563951996620744e-05,0.0033310754224658012,2025-11-22 06:24:55.537402,,,,,,,,,
8.760351920500398e-05,0.0033648295793682337,2025-11-22 06:24:55.784921,,,,,,,,,
9.213367593474686e-05,0.002781560644507408,2025-11-22 06:24:56.033761,,,,,,,,,
9.149834659183398e-05,0.0027902217116206884,2025-11-22 06:24:56.292279,,,,,,,,,
9.038259304361418e-05,0.002913436619564891,2025-11-22 06:24:56.525734,,,,,,,,,
9.026518819155172e-05,0.002622816478833556,2025-11-22 06:24:56.766901,,,,,,,,,
8.978334517451003e-05,0.0033600747119635344,2025-11-22 06:24:57.022804,,,,,,,,,
8.977826655609533e-05,0.002907609334215522,2025-11-22 06:24:57.259389,,,,,,,,,
8.904754213290289e-05,0.0031734337098896503,2025-11-22 06:24:57.507932,,,,,,,,,
8.817220077617094e-05,0.0033963839523494244,2025-11-22 06:24:57.755922,,,,,,,,,
8.67712078616023e-05,0.002611355623230338,2025-11-22 06:24:58.000590,,,,,,,,,
8.553288353141397e-05,0.0029746408108621836,2025-11-22 06:24:58.247695,,,,,,,,,
8.576919935876504e-05,0.00319146947003901,2025-11-22 06:24:58.489868,,,,,,,,,
8.668506779940799e-05,0.002918347716331482,2025-11-22 06:24:58.741303,,,,,,,,,
8.449516462860629e-05,0.0032228431664407253,2025-11-22 06:24:58.998953,,,,,,,,,
8.785393583821133e-05,0.003061439376324415,2025-11-22 06:24:59.235322,,,,,,,,,
9.125220822170377e-05,0.0028703149873763323,2025-11-22 06:24:59.481315,,,,,,,,,
9.152084385277703e-05,0.0029116994701325893,2025-11-22 06:24:59.730989,,,,,,,,,
9.074492118088529e-05,0.003079703077673912,2025-11-22 06:24:59.975081,,,,,,,,,
9.176898311125115e-05,0.0030208390671759844,2025-11-22 06:25:00.245926,,,,,,,,,
9.166938252747059e-05,0.0028173690661787987,2025-11-22 06:25:00.484954,,,,,,,,,
9.121562470681965e-05,0.003335383487865329,2025-11-22 06:25:00.724428,,,,,,,,,
9.252641757484525e-05,0.003082206239923835,2025-11-22 06:25:00.966673,,,,,,,,,
9.10119415493682e-05,0.0029222252778708935,2025-11-22 06:25:01.224685,,,,,,,,,
8.85531262611039e-05,0.0029843708034604788,2025-11-22 06:25:01.461807,,,,,,,,,
8.813317981548607e-05,0.0036156727001070976,2025-11-22 06:25:01.707356,,,,,,,,,
9.081630560103804e-05,0.003481154562905431,2025-11-22 06:25:01.959505,,,,,,,,,
8.95128323463723e-05,0.0032867826521396637,2025-11-22 06:25:02.199878,,,,,,,,,
9.170399425784126e-05,0.00266070943325758,2025-11-22 06:25:02.463951,,,,,,,,,
9.320591198047623e-05,0.0026290921960026026,2025-11-22 06:25:02.699497,,,,,,,,,
8.87959758983925e-05,0.0029761241748929024,2025-11-22 06:25:02.948587,,,,,,,,,
8.557263936381787e-05,0.003140827873721719,2025-11-22 06:25:03.198663,,,,,,,,,
8.703605271875858e-05,0.003390197642147541,2025-11-22 06:25:03.446350,,,,,,,,,
9.044598846230656e-05,0.0031528393737971783,2025-11-22 06:25:03.688039,,,,,,,,,
9.227007103618234e-05,0.0034771831706166267,2025-11-22 06:25:03.937742,,,,,,,,,
9.309764573117718e-05,0.0032985464204102755,2025-11-22 06:25:04.190251,,,,,,,,,
9.892056550597772e-05,0.0027558917645365,2025-11-22 06:25:04.435498,,,,,,,,,
9.929601947078481e-05,0.0031039074528962374,2025-11-22 06:25:04.676738,,,,,,,,,
9.552213305141777e-05,0.003308703890070319,2025-11-22 06:25:04.928923,,,,,,,,,
9.591811976861209e-05,0.0031613600440323353,2025-11-22 06:25:05.174334,,,,,,,,,
0.0001003683137241751,0.0030530754011124372,2025-11-22 06:25:05.426491,,,,,,,,,
9.93162248050794e-05,0.0028503788635134697,2025-11-22 06:25:05.675435,,,,,,,,,
9.203211084241048e-05,0.003514294046908617,2025-11-22 06:25:05.923219,,,,,,,,,
8.996237738756463e-05,0.0027785515412688255,2025-11-22 06:25:06.173922,,,,,,,,,
8.997488475870341e-05,0.003054571570828557,2025-11-22 06:25:06.417188,,,,,,,,,
8.749681001063436e-05,0.0031760320998728275,2025-11-22 06:25:06.675265,,,,,,,,,
8.720812911633402e-05,0.0031159548088908195,2025-11-22 06:25:06.914837,,,,,,,,,
8.893957419786602e-05,0.00284390221349895,2025-11-22 06:25:07.160227,,,,,,,,,
8.496687951264903e-05,0.002862707944586873,2025-11-22 06:25:07.409568,,,,,,,,,
8.225168130593374e-05,0.003052916843444109,2025-11-22 06:25:07.673831,,,,,,,,,
8.676562720211223e-05,0.002876736456528306,2025-11-22 06:25:07.911481,,,,,,,,,
9.528280497761443e-05,0.002742769429460168,2025-11-22 06:25:08.165011,,,,,,,,,
9.283739927923307e-05,0.002946319291368127,2025-11-22 06:25:08.408291,,,,,,,,,
9.015079558594152e-05,0.0032756582368165255,2025-11-22 06:25:08.653380,,,,,,,,,
9.512614633422345e-05,0.003250366309657693,2025-11-22 06:25:08.899139,,,,,,,,,
9.428805788047612e-05,0.00302769779227674,2025-11-22 06:25:09.148613,,,,,,,,,
8.752286521485075e-05,0.003199733095243573,2025-11-22 06:25:09.396227,,,,,,,,,
8.860963862389326e-05,0.0031821150332689285,2025-11-22 06:25:09.639795,,,,,,,,,
9.386864985572174e-05,0.0031865444034337997,2025-11-22 06:25:09.887796,,,,,,,,,
9.132813283940777e-05,0.0031783359590917826,2025-11-22 06:25:10.141478,,,,,,,,,
8.596455882070586e-05,0.002851164899766445,2025-11-22 06:25:10.388110,,,,,,,,,
8.60957516124472e-05,0.0027914384845644236,2025-11-22 06:25:10.633051,,,,,,,,,
9.064155165106058e-05,0.0033415358047932386,2025-11-22 06:25:10.884556,,,,,,,,,
9.271904855268076e-05,0.002985264640301466,2025-11-22 06:25:11.138323,,,,,,,,,
9.091053652809933e-05,0.0029240420553833246,2025-11-22 06:25:11.376935,,,,,,,,,
9.167915413854644e-05,0.0032924192491918802,2025-11-22 06:25:11.632091,,,,,,,,,
9.44231214816682e-05,0.003031705506145954,2025-11-22 06:25:11.866091,,,,,,,,,
9.189976844936609e-05,0.003065859666094184,2025-11-22 06:25:12.118433,,,,,,,,,
8.944309229264036e-05,0.0035674767568707466,2025-11-22 06:25:12.364331,,,,,,,,,
9.330191824119538e-05,0.0033782129175961018,2025-11-22 06:25:12.611640,,,,,,,,,
9.845644672168419e-05,0.003201082581654191,2025-11-22 06:25:12.860611,,,,,,,,,
,,2025-11-22 06:25:12.936876,9.053171318858706e-05,0.003091218040531708,0.00075,,,,,,
,,2025-11-22 06:25:21.705293,,,,26.34249496459961,8.002449989318848,,,,
,,2025-11-22 06:25:21.706738,,,,,,9.360793774249032e-05,0.002836106407742661,26.34249496459961,8.002449989318848
9.360793774249032e-05,0.0033344547264277935,2025-11-22 06:25:26.721490,,,,,,,,,
9.142060298472643e-05,0.0029183875303715467,2025-11-22 06:25:26.966757,,,,,,,,,
9.457909618504345e-05,0.0027038182597607374,2025-11-22 06:25:27.218409,,,,,,,,,
9.621834760764614e-05,0.0032504687551409006,2025-11-22 06:25:27.478678,,,,,,,,,
9.094749111682177e-05,0.0031074697617441416,2025-11-22 06:25:27.710431,,,,,,,,,
8.880275709088892e-05,0.0030829368624836206,2025-11-22 06:25:27.954774,,,,,,,,,
9.036414121510461e-05,0.0025533954612910748,2025-11-22 06:25:28.201319,,,,,,,,,
8.807646372588351e-05,0.002986756619066,2025-11-22 06:25:28.453495,,,,,,,,,
8.789692947175354e-05,0.003270126413553953,2025-11-22 06:25:28.691715,,,,,,,,,
8.819570939522237e-05,0.0029877866618335247,2025-11-22 06:25:28.947639,,,,,,,,,
9.092930849874392e-05,0.0031335479579865932,2025-11-22 06:25:29.192668,,,,,,,,,
9.379432594869286e-05,0.003199382685124874,2025-11-22 06:25:29.436100,,,,,,,,,
9.503848559688777e-05,0.003236458171159029,2025-11-22 06:25:29.677206,,,,,,,,,
9.380713163409382e-05,0.002931874245405197,2025-11-22 06:25:29.924010,,,,,,,,,
9.311551548307762e-05,0.0027296028565615416,2025-11-22 06:25:30.173015,,,,,,,,,
8.84784894878976e-05,0.002981409430503845,2025-11-22 06:25:30.417742,,,,,,,,,
8.782056829659268e-05,0.002996202791109681,2025-11-22 06:25:30.676350,,,,,,,,,
8.934633660828695e-05,0.0030120015144348145,2025-11-22 06:25:30.916011,,,,,,,,,
8.964865264715627e-05,0.0034189496655017138,2025-11-22 06:25:31.156652,,,,,,,,,
8.921968401409686e-05,0.0030464143492281437,2025-11-22 06:25:31.403373,,,,,,,,,
8.923972927732393e-05,0.0029368193354457617,2025-11-22 06:25:31.651967,,,,,,,,,
9.110703103942797e-05,0.0026184390299022198,2025-11-22 06:25:31.892973,,,,,,,,,
9.010303620016202e-05,0.002855810569599271,2025-11-22 06:25:32.143088,,,,,,,,,
9.023195889312774e-05,0.0025003065820783377,2025-11-22 06:25:32.383812,,,,,,,,,
8.899329259293154e-05,0.0034235704224556684,2025-11-22 06:25:32.637849,,,,,,,,,
8.807384438114241e-05,0.0037227370776236057,2025-11-22 06:25:32.887317,,,,,,,,,
8.79614453879185e-05,0.0029809412080794573,2025-11-22 06:25:33.131721,,,,,,,,,
8.719202014617622e-05,0.0031286694575101137,2025-11-22 06:25:33.374120,,,,,,,,,
8.664083725307137e-05,0.0029826564714312553,2025-11-22 06:25:33.616337,,,,,,,,,
8.8020897237584e-05,0.003226249013096094,2025-11-22 06:25:33.881142,,,,,,,,,
9.123687777901068e-05,0.0028531888965517282,2025-11-22 06:25:34.112662,,,,,,,,,
9.327036241302267e-05,0.0028414088301360607,2025-11-22 06:25:34.353561,,,,,,,,,
9.442387090530246e-05,0.0032885009422898293,2025-11-22 06:25:34.611812,,,,,,,,,
9.600172779755667e-05,0.003068505087867379,2025-11-22 06:25:34.854972,,,,,,,,,
9.635155583964661e-05,0.002942898543551564,2025-11-22 06:25:35.104754,,,,,,,,,
9.358002716908231e-05,0.002656711498275399,2025-11-22 06:25:35.366946,,,,,,,,,
9.194064477924258e-05,0.0031651947647333145,2025-11-22 06:25:35.589155,,,,,,,,,
9.124459757003933e-05,0.0029408785048872232,2025-11-22 06:25:35.853477,,,,,,,,,
8.568847260903567e-05,0.003408250631764531,2025-11-22 06:25:36.083440,,,,,,,,,
8.393024472752586e-05,0.002819902030751109,2025-11-22 06:25:36.336220,,,,,,,,,
8.446246647508815e-05,0.0028515316080302,2025-11-22 06:25:36.581520,,,,,,,,,
8.78211940289475e-05,0.002909186063334346,2025-11-22 06:25:36.818803,,,,,,,,,
8.523241558577865e-05,0.003388522192835808,2025-11-22 06:25:37.071080,,,,,,,,,
8.855095074977726e-05,0.0032006818801164627,2025-11-22 06:25:37.321326,,,,,,,,,
9.108581434702501e-05,0.0025056679733097553,2025-11-22 06:25:37.562792,,,,,,,,,
8.79330254974775e-05,0.003127793315798044,2025-11-22 06:25:37.806575,,,,,,,,,
8.875562343746424e-05,0.0026285487692803144,2025-11-22 06:25:38.052406,,,,,,,,,
8.805554534774274e-05,0.0027209403924643993,2025-11-22 06:25:38.299422,,,,,,,,,
8.629314834252e-05,0.0033222269266843796,2025-11-22 06:25:38.549393,,,,,,,,,
8.466632425552234e-05,0.0032477062195539474,2025-11-22 06:25:38.790757,,,,,,,,,
8.736763265915215e-05,0.0033379346132278442,2025-11-22 06:25:39.064092,,,,,,,,,
9.115560533246025e-05,0.002952531212940812,2025-11-22 06:25:39.289195,,,,,,,,,
9.089212107937783e-05,0.002844188828021288,2025-11-22 06:25:39.538803,,,,,,,,,
9.3634553195443e-05,0.003070351667702198,2025-11-22 06:25:39.802377,,,,,,,,,
9.335124195786193e-05,0.0033432822674512863,2025-11-22 06:25:40.066432,,,,,,,,,
9.49284149101004e-05,0.002947083441540599,2025-11-22 06:25:40.314136,,,,,,,,,
9.471084922552109e-05,0.003280297387391329,2025-11-22 06:25:40.570771,,,,,,,,,
9.12188261281699e-05,0.0028193581383675337,2025-11-22 06:25:40.806263,,,,,,,,,
9.040721488418058e-05,0.002813271014019847,2025-11-22 06:25:41.054519,,,,,,,,,
9.226961992681026e-05,0.0027441312558948994,2025-11-22 06:25:41.308144,,,,,,,,,
8.768503175815567e-05,0.002828445052728057,2025-11-22 06:25:41.563069,,,,,,,,,
8.676886500325054e-05,0.0028454014100134373,2025-11-22 06:25:41.805916,,,,,,,,,
8.868394797900692e-05,0.0033116915728896856,2025-11-22 06:25:42.051261,,,,,,,,,
8.564353629481047e-05,0.002945889951661229,2025-11-22 06:25:42.297295,,,,,,,,,
8.513206557836384e-05,0.0029934884514659643,2025-11-22 06:25:42.544252,,,,,,,,,
8.569833153160289e-05,0.0029160587582737207,2025-11-22 06:25:42.803800,,,,,,,,,
8.823160169413313e-05,0.002932400442659855,2025-11-22 06:25:43.052126,,,,,,,,,
8.776786853559315e-05,0.002911459421738982,2025-11-22 06:25:43.293947,,,,,,,,,
8.791874279268086e-05,0.003476466052234173,2025-11-22 06:25:43.539946,,,,,,,,,
9.325116843683645e-05,0.002978154458105564,2025-11-22 06:25:43.787627,,,,,,,,,
9.749022865435109e-05,0.003086404176428914,2025-11-22 06:25:44.043929,,,,,,,,,
9.846944158198312e-05,0.0029516115318983793,2025-11-22 06:25:44.288651,,,,,,,,,
0.00010024968651123345,0.0027466132305562496,2025-11-22 06:25:44.527139,,,,,,,,,
9.972188126994297e-05,0.0029696086421608925,2025-11-22 06:25:44.771763,,,,,,,,,
9.4605129561387e-05,0.0025415844283998013,2025-11-22 06:25:45.026594,,,,,,,,,
8.726673695491627e-05,0.003360444214195013,2025-11-22 06:25:45.280528,,,,,,,,,
8.589129720348865e-05,0.003148290328681469,2025-11-22 06:25:45.517399,,,,,,,,,
8.743667422095314e-05,0.0028333980590105057,2025-11-22 06:25:45.773273,,,,,,,,,
8.332620200235397e-05,0.002873784163966775,2025-11-22 06:25:46.009199,,,,,,,,,
8.048680319916457e-05,0.00315624987706542,2025-11-22 06:25:46.253902,,,,,,,,,
8.382523810723796e-05,0.0031154858879745007,2025-11-22 06:25:46.500934,,,,,,,,,
8.838465146254748e-05,0.0031713240314275026,2025-11-22 06:25:46.752798,,,,,,,,,
9.224186214851215e-05,0.003415825078263879,2025-11-22 06:25:47.022701,,,,,,,,,
9.425050666322932e-05,0.0027747771237045527,2025-11-22 06:25:47.248268,,,,,,,,,
9.251035953639075e-05,0.002947933040559292,2025-11-22 06:25:47.495985,,,,,,,,,
9.155896987067536e-05,0.0027969558723270893,2025-11-22 06:25:47.739372,,,,,,,,,
9.165214578388259e-05,0.0028314448427408934,2025-11-22 06:25:48.000244,,,,,,,,,
9.496743587078527e-05,0.0029816506430506706,2025-11-22 06:25:48.243574,,,,,,,,,
9.847114415606484e-05,0.003493029158562422,2025-11-22 06:25:48.493466,,,,,,,,,
9.506655624136329e-05,0.0029352677520364523,2025-11-22 06:25:48.738924,,,,,,,,,
9.011900692712516e-05,0.003275486407801509,2025-11-22 06:25:48.988286,,,,,,,,,
8.935475489124656e-05,0.0026584549341350794,2025-11-22 06:25:49.267487,,,,,,,,,
8.72260716278106e-05,0.002691003493964672,2025-11-22 06:25:49.521192,,,,,,,,,
8.251441613538191e-05,0.003114806255325675,2025-11-22 06:25:49.748631,,,,,,,,,
8.158119453582913e-05,0.002788110636174679,2025-11-22 06:25:49.994958,,,,,,,,,
8.172944217221811e-05,0.0029822636861354113,2025-11-22 06:25:50.263697,,,,,,,,,
8.258310845121741e-05,0.0030829361639916897,2025-11-22 06:25:50.490818,,,,,,,,,
8.583515591453761e-05,0.0032128840684890747,2025-11-22 06:25:50.740195,,,,,,,,,
9.041222074301913e-05,0.0029452182352542877,2025-11-22 06:25:50.986166,,,,,,,,,
9.249577851733193e-05,0.0034949234686791897,2025-11-22 06:25:51.232888,,,,,,,,,
9.506905917078257e-05,0.0035670630168169737,2025-11-22 06:25:51.478065,,,,,,,,,
9.559022873872891e-05,0.0029187288600951433,2025-11-22 06:25:51.732575,,,,,,,,,
9.864773164736107e-05,0.002565072849392891,2025-11-22 06:25:51.970102,,,,,,,,,
9.749188757268712e-05,0.0031850477680563927,2025-11-22 06:25:52.224286,,,,,,,,,
0.00010018768080044538,0.0026921529788523912,2025-11-22 06:25:52.463383,,,,,,,,,
9.512220276519656e-05,0.0025783043820410967,2025-11-22 06:25:52.716169,,,,,,,,,
8.934571815188974e-05,0.003127686446532607,2025-11-22 06:25:52.959087,,,,,,,,,
8.694278221810237e-05,0.0035496519412845373,2025-11-22 06:25:53.218499,,,,,,,,,
8.93240503501147e-05,0.003239321755245328,2025-11-22 06:25:53.453564,,,,,,,,,
8.528897888027132e-05,0.0034516577143222094,2025-11-22 06:25:53.697619,,,,,,,,,
8.818147034617141e-05,0.0031971533317118883,2025-11-22 06:25:53.949296,,,,,,,,,
9.481600864091888e-05,0.003095031948760152,2025-11-22 06:25:54.188318,,,,,,,,,
9.488171053817496e-05,0.0028845344204455614,2025-11-22 06:25:54.441404,,,,,,,,,
9.114086424233392e-05,0.0031062369234859943,2025-11-22 06:25:54.687625,,,,,,,,,
9.110558312386274e-05,0.002975751180201769,2025-11-22 06:25:54.947088,,,,,,,,,
9.396673704031855e-05,0.0032506873831152916,2025-11-22 06:25:55.191226,,,,,,,,,
9.385130397276953e-05,0.002761902054771781,2025-11-22 06:25:55.446844,,,,,,,,,
9.203512308886275e-05,0.002791087841615081,2025-11-22 06:25:55.684649,,,,,,,,,
9.318416414316744e-05,0.003176035126671195,2025-11-22 06:25:55.926516,,,,,,,,,
9.44887797231786e-05,0.0023817645851522684,2025-11-22 06:25:56.181578,,,,,,,,,
8.87746355147101e-05,0.00280957599170506,2025-11-22 06:25:56.430288,,,,,,,,,
8.500976400682703e-05,0.0032563554123044014,2025-11-22 06:25:56.691958,,,,,,,,,
8.64372486830689e-05,0.003643490606918931,2025-11-22 06:25:56.939399,,,,,,,,,
8.750948472879827e-05,0.0032451171427965164,2025-11-22 06:25:57.191831,,,,,,,,,
8.841935050440952e-05,0.003035780740901828,2025-11-22 06:25:57.436133,,,,,,,,,
9.01614548638463e-05,0.0028234203346073627,2025-11-22 06:25:57.681530,,,,,,,,,
9.119978494709358e-05,0.0027260989882051945,2025-11-22 06:25:57.930396,,,,,,,,,
9.452371159568429e-05,0.0029206157196313143,2025-11-22 06:25:58.187735,,,,,,,,,
9.42955375649035e-05,0.002400063443928957,2025-11-22 06:25:58.432977,,,,,,,,,
8.932381751947105e-05,0.002915028017014265,2025-11-22 06:25:58.678058,,,,,,,,,
8.68022398208268e-05,0.0026913112960755825,2025-11-22 06:25:58.921607,,,,,,,,,
8.427603461313993e-05,0.0030433873180299997,2025-11-22 06:25:59.167648,,,,,,,,,
8.509460894856602e-05,0.0026939697563648224,2025-11-22 06:25:59.417500,,,,,,,,,
8.73283133842051e-05,0.0026367753744125366,2025-11-22 06:25:59.667770,,,,,,,,,
8.51573349791579e-05,0.0035353119019418955,2025-11-22 06:25:59.912381,,,,,,,,,
8.572787191951647e-05,0.003137262538075447,2025-11-22 06:26:00.155472,,,,,,,,,
9.080686868401244e-05,0.002803633688017726,2025-11-22 06:26:00.399799,,,,,,,,,
9.214481542585418e-05,0.002663329942151904,2025-11-22 06:26:00.653570,,,,,,,,,
8.97915888344869e-05,0.0031250573229044676,2025-11-22 06:26:00.901477,,,,,,,,,
9.066412894753739e-05,0.0028430940583348274,2025-11-22 06:26:01.150790,,,,,,,,,
9.174334263661876e-05,0.0036664383951574564,2025-11-22 06:26:01.406330,,,,,,,,,
9.030376531882212e-05,0.002337404992431402,2025-11-22 06:26:01.650466,,,,,,,,,
8.919112588046119e-05,0.0028595642652362585,2025-11-22 06:26:01.894187,,,,,,,,,
9.18113873922266e-05,0.003021030453965068,2025-11-22 06:26:02.166518,,,,,,,,,
,,2025-11-22 06:26:02.268566,9.024304568406983e-05,0.0030079412083270857,0.00075,,,,,,
,,2025-11-22 06:26:11.233678,,,,26.27976417541504,8.09043025970459,,,,
,,2025-11-22 06:26:11.239960,,,,,,9.496982238488272e-05,0.002778959970992918,26.27976417541504,8.09043025970459
9.496982238488272e-05,0.003105064621195197,2025-11-22 06:26:15.817234,,,,,,,,,
9.097535803448409e-05,0.0025529616978019476,2025-11-22 06:26:16.061823,,,,,,,,,
8.898389205569401e-05,0.002666194923222065,2025-11-22 06:26:16.306579,,,,,,,,,
8.888550655683503e-05,0.003192720003426075,2025-11-22 06:26:16.550868,,,,,,,,,
9.187373507302254e-05,0.003087372286245227,2025-11-22 06:26:16.796002,,,,,,,,,
8.945049194153398e-05,0.003060972085222602,2025-11-22 06:26:17.040833,,,,,,,,,
8.841526141623035e-05,0.0027618699241429567,2025-11-22 06:26:17.286554,,,,,,,,,
8.630394586361945e-05,0.0030395325738936663,2025-11-22 06:26:17.531343,,,,,,,,,
8.481609256705269e-05,0.002753609325736761,2025-11-22 06:26:17.774145,,,,,,,,,
8.12584039522335e-05,0.003173229983076453,2025-11-22 06:26:18.020283,,,,,,,,,
8.164064638549462e-05,0.003064757911488414,2025-11-22 06:26:18.275528,,,,,,,,,
8.451772737316787e-05,0.0028668041341006756,2025-11-22 06:26:18.518360,,,,,,,,,
8.310232806252316e-05,0.0031020764727145433,2025-11-22 06:26:18.762297,,,,,,,,,
8.63221357576549e-05,0.002682624151930213,2025-11-22 06:26:19.007199,,,,,,,,,
8.84424734977074e-05,0.0030032326467335224,2025-11-22 06:26:19.255681,,,,,,,,,
8.941448322730139e-05,0.003142931964248419,2025-11-22 06:26:19.502603,,,,,,,,,
9.231251169694588e-05,0.0028613158501684666,2025-11-22 06:26:19.742616,,,,,,,,,
9.339035023003817e-05,0.0031986157409846783,2025-11-22 06:26:19.989338,,,,,,,,,
9.386816236656159e-05,0.003140917280688882,2025-11-22 06:26:20.235223,,,,,,,,,
9.377649985253811e-05,0.003019890282303095,2025-11-22 06:26:20.481233,,,,,,,,,
8.969064219854772e-05,0.002649514004588127,2025-11-22 06:26:20.733453,,,,,,,,,
8.712756243767217e-05,0.003583065466955304,2025-11-22 06:26:20.979568,,,,,,,,,
9.013274393510073e-05,0.0031816703267395496,2025-11-22 06:26:21.221026,,,,,,,,,
9.13452822715044e-05,0.003303602570667863,2025-11-22 06:26:21.468330,,,,,,,,,
8.935511141316965e-05,0.0031542356591671705,2025-11-22 06:26:21.707889,,,,,,,,,
9.257390047423542e-05,0.0026762455236166716,2025-11-22 06:26:21.955189,,,,,,,,,
9.379082621308044e-05,0.0024140626192092896,2025-11-22 06:26:22.199428,,,,,,,,,
9.016065450850874e-05,0.0031037884764373302,2025-11-22 06:26:22.446770,,,,,,,,,
8.94095646799542e-05,0.0029185512103140354,2025-11-22 06:26:22.697753,,,,,,,,,
9.107851656153798e-05,0.002719469601288438,2025-11-22 06:26:22.939701,,,,,,,,,
9.18783771339804e-05,0.0031687747687101364,2025-11-22 06:26:23.186888,,,,,,,,,
9.363792923977599e-05,0.003156941384077072,2025-11-22 06:26:23.430407,,,,,,,,,
9.480473818257451e-05,0.003211651463061571,2025-11-22 06:26:23.679856,,,,,,,,,
9.530613897368312e-05,0.002766687422990799,2025-11-22 06:26:23.939075,,,,,,,,,
9.219280036631972e-05,0.002340930514037609,2025-11-22 06:26:24.187165,,,,,,,,,
8.628481737105176e-05,0.003331496613100171,2025-11-22 06:26:24.425062,,,,,,,,,
8.793039887677878e-05,0.0028359650168567896,2025-11-22 06:26:24.680913,,,,,,,,,
8.6756277596578e-05,0.0035792533308267593,2025-11-22 06:26:24.920080,,,,,,,,,
8.479948883177713e-05,0.003422446083277464,2025-11-22 06:26:25.168979,,,,,,,,,
8.737867028685287e-05,0.0026238528080284595,2025-11-22 06:26:25.411177,,,,,,,,,
9.023309394251555e-05,0.0030232553835958242,2025-11-22 06:26:25.658141,,,,,,,,,
9.194402809953317e-05,0.0030059097334742546,2025-11-22 06:26:25.900860,,,,,,,,,
9.312382462667301e-05,0.0027711314614862204,2025-11-22 06:26:26.144496,,,,,,,,,
9.149085235549137e-05,0.0031484474893659353,2025-11-22 06:26:26.410341,,,,,,,,,
8.937887469073758e-05,0.003162338864058256,2025-11-22 06:26:26.652848,,,,,,,,,
8.87040514498949e-05,0.002883921843022108,2025-11-22 06:26:26.897867,,,,,,,,,
8.848248398862779e-05,0.003175453981384635,2025-11-22 06:26:27.140285,,,,,,,,,
9.103793126996607e-05,0.0028958991169929504,2025-11-22 06:26:27.383700,,,,,,,,,
9.167625103145838e-05,0.002819181652739644,2025-11-22 06:26:27.629755,,,,,,,,,
8.951078780228272e-05,0.0026216148398816586,2025-11-22 06:26:27.874439,,,,,,,,,
8.955533121479675e-05,0.003231930546462536,2025-11-22 06:26:28.119694,,,,,,,,,
9.247323760064319e-05,0.0030024503357708454,2025-11-22 06:26:28.369047,,,,,,,,,
9.298083750763908e-05,0.0031705901492387056,2025-11-22 06:26:28.612104,,,,,,,,,
9.601926285540685e-05,0.0030809054151177406,2025-11-22 06:26:28.854754,,,,,,,,,
9.778611274668947e-05,0.0032234261743724346,2025-11-22 06:26:29.107727,,,,,,,,,
9.838198457146063e-05,0.002501803683117032,2025-11-22 06:26:29.351443,,,,,,,,,
9.564440551912412e-05,0.002989704255014658,2025-11-22 06:26:29.607962,,,,,,,,,
9.352123743155971e-05,0.0027586733922362328,2025-11-22 06:26:29.845594,,,,,,,,,
9.214843885274604e-05,0.002903935732319951,2025-11-22 06:26:30.088744,,,,,,,,,
9.009010682348162e-05,0.0030697593465447426,2025-11-22 06:26:30.339473,,,,,,,,,
9.13903713808395e-05,0.003064238466322422,2025-11-22 06:26:30.584390,,,,,,,,,
8.845547563396394e-05,0.0030510500073432922,2025-11-22 06:26:30.833207,,,,,,,,,
8.910853648558259e-05,0.0028398458380252123,2025-11-22 06:26:31.079325,,,,,,,,,
9.022129233926535e-05,0.002799267414957285,2025-11-22 06:26:31.322684,,,,,,,,,
9.025515464600176e-05,0.0033493032678961754,2025-11-22 06:26:31.568663,,,,,,,,,
9.047560160979629e-05,0.003367961850017309,2025-11-22 06:26:31.813143,,,,,,,,,
8.882895781425759e-05,0.0027166465297341347,2025-11-22 06:26:32.060083,,,,,,,,,
8.668575173942372e-05,0.0027843669522553682,2025-11-22 06:26:32.313951,,,,,,,,,
8.91189556568861e-05,0.0027702252846211195,2025-11-22 06:26:32.560193,,,,,,,,,
9.184979717247188e-05,0.002624819753691554,2025-11-22 06:26:32.815140,,,,,,,,,
8.656261343276128e-05,0.0027745147235691547,2025-11-22 06:26:33.056544,,,,,,,,,
8.426213025813922e-05,0.0028042576741427183,2025-11-22 06:26:33.304925,,,,,,,,,
8.672034891787916e-05,0.0032453681342303753,2025-11-22 06:26:33.552878,,,,,,,,,
9.0245324827265e-05,0.0032559565734118223,2025-11-22 06:26:33.793890,,,,,,,,,
9.446411422686651e-05,0.0027353777550160885,2025-11-22 06:26:34.044768,,,,,,,,,
9.511938696959987e-05,0.002900203689932823,2025-11-22 06:26:34.300872,,,,,,,,,
9.574352588970214e-05,0.0025621457025408745,2025-11-22 06:26:34.567057,,,,,,,,,
8.879731467459351e-05,0.0027280214708298445,2025-11-22 06:26:34.789351,,,,,,,,,
8.725778752705082e-05,0.0035653470549732447,2025-11-22 06:26:35.040900,,,,,,,,,
9.664228855399415e-05,0.003201161278411746,2025-11-22 06:26:35.302032,,,,,,,,,
9.050273365573958e-05,0.002649310976266861,2025-11-22 06:26:35.538022,,,,,,,,,
8.798015915090218e-05,0.002885836409404874,2025-11-22 06:26:35.814776,,,,,,,,,
9.439584391657263e-05,0.002781396033242345,2025-11-22 06:26:36.043316,,,,,,,,,
9.494253754382953e-05,0.002789109479635954,2025-11-22 06:26:36.299743,,,,,,,,,
8.450505265500396e-05,0.0036708866246044636,2025-11-22 06:26:36.532685,,,,,,,,,
8.301680645672604e-05,0.002824879949912429,2025-11-22 06:26:36.779923,,,,,,,,,
8.744269143790007e-05,0.003058828879147768,2025-11-22 06:26:37.026647,,,,,,,,,
8.416292985202745e-05,0.0029204224701970816,2025-11-22 06:26:37.277034,,,,,,,,,
8.211577369365841e-05,0.003540459554642439,2025-11-22 06:26:37.521570,,,,,,,,,
8.683917985763401e-05,0.0031090709380805492,2025-11-22 06:26:37.768178,,,,,,,,,
9.12975228857249e-05,0.0027811131440103054,2025-11-22 06:26:38.038393,,,,,,,,,
8.867635915521532e-05,0.0029956530779600143,2025-11-22 06:26:38.265728,,,,,,,,,
8.843172690831125e-05,0.0030382557306438684,2025-11-22 06:26:38.511508,,,,,,,,,
8.752912981435657e-05,0.002563193440437317,2025-11-22 06:26:38.762197,,,,,,,,,
8.713590068509802e-05,0.002211089711636305,2025-11-22 06:26:39.009389,,,,,,,,,
8.619683649158105e-05,0.002883479930460453,2025-11-22 06:26:39.259940,,,,,,,,,
8.760812488617375e-05,0.002713351044803858,2025-11-22 06:26:39.501753,,,,,,,,,
8.665869245305657e-05,0.003043748904019594,2025-11-22 06:26:39.759939,,,,,,,,,
8.653943950776011e-05,0.00293081346899271,2025-11-22 06:26:40.022237,,,,,,,,,
8.64980393089354e-05,0.0029552914202213287,2025-11-22 06:26:40.260425,,,,,,,,,
8.798698399914429e-05,0.0028991354629397392,2025-11-22 06:26:40.505878,,,,,,,,,
8.747869287617505e-05,0.0024460863787680864,2025-11-22 06:26:40.751507,,,,,,,,,
8.483022975269705e-05,0.0031505145598202944,2025-11-22 06:26:40.992936,,,,,,,,,
8.641227759653702e-05,0.0031151717994362116,2025-11-22 06:26:41.238746,,,,,,,,,
8.950917253969237e-05,0.002446336904540658,2025-11-22 06:26:41.482852,,,,,,,,,
8.818014612188563e-05,0.0025344134774059057,2025-11-22 06:26:41.732029,,,,,,,,,
8.73225144459866e-05,0.002715770388022065,2025-11-22 06:26:41.983698,,,,,,,,,
9.00841987458989e-05,0.00295928493142128,2025-11-22 06:26:42.235082,,,,,,,,,
9.229566057911143e-05,0.00285728694871068,2025-11-22 06:26:42.474466,,,,,,,,,
8.711815462447703e-05,0.002909967675805092,2025-11-22 06:26:42.715939,,,,,,,,,
8.769809210207313e-05,0.002998722717165947,2025-11-22 06:26:42.965390,,,,,,,,,
9.486878843745217e-05,0.003057813737541437,2025-11-22 06:26:43.211777,,,,,,,,,
9.183549991576001e-05,0.0031040573958307505,2025-11-22 06:26:43.457983,,,,,,,,,
8.64658213686198e-05,0.0030274069868028164,2025-11-22 06:26:43.708900,,,,,,,,,
8.797631016932428e-05,0.0028256759978830814,2025-11-22 06:26:43.958384,,,,,,,,,
9.224857785739005e-05,0.0025875354185700417,2025-11-22 06:26:44.202234,,,,,,,,,
8.806881669443101e-05,0.002988042775541544,2025-11-22 06:26:44.450219,,,,,,,,,
8.902367699192837e-05,0.0032899309881031513,2025-11-22 06:26:44.695368,,,,,,,,,
9.316374053014442e-05,0.002897037658840418,2025-11-22 06:26:44.947419,,,,,,,,,
9.366381709696725e-05,0.0028317479882389307,2025-11-22 06:26:45.195236,,,,,,,,,
9.03167892829515e-05,0.0030573762487620115,2025-11-22 06:26:45.440551,,,,,,,,,
9.150544065050781e-05,0.0026490692980587482,2025-11-22 06:26:45.686072,,,,,,,,,
9.235753532266244e-05,0.0023851143196225166,2025-11-22 06:26:45.932388,,,,,,,,,
8.94456243258901e-05,0.0029695576522499323,2025-11-22 06:26:46.176891,,,,,,,,,
9.238244820153341e-05,0.0026751176919788122,2025-11-22 06:26:46.422053,,,,,,,,,
9.149552352027968e-05,0.0025453390553593636,2025-11-22 06:26:46.671402,,,,,,,,,
8.67181588546373e-05,0.003218740690499544,2025-11-22 06:26:46.922718,,,,,,,,,
8.979332051239908e-05,0.003061685711145401,2025-11-22 06:26:47.161753,,,,,,,,,
9.238671191269532e-05,0.0029279363807290792,2025-11-22 06:26:47.406414,,,,,,,,,
9.336153016192839e-05,0.002733977045863867,2025-11-22 06:26:47.655186,,,,,,,,,
9.072796092368662e-05,0.002830600133165717,2025-11-22 06:26:47.901480,,,,,,,,,
8.787752449279651e-05,0.002642994513735175,2025-11-22 06:26:48.148424,,,,,,,,,
8.556179091101512e-05,0.0029746643267571926,2025-11-22 06:26:48.393343,,,,,,,,,
8.478110248688608e-05,0.0029181423597037792,2025-11-22 06:26:48.652549,,,,,,,,,
8.683837950229645e-05,0.002962389960885048,2025-11-22 06:26:48.894651,,,,,,,,,
9.309204324381426e-05,0.002913204487413168,2025-11-22 06:26:49.141187,,,,,,,,,
9.613110159989446e-05,0.0028386181220412254,2025-11-22 06:26:49.389653,,,,,,,,,
9.671904263086617e-05,0.0026844325475394726,2025-11-22 06:26:49.633651,,,,,,,,,
9.518148726783693e-05,0.0027632745914161205,2025-11-22 06:26:49.883022,,,,,,,,,
9.565187792759389e-05,0.0023469312582165003,2025-11-22 06:26:50.127996,,,,,,,,,
8.98259604582563e-05,0.00288445339538157,2025-11-22 06:26:50.375720,,,,,,,,,
8.561775030102581e-05,0.0026790599804371595,2025-11-22 06:26:50.626110,,,,,,,,,
8.318495383718982e-05,0.002669620793312788,2025-11-22 06:26:50.876744,,,,,,,,,
8.251986582763493e-05,0.0033658004831522703,2025-11-22 06:26:51.122881,,,,,,,,,
,,2025-11-22 06:26:51.240339,8.977029660349622e-05,0.0029297607220036704,0.00075,,,,,,
,,2025-11-22 06:27:00.875060,,,,26.795814514160156,8.146384239196777,,,,
,,2025-11-22 06:27:00.876666,,,,,,8.432976168338567e-05,0.002744544198951469,26.795814514160156,8.146384239196777
8.432976028416306e-05,0.002923688618466258,2025-11-22 06:27:04.925883,,,,,,,,,
8.750145934754983e-05,0.0025631613098084927,2025-11-22 06:27:05.174588,,,,,,,,,
8.742210775380954e-05,0.0025149891152977943,2025-11-22 06:27:05.441484,,,,,,,,,
8.712575800018385e-05,0.0031272820197045803,2025-11-22 06:27:05.671016,,,,,,,,,
9.112416591960937e-05,0.0031116330064833164,2025-11-22 06:27:05.916020,,,,,,,,,
9.375794616062194e-05,0.0028393168468028307,2025-11-22 06:27:06.163785,,,,,,,,,
9.249748836737126e-05,0.0028656944632530212,2025-11-22 06:27:06.405520,,,,,,,,,
9.050322842085734e-05,0.0030510048381984234,2025-11-22 06:27:06.650011,,,,,,,,,
9.119525930145755e-05,0.0026971958577632904,2025-11-22 06:27:06.897604,,,,,,,,,
8.871244790498167e-05,0.0029311550315469503,2025-11-22 06:27:07.143883,,,,,,,,,
8.621812594356015e-05,0.002738183829933405,2025-11-22 06:27:07.398416,,,,,,,,,
8.801455987850204e-05,0.003493237541988492,2025-11-22 06:27:07.640026,,,,,,,,,
9.569727262714878e-05,0.0033973187673836946,2025-11-22 06:27:07.884402,,,,,,,,,
9.381798008689657e-05,0.0031905414070934057,2025-11-22 06:27:08.134463,,,,,,,,,
9.460796718485653e-05,0.0026685104239732027,2025-11-22 06:27:08.376870,,,,,,,,,
9.86692393780686e-05,0.0027609197422862053,2025-11-22 06:27:08.621357,,,,,,,,,
9.628361294744536e-05,0.0031645186245441437,2025-11-22 06:27:08.871143,,,,,,,,,
9.15284690563567e-05,0.0031590252183377743,2025-11-22 06:27:09.115716,,,,,,,,,
9.252542076865211e-05,0.00262805400416255,2025-11-22 06:27:09.360018,,,,,,,,,
9.241026418749243e-05,0.0025260967668145895,2025-11-22 06:27:09.609645,,,,,,,,,
8.974338561529294e-05,0.003043262753635645,2025-11-22 06:27:09.861656,,,,,,,,,
8.636992424726486e-05,0.002597985090687871,2025-11-22 06:27:10.121404,,,,,,,,,
8.547622564947233e-05,0.0033080845605582,2025-11-22 06:27:10.363980,,,,,,,,,
8.876708307070658e-05,0.0024738688953220844,2025-11-22 06:27:10.603960,,,,,,,,,
8.686765795573592e-05,0.0026672908570617437,2025-11-22 06:27:10.854791,,,,,,,,,
8.508103201165795e-05,0.002677037613466382,2025-11-22 06:27:11.095863,,,,,,,,,
8.624939800938591e-05,0.0030311073642224073,2025-11-22 06:27:11.345213,,,,,,,,,
8.877278014551848e-05,0.0030389868188649416,2025-11-22 06:27:11.590949,,,,,,,,,
9.192309516947716e-05,0.0026444161776453257,2025-11-22 06:27:11.838786,,,,,,,,,
8.99761071195826e-05,0.002755323890596628,2025-11-22 06:27:12.081822,,,,,,,,,
8.625326154287905e-05,0.002389636356383562,2025-11-22 06:27:12.325918,,,,,,,,,
8.460266690235585e-05,0.002724089426919818,2025-11-22 06:27:12.576543,,,,,,,,,
8.688605157658458e-05,0.003010476939380169,2025-11-22 06:27:12.828900,,,,,,,,,
8.843251271173358e-05,0.002952671144157648,2025-11-22 06:27:13.096397,,,,,,,,,
8.859037916408852e-05,0.0029780922923237085,2025-11-22 06:27:13.326166,,,,,,,,,
8.968455222202465e-05,0.002880253130570054,2025-11-22 06:27:13.572771,,,,,,,,,
8.732968126423657e-05,0.0028440970927476883,2025-11-22 06:27:13.828162,,,,,,,,,
8.714451541891322e-05,0.002865479327738285,2025-11-22 06:27:14.079686,,,,,,,,,
8.982593863038346e-05,0.0028248403687030077,2025-11-22 06:27:14.322777,,,,,,,,,
8.90041483216919e-05,0.0026301080361008644,2025-11-22 06:27:14.564669,,,,,,,,,
8.867736323736608e-05,0.0031453457195311785,2025-11-22 06:27:14.808494,,,,,,,,,
9.268047142541036e-05,0.0027454234659671783,2025-11-22 06:27:15.063542,,,,,,,,,
9.439601853955537e-05,0.0027369502931833267,2025-11-22 06:27:15.300610,,,,,,,,,
9.317499643657357e-05,0.0027944783214479685,2025-11-22 06:27:15.546995,,,,,,,,,
9.03536711120978e-05,0.002818182110786438,2025-11-22 06:27:15.791974,,,,,,,,,
8.631722448626533e-05,0.003406225237995386,2025-11-22 06:27:16.040016,,,,,,,,,
8.45084068714641e-05,0.003029643790796399,2025-11-22 06:27:16.280272,,,,,,,,,
8.718453318579122e-05,0.003074212931096554,2025-11-22 06:27:16.529614,,,,,,,,,
9.077398135559633e-05,0.0029692198149859905,2025-11-22 06:27:16.775357,,,,,,,,,
9.030017099576071e-05,0.0026864418759942055,2025-11-22 06:27:17.028093,,,,,,,,,
8.986840111901984e-05,0.003341212635859847,2025-11-22 06:27:17.273068,,,,,,,,,
9.379146649735048e-05,0.0025789961218833923,2025-11-22 06:27:17.522615,,,,,,,,,
9.201028296956792e-05,0.003102672751992941,2025-11-22 06:27:17.759967,,,,,,,,,
9.305136336479336e-05,0.0028586769476532936,2025-11-22 06:27:18.009300,,,,,,,,,
9.107891673920676e-05,0.002583590568974614,2025-11-22 06:27:18.252010,,,,,,,,,
8.989922207547352e-05,0.003010512562468648,2025-11-22 06:27:18.504368,,,,,,,,,
8.920408436097205e-05,0.002605662913993001,2025-11-22 06:27:18.747252,,,,,,,,,
8.81492014741525e-05,0.002402182901278138,2025-11-22 06:27:18.994925,,,,,,,,,
8.719032484805211e-05,0.0028593759052455425,2025-11-22 06:27:19.242105,,,,,,,,,
9.123835479840636e-05,0.0028916490264236927,2025-11-22 06:27:19.483103,,,,,,,,,
8.6510757682845e-05,0.0025840040761977434,2025-11-22 06:27:19.726676,,,,,,,,,
8.207139035221189e-05,0.0027221711352467537,2025-11-22 06:27:19.984400,,,,,,,,,
8.191969391191378e-05,0.002864112379029393,2025-11-22 06:27:20.228092,,,,,,,,,
8.42595545691438e-05,0.002597430720925331,2025-11-22 06:27:20.475635,,,,,,,,,
8.096217788988724e-05,0.003195649478584528,2025-11-22 06:27:20.724452,,,,,,,,,
8.427001012023538e-05,0.0031564657110720873,2025-11-22 06:27:20.962469,,,,,,,,,
8.861706737661734e-05,0.0028464735951274633,2025-11-22 06:27:21.215342,,,,,,,,,
8.507320308126509e-05,0.0030126257333904505,2025-11-22 06:27:21.460910,,,,,,,,,
8.917735976865515e-05,0.0028624075930565596,2025-11-22 06:27:21.708767,,,,,,,,,
0.00010078664490720257,0.002936186268925667,2025-11-22 06:27:21.956038,,,,,,,,,
9.51216570683755e-05,0.0026154627557843924,2025-11-22 06:27:22.205968,,,,,,,,,
8.868718578014523e-05,0.002668963046744466,2025-11-22 06:27:22.450858,,,,,,,,,
9.116351429838687e-05,0.0028631228487938643,2025-11-22 06:27:22.703764,,,,,,,,,
9.534295531921089e-05,0.002872973680496216,2025-11-22 06:27:22.944208,,,,,,,,,
8.914899080991745e-05,0.0030392592307180166,2025-11-22 06:27:23.196229,,,,,,,,,
8.613806858193129e-05,0.0034054224379360676,2025-11-22 06:27:23.449964,,,,,,,,,
9.144471550825983e-05,0.0025043224450200796,2025-11-22 06:27:23.683560,,,,,,,,,
8.994808740681037e-05,0.0029330996330827475,2025-11-22 06:27:23.932939,,,,,,,,,
8.947507740231231e-05,0.002321293344721198,2025-11-22 06:27:24.176333,,,,,,,,,
9.004776802612469e-05,0.0029523619450628757,2025-11-22 06:27:24.435719,,,,,,,,,
8.966639143181965e-05,0.0027842542622238398,2025-11-22 06:27:24.680519,,,,,,,,,
8.455480565316975e-05,0.0031507916282862425,2025-11-22 06:27:24.923031,,,,,,,,,
8.743719081394374e-05,0.002657815581187606,2025-11-22 06:27:25.165732,,,,,,,,,
9.136144944932312e-05,0.0026678440626710653,2025-11-22 06:27:25.414415,,,,,,,,,
8.981106657302007e-05,0.003016097005456686,2025-11-22 06:27:25.659424,,,,,,,,,
8.818975766189396e-05,0.0028157576452940702,2025-11-22 06:27:25.912386,,,,,,,,,
9.031093213707209e-05,0.002142226556316018,2025-11-22 06:27:26.155773,,,,,,,,,
8.800747309578583e-05,0.0027122211176902056,2025-11-22 06:27:26.398572,,,,,,,,,
8.84503751876764e-05,0.0023292116820812225,2025-11-22 06:27:26.648477,,,,,,,,,
8.683734631631523e-05,0.0028261716943234205,2025-11-22 06:27:26.890090,,,,,,,,,
8.688712841831148e-05,0.002730263862758875,2025-11-22 06:27:27.135213,,,,,,,,,
8.690200775163248e-05,0.0031212347093969584,2025-11-22 06:27:27.386887,,,,,,,,,
8.696683653397486e-05,0.0032363689970225096,2025-11-22 06:27:27.629086,,,,,,,,,
9.191279241349548e-05,0.002523555886000395,2025-11-22 06:27:27.873223,,,,,,,,,
9.39443489187397e-05,0.0026882379315793514,2025-11-22 06:27:28.127648,,,,,,,,,
8.763377263676375e-05,0.0028804978355765343,2025-11-22 06:27:28.368474,,,,,,,,,
8.768771658651531e-05,0.0024669067934155464,2025-11-22 06:27:28.619058,,,,,,,,,
9.009602217702195e-05,0.0035078716464340687,2025-11-22 06:27:28.865056,,,,,,,,,
9.139192843576893e-05,0.0031916070729494095,2025-11-22 06:27:29.115714,,,,,,,,,
8.873680781107396e-05,0.0032049634028226137,2025-11-22 06:27:29.358010,,,,,,,,,
8.936429367167875e-05,0.0026981167029589415,2025-11-22 06:27:29.611912,,,,,,,,,
9.175496234092861e-05,0.0031327700708061457,2025-11-22 06:27:29.846755,,,,,,,,,
9.450683137401938e-05,0.002707835752516985,2025-11-22 06:27:30.092481,,,,,,,,,
9.505054913461208e-05,0.002482596319168806,2025-11-22 06:27:30.350915,,,,,,,,,
9.125326323555782e-05,0.0024297863710671663,2025-11-22 06:27:30.588430,,,,,,,,,
8.590142533648759e-05,0.0027725098188966513,2025-11-22 06:27:30.844069,,,,,,,,,
8.450584573438391e-05,0.0027426332235336304,2025-11-22 06:27:31.081725,,,,,,,,,
8.471583714708686e-05,0.003617094596847892,2025-11-22 06:27:31.328353,,,,,,,,,
8.729262481210753e-05,0.002726340899243951,2025-11-22 06:27:31.582291,,,,,,,,,
8.832085586618632e-05,0.0033865761943161488,2025-11-22 06:27:31.825625,,,,,,,,,
8.883151167538017e-05,0.0027509783394634724,2025-11-22 06:27:32.081290,,,,,,,,,
8.768663974478841e-05,0.0031031861435621977,2025-11-22 06:27:32.325049,,,,,,,,,
9.028967178892344e-05,0.002829017350450158,2025-11-22 06:27:32.570786,,,,,,,,,
9.227683767676353e-05,0.0026043474208563566,2025-11-22 06:27:32.816026,,,,,,,,,
8.990726200863719e-05,0.0022783963941037655,2025-11-22 06:27:33.075237,,,,,,,,,
8.369709394173697e-05,0.0028872042894363403,2025-11-22 06:27:33.306775,,,,,,,,,
8.328768308274448e-05,0.0027133929543197155,2025-11-22 06:27:33.554405,,,,,,,,,
8.440671081189066e-05,0.0025219412054866552,2025-11-22 06:27:33.802054,,,,,,,,,
8.303311187773943e-05,0.002922522835433483,2025-11-22 06:27:34.050774,,,,,,,,,
8.762939978623763e-05,0.002870116150006652,2025-11-22 06:27:34.327280,,,,,,,,,
9.282609971705824e-05,0.0028520592022687197,2025-11-22 06:27:34.561241,,,,,,,,,
9.251722076442093e-05,0.002576663624495268,2025-11-22 06:27:34.808248,,,,,,,,,
9.126757504418492e-05,0.0028556908946484327,2025-11-22 06:27:35.049940,,,,,,,,,
9.495100675849244e-05,0.002513743005692959,2025-11-22 06:27:35.296483,,,,,,,,,
9.463261085329577e-05,0.0026729905512183905,2025-11-22 06:27:35.546555,,,,,,,,,
9.061759919859469e-05,0.0029998761601746082,2025-11-22 06:27:35.791152,,,,,,,,,
8.854750194586813e-05,0.0027013057842850685,2025-11-22 06:27:36.041746,,,,,,,,,
8.793947199592367e-05,0.003277248702943325,2025-11-22 06:27:36.296249,,,,,,,,,
8.700999751454219e-05,0.0029272278770804405,2025-11-22 06:27:36.539885,,,,,,,,,
9.092264372156933e-05,0.0030720580834895372,2025-11-22 06:27:36.794981,,,,,,,,,
9.18091755011119e-05,0.0032765136566013098,2025-11-22 06:27:37.038855,,,,,,,,,
8.747546235099435e-05,0.0030227978713810444,2025-11-22 06:27:37.285675,,,,,,,,,
8.607781637692824e-05,0.0028568273410201073,2025-11-22 06:27:37.537088,,,,,,,,,
8.739712211536244e-05,0.00285872514359653,2025-11-22 06:27:37.786524,,,,,,,,,
8.666794747114182e-05,0.0028200189117342234,2025-11-22 06:27:38.034506,,,,,,,,,
8.245790377259254e-05,0.003428724128752947,2025-11-22 06:27:38.288135,,,,,,,,,
8.210568194044754e-05,0.0031058352906256914,2025-11-22 06:27:38.526317,,,,,,,,,
8.541807619621977e-05,0.0032802310306578875,2025-11-22 06:27:38.781143,,,,,,,,,
8.759187039686367e-05,0.0028495239093899727,2025-11-22 06:27:39.018763,,,,,,,,,
9.025273175211623e-05,0.00244337460026145,2025-11-22 06:27:39.265141,,,,,,,,,
9.074489207705483e-05,0.0026664873585104942,2025-11-22 06:27:39.526108,,,,,,,,,
8.968956535682082e-05,0.0028629526495933533,2025-11-22 06:27:39.765152,,,,,,,,,
9.36012074816972e-05,0.0027899430133402348,2025-11-22 06:27:40.014316,,,,,,,,,
9.129866521107033e-05,0.0030537284910678864,2025-11-22 06:27:40.255020,,,,,,,,,
,,2025-11-22 06:27:40.305158,8.916149772630888e-05,0.0028602702028971785,0.00075,,,,,,
,,2025-11-22 06:27:48.932047,,,,26.824527740478516,8.127671241760254,,,,
,,2025-11-22 06:27:48.934410,,,,,,8.377404167101934e-05,0.002756068169569167,26.824527740478516,8.127671241760254
8.377404446946457e-05,0.002799462992697954,2025-11-22 06:27:53.393193,,,,,,,,,
8.223358599934727e-05,0.003179636551067233,2025-11-22 06:27:53.634775,,,,,,,,,
8.411747694481164e-05,0.0027522791642695665,2025-11-22 06:27:53.884527,,,,,,,,,
7.887024548836052e-05,0.0030175952706485987,2025-11-22 06:27:54.159674,,,,,,,,,
7.825955981388688e-05,0.0028549458365887403,2025-11-22 06:27:54.410688,,,,,,,,,
8.338277984876186e-05,0.00307259033434093,2025-11-22 06:27:54.649189,,,,,,,,,
8.942964632296935e-05,0.0028733829967677593,2025-11-22 06:27:54.894040,,,,,,,,,
8.909473399398848e-05,0.0030623325146734715,2025-11-22 06:27:55.147892,,,,,,,,,
9.615688759367913e-05,0.0025231223553419113,2025-11-22 06:27:55.387530,,,,,,,,,
9.952041727956384e-05,0.0027298196218907833,2025-11-22 06:27:55.639310,,,,,,,,,
9.495159611105919e-05,0.0027152164839208126,2025-11-22 06:27:55.880876,,,,,,,,,
8.840452210279182e-05,0.002220652997493744,2025-11-22 06:27:56.127436,,,,,,,,,
8.357791375601664e-05,0.0027542677707970142,2025-11-22 06:27:56.374250,,,,,,,,,
8.188763604266569e-05,0.00288103218190372,2025-11-22 06:27:56.618389,,,,,,,,,
8.007813448784873e-05,0.0031751508358865976,2025-11-22 06:27:56.869063,,,,,,,,,
8.025964052649215e-05,0.0027382539119571447,2025-11-22 06:27:57.110679,,,,,,,,,
8.365813846467063e-05,0.0026720818132162094,2025-11-22 06:27:57.352055,,,,,,,,,
8.690284448675811e-05,0.003005305537953973,2025-11-22 06:27:57.597881,,,,,,,,,
9.122328629018739e-05,0.0025925920344889164,2025-11-22 06:27:57.865311,,,,,,,,,
8.735408482607454e-05,0.0031620098743587732,2025-11-22 06:27:58.096676,,,,,,,,,
8.834706386551261e-05,0.0026163223665207624,2025-11-22 06:27:58.349562,,,,,,,,,
8.698863530298695e-05,0.0027914836537092924,2025-11-22 06:27:58.593606,,,,,,,,,
8.440114470431581e-05,0.003070008009672165,2025-11-22 06:27:58.847778,,,,,,,,,
8.797714690444991e-05,0.002759129973128438,2025-11-22 06:27:59.084580,,,,,,,,,
8.816871559247375e-05,0.003154773497954011,2025-11-22 06:27:59.331906,,,,,,,,,
9.067441715160385e-05,0.0023696688003838062,2025-11-22 06:27:59.575546,,,,,,,,,
9.325890277978033e-05,0.0028670052997767925,2025-11-22 06:27:59.827059,,,,,,,,,
9.469268115935847e-05,0.0029757926240563393,2025-11-22 06:28:00.082833,,,,,,,,,
9.370705083711073e-05,0.003176945960149169,2025-11-22 06:28:00.314247,,,,,,,,,
9.472446981817484e-05,0.0025581351947039366,2025-11-22 06:28:00.561393,,,,,,,,,
9.035733819473535e-05,0.002562254900112748,2025-11-22 06:28:00.811980,,,,,,,,,
8.890485332813114e-05,0.0024193532299250364,2025-11-22 06:28:01.054512,,,,,,,,,
8.705050277058035e-05,0.002985607599839568,2025-11-22 06:28:01.305835,,,,,,,,,
8.849446749081835e-05,0.002413878683000803,2025-11-22 06:28:01.557254,,,,,,,,,
8.636360871605575e-05,0.0028715580701828003,2025-11-22 06:28:01.802224,,,,,,,,,
8.701317710801959e-05,0.002712466986849904,2025-11-22 06:28:02.052343,,,,,,,,,
9.163301001535729e-05,0.0029020507354289293,2025-11-22 06:28:02.291900,,,,,,,,,
9.184595546685159e-05,0.0027755368500947952,2025-11-22 06:28:02.541647,,,,,,,,,
9.232888260157779e-05,0.0024257064796984196,2025-11-22 06:28:02.789307,,,,,,,,,
9.109390521189198e-05,0.002602086402475834,2025-11-22 06:28:03.033293,,,,,,,,,
8.841646194923669e-05,0.0029096209909766912,2025-11-22 06:28:03.284193,,,,,,,,,
8.50579235702753e-05,0.00286614871583879,2025-11-22 06:28:03.524433,,,,,,,,,
8.609599171904847e-05,0.0031439170707017183,2025-11-22 06:28:03.772547,,,,,,,,,
8.814031752990559e-05,0.0029634081292897463,2025-11-22 06:28:04.042123,,,,,,,,,
8.384610555367544e-05,0.0028910778928548098,2025-11-22 06:28:04.271968,,,,,,,,,
8.440086094196886e-05,0.002876485697925091,2025-11-22 06:28:04.520815,,,,,,,,,
9.02845713426359e-05,0.002724461490288377,2025-11-22 06:28:04.766418,,,,,,,,,
9.167582902591676e-05,0.0021735241170972586,2025-11-22 06:28:05.011000,,,,,,,,,
8.747060201130807e-05,0.0027220426127314568,2025-11-22 06:28:05.257231,,,,,,,,,
8.650981180835515e-05,0.0026831424329429865,2025-11-22 06:28:05.502649,,,,,,,,,
8.37868865346536e-05,0.0028349703643471003,2025-11-22 06:28:05.765332,,,,,,,,,
8.579867426306009e-05,0.002679879777133465,2025-11-22 06:28:06.003462,,,,,,,,,
8.800026262179017e-05,0.002514846855774522,2025-11-22 06:28:06.244827,,,,,,,,,
8.379373321076855e-05,0.0028662390541285276,2025-11-22 06:28:06.497298,,,,,,,,,
8.322508801938966e-05,0.003261574311181903,2025-11-22 06:28:06.741604,,,,,,,,,
8.595496910857037e-05,0.0022025974467396736,2025-11-22 06:28:06.995227,,,,,,,,,
8.394145697820932e-05,0.003411920741200447,2025-11-22 06:28:07.251943,,,,,,,,,
9.050960215972736e-05,0.0028018737211823463,2025-11-22 06:28:07.500147,,,,,,,,,
9.116095316130668e-05,0.002556893043220043,2025-11-22 06:28:07.734484,,,,,,,,,
8.692664414411411e-05,0.0028405471239238977,2025-11-22 06:28:07.980336,,,,,,,,,
8.879675442585722e-05,0.002656890545040369,2025-11-22 06:28:08.237685,,,,,,,,,
9.010547364596277e-05,0.0028035002760589123,2025-11-22 06:28:08.481389,,,,,,,,,
8.817108027869835e-05,0.0030759042128920555,2025-11-22 06:28:08.722716,,,,,,,,,
8.971014904091135e-05,0.002561790868639946,2025-11-22 06:28:08.975416,,,,,,,,,
8.588386845076457e-05,0.0025985268875956535,2025-11-22 06:28:09.219337,,,,,,,,,
8.111151691991836e-05,0.0022530241403728724,2025-11-22 06:28:09.473741,,,,,,,,,
8.298116154037416e-05,0.002920597093179822,2025-11-22 06:28:09.719115,,,,,,,,,
8.66780465003103e-05,0.0025584378745406866,2025-11-22 06:28:09.965060,,,,,,,,,
8.563141454942524e-05,0.0035386262461543083,2025-11-22 06:28:10.211715,,,,,,,,,
8.4964296547696e-05,0.0025465672370046377,2025-11-22 06:28:10.468252,,,,,,,,,
8.653537224745378e-05,0.00250645587220788,2025-11-22 06:28:10.707173,,,,,,,,,
8.558211993658915e-05,0.0023625108879059553,2025-11-22 06:28:10.951317,,,,,,,,,
8.8792949100025e-05,0.002647867426276207,2025-11-22 06:28:11.208861,,,,,,,,,
9.229894931195304e-05,0.0031123843509703875,2025-11-22 06:28:11.451985,,,,,,,,,
9.065712947631255e-05,0.002599492436274886,2025-11-22 06:28:11.691393,,,,,,,,,
8.623390749562532e-05,0.0024550624657422304,2025-11-22 06:28:11.941213,,,,,,,,,
8.716312004253268e-05,0.0029278346337378025,2025-11-22 06:28:12.196381,,,,,,,,,
9.286974818678573e-05,0.0029394926968961954,2025-11-22 06:28:12.435575,,,,,,,,,
8.729236287763342e-05,0.002831145189702511,2025-11-22 06:28:12.683914,,,,,,,,,
8.579307905165479e-05,0.0027557779103517532,2025-11-22 06:28:12.939214,,,,,,,,,
8.787593833403662e-05,0.0031930701807141304,2025-11-22 06:28:13.177688,,,,,,,,,
9.04178959899582e-05,0.003270195098593831,2025-11-22 06:28:13.432326,,,,,,,,,
8.300368790514767e-05,0.0027693286538124084,2025-11-22 06:28:13.683325,,,,,,,,,
8.194733527489007e-05,0.0029591154307127,2025-11-22 06:28:13.925230,,,,,,,,,
8.814255124889314e-05,0.0025946111418306828,2025-11-22 06:28:14.167819,,,,,,,,,
8.900651300791651e-05,0.0026840539649128914,2025-11-22 06:28:14.418194,,,,,,,,,
8.495214569848031e-05,0.0024278906639665365,2025-11-22 06:28:14.672297,,,,,,,,,
8.380929648410529e-05,0.003580083604902029,2025-11-22 06:28:14.929738,,,,,,,,,
9.253865573555231e-05,0.002716254908591509,2025-11-22 06:28:15.161809,,,,,,,,,
9.026088810060173e-05,0.0029974887147545815,2025-11-22 06:28:15.429179,,,,,,,,,
9.051224333234131e-05,0.003080001100897789,2025-11-22 06:28:15.668066,,,,,,,,,
9.901947487378493e-05,0.0024139690212905407,2025-11-22 06:28:15.911489,,,,,,,,,
9.554542339174077e-05,0.00255704578012228,2025-11-22 06:28:16.159728,,,,,,,,,
8.690612594364211e-05,0.0029632633086293936,2025-11-22 06:28:16.413402,,,,,,,,,
8.434682240476832e-05,0.003110561752691865,2025-11-22 06:28:16.674026,,,,,,,,,
8.931864431360736e-05,0.0029617915861308575,2025-11-22 06:28:16.911429,,,,,,,,,
9.237715130439028e-05,0.002826281124725938,2025-11-22 06:28:17.157359,,,,,,,,,
9.072653483599424e-05,0.0026335320435464382,2025-11-22 06:28:17.405831,,,,,,,,,
8.903028356144205e-05,0.002496614819392562,2025-11-22 06:28:17.647547,,,,,,,,,
9.103930642595515e-05,0.0029582178685814142,2025-11-22 06:28:17.899659,,,,,,,,,
9.234114259015769e-05,0.0023718029260635376,2025-11-22 06:28:18.152075,,,,,,,,,
9.300965029979125e-05,0.00302762514911592,2025-11-22 06:28:18.403162,,,,,,,,,
9.65164799708873e-05,0.0031653556507080793,2025-11-22 06:28:18.641141,,,,,,,,,
9.344029240310192e-05,0.0028987096156924963,2025-11-22 06:28:18.901208,,,,,,,,,
8.698903548065573e-05,0.002864187117666006,2025-11-22 06:28:19.156291,,,,,,,,,
8.578054257668555e-05,0.0031596049666404724,2025-11-22 06:28:19.426626,,,,,,,,,
9.092804248211905e-05,0.0026612908113747835,2025-11-22 06:28:19.654687,,,,,,,,,
9.096309804590419e-05,0.002799397334456444,2025-11-22 06:28:19.901719,,,,,,,,,
8.754606096772477e-05,0.0030744820833206177,2025-11-22 06:28:20.145612,,,,,,,,,
8.713422721484676e-05,0.002403497928753495,2025-11-22 06:28:20.394679,,,,,,,,,
8.579397399444133e-05,0.0029380444902926683,2025-11-22 06:28:20.644346,,,,,,,,,
8.7187290773727e-05,0.0028734863735735416,2025-11-22 06:28:20.887696,,,,,,,,,
9.445333853363991e-05,0.0028055557049810886,2025-11-22 06:28:21.134294,,,,,,,,,
9.339215466752648e-05,0.0030677425675094128,2025-11-22 06:28:21.384241,,,,,,,,,
8.761200297158211e-05,0.002737669972702861,2025-11-22 06:28:21.630412,,,,,,,,,
8.76875565154478e-05,0.0032199874985963106,2025-11-22 06:28:21.872513,,,,,,,,,
9.113732812693343e-05,0.003037332557141781,2025-11-22 06:28:22.121101,,,,,,,,,
9.063255856744945e-05,0.002506059128791094,2025-11-22 06:28:22.367395,,,,,,,,,
8.613852696726099e-05,0.0025482678320258856,2025-11-22 06:28:22.620078,,,,,,,,,
8.559218258596957e-05,0.002384307561442256,2025-11-22 06:28:22.890415,,,,,,,,,
8.603221067460254e-05,0.00281593413092196,2025-11-22 06:28:23.122635,,,,,,,,,
8.787914703134447e-05,0.003424630267545581,2025-11-22 06:28:23.362434,,,,,,,,,
9.332431363873184e-05,0.0031219422817230225,2025-11-22 06:28:23.621947,,,,,,,,,
9.938960283761844e-05,0.002320228610187769,2025-11-22 06:28:23.856329,,,,,,,,,
9.785318252397701e-05,0.00283680553548038,2025-11-22 06:28:24.106556,,,,,,,,,
9.370424231747165e-05,0.0027306408155709505,2025-11-22 06:28:24.353416,,,,,,,,,
9.070950181921944e-05,0.002677635522559285,2025-11-22 06:28:24.598892,,,,,,,,,
8.991199865704402e-05,0.0028870021924376488,2025-11-22 06:28:24.847254,,,,,,,,,
9.01150269783102e-05,0.002474388340488076,2025-11-22 06:28:25.092504,,,,,,,,,
8.78997816471383e-05,0.0026775102596729994,2025-11-22 06:28:25.338638,,,,,,,,,
8.363815140910447e-05,0.0030039355624467134,2025-11-22 06:28:25.585783,,,,,,,,,
8.260676258942112e-05,0.0024717908818274736,2025-11-22 06:28:25.841206,,,,,,,,,
8.494030043948442e-05,0.0030377726070582867,2025-11-22 06:28:26.110566,,,,,,,,,
9.162804781226441e-05,0.0026344999205321074,2025-11-22 06:28:26.346665,,,,,,,,,
9.320663230028003e-05,0.0029006062541157007,2025-11-22 06:28:26.586139,,,,,,,,,
9.468728967476636e-05,0.0026170527562499046,2025-11-22 06:28:26.830804,,,,,,,,,
9.287143620895222e-05,0.002546849427744746,2025-11-22 06:28:27.097777,,,,,,,,,
8.589316712459549e-05,0.003045623190701008,2025-11-22 06:28:27.326431,,,,,,,,,
8.566768519813195e-05,0.0027657777536660433,2025-11-22 06:28:27.579239,,,,,,,,,
8.578419510740787e-05,0.0025278201792389154,2025-11-22 06:28:27.828291,,,,,,,,,
8.461561083095148e-05,0.002808698918670416,2025-11-22 06:28:28.082702,,,,,,,,,
8.07720934972167e-05,0.0027307921554893255,2025-11-22 06:28:28.318029,,,,,,,,,
8.287246600957587e-05,0.0025164729449898005,2025-11-22 06:28:28.563593,,,,,,,,,
8.38033520267345e-05,0.0029292500112205744,2025-11-22 06:28:28.810571,,,,,,,,,
,,2025-11-22 06:28:28.889033,8.825188160699327e-05,0.002795902748605133,0.00075,,,,,,
,,2025-11-22 06:28:37.742779,,,,26.74553680419922,8.36424446105957,,,,
,,2025-11-22 06:28:37.744005,,,,,,8.531161326503094e-05,0.0026119303119440493,26.74553680419922,8.36424446105957
8.531161438440904e-05,0.002313460223376751,2025-11-22 06:28:42.567624,,,,,,,,,
8.726307714823633e-05,0.0024109133519232273,2025-11-22 06:28:42.808612,,,,,,,,,
8.913878991734236e-05,0.002608420792967081,2025-11-22 06:28:43.053599,,,,,,,,,
8.905372669687495e-05,0.0027194886934012175,2025-11-22 06:28:43.298547,,,,,,,,,
8.660885941935703e-05,0.0030404592398554087,2025-11-22 06:28:43.544395,,,,,,,,,
8.757546311244369e-05,0.0025402014143764973,2025-11-22 06:28:43.800878,,,,,,,,,
8.862503455020487e-05,0.0026064813137054443,2025-11-22 06:28:44.032875,,,,,,,,,
8.581185102229938e-05,0.0026408869307488203,2025-11-22 06:28:44.279408,,,,,,,,,
8.36524268379435e-05,0.0027620289474725723,2025-11-22 06:28:44.526469,,,,,,,,,
8.510414772899821e-05,0.002968227257952094,2025-11-22 06:28:44.783610,,,,,,,,,
8.72392556630075e-05,0.002797682536765933,2025-11-22 06:28:45.024403,,,,,,,,,
8.259724563686177e-05,0.0025258774403482676,2025-11-22 06:28:45.264038,,,,,,,,,
8.471315959468484e-05,0.003106343327090144,2025-11-22 06:28:45.509603,,,,,,,,,
9.146467345999554e-05,0.0028278983663767576,2025-11-22 06:28:45.753974,,,,,,,,,
8.366386464331299e-05,0.0030369313899427652,2025-11-22 06:28:46.004744,,,,,,,,,
8.482872362947091e-05,0.002923628082498908,2025-11-22 06:28:46.256066,,,,,,,,,
9.413617954123765e-05,0.002752243774011731,2025-11-22 06:28:46.499217,,,,,,,,,
9.778884123079479e-05,0.0031477734446525574,2025-11-22 06:28:46.759082,,,,,,,,,
8.971299394033849e-05,0.002779424889013171,2025-11-22 06:28:47.054841,,,,,,,,,
8.571276703150943e-05,0.0025877675507217646,2025-11-22 06:28:47.302926,,,,,,,,,
9.013737144414335e-05,0.002837641630321741,2025-11-22 06:28:47.543391,,,,,,,,,
9.005605534184724e-05,0.0029167518950998783,2025-11-22 06:28:47.800109,,,,,,,,,
8.717659511603415e-05,0.0031154814641922712,2025-11-22 06:28:48.047312,,,,,,,,,
8.919905667426065e-05,0.0028007407672703266,2025-11-22 06:28:48.291902,,,,,,,,,
9.446268813917413e-05,0.0025938949547708035,2025-11-22 06:28:48.543382,,,,,,,,,
9.187655086861923e-05,0.0022982133086770773,2025-11-22 06:28:48.786814,,,,,,,,,
8.578085544286296e-05,0.0032449569553136826,2025-11-22 06:28:49.037801,,,,,,,,,
9.232686716131866e-05,0.003253751900047064,2025-11-22 06:28:49.274952,,,,,,,,,
9.340269753010944e-05,0.0025398614816367626,2025-11-22 06:28:49.529809,,,,,,,,,
8.663438347866759e-05,0.0030947152990847826,2025-11-22 06:28:49.762201,,,,,,,,,
8.459769014734775e-05,0.0025228445883840322,2025-11-22 06:28:50.019628,,,,,,,,,
8.538578549632803e-05,0.002803138690069318,2025-11-22 06:28:50.251854,,,,,,,,,
8.81552041391842e-05,0.0026355835143476725,2025-11-22 06:28:50.506171,,,,,,,,,
8.934144716477022e-05,0.0028037994634360075,2025-11-22 06:28:50.763747,,,,,,,,,
8.857690409058705e-05,0.0034489023964852095,2025-11-22 06:28:51.011525,,,,,,,,,
8.73093304107897e-05,0.0024967738427221775,2025-11-22 06:28:51.248123,,,,,,,,,
8.44050882733427e-05,0.002864047884941101,2025-11-22 06:28:51.502857,,,,,,,,,
8.524159056833014e-05,0.002382794162258506,2025-11-22 06:28:51.745691,,,,,,,,,
8.53765377542004e-05,0.0025166214909404516,2025-11-22 06:28:51.986206,,,,,,,,,
8.363265078514814e-05,0.0027447089087218046,2025-11-22 06:28:52.233119,,,,,,,,,
8.110860653687268e-05,0.0028533791191875935,2025-11-22 06:28:52.499513,,,,,,,,,
8.32226432976313e-05,0.0025133714079856873,2025-11-22 06:28:52.743641,,,,,,,,,
8.21708090370521e-05,0.0024909202475100756,2025-11-22 06:28:52.981808,,,,,,,,,
8.524685836164281e-05,0.0022505500819534063,2025-11-22 06:28:53.232216,,,,,,,,,
8.708231325726956e-05,0.002605829620733857,2025-11-22 06:28:53.478693,,,,,,,,,
8.396831981372088e-05,0.0028857935685664415,2025-11-22 06:28:53.734082,,,,,,,,,
8.338507905136794e-05,0.003264556871727109,2025-11-22 06:28:53.969610,,,,,,,,,
8.665639325045049e-05,0.0027547392528504133,2025-11-22 06:28:54.225976,,,,,,,,,
8.729530964046717e-05,0.0028936266899108887,2025-11-22 06:28:54.464187,,,,,,,,,
8.88708236743696e-05,0.0028416914865374565,2025-11-22 06:28:54.724825,,,,,,,,,
9.579304605722427e-05,0.0025353289674967527,2025-11-22 06:28:54.960346,,,,,,,,,
9.543035412207246e-05,0.00274775642901659,2025-11-22 06:28:55.211765,,,,,,,,,
9.682800009613857e-05,0.0026034500915557146,2025-11-22 06:28:55.447945,,,,,,,,,
9.75304064922966e-05,0.0025991718284785748,2025-11-22 06:28:55.697115,,,,,,,,,
9.498425788478926e-05,0.0025510606355965137,2025-11-22 06:28:55.939555,,,,,,,,,
9.371471242047846e-05,0.0023713456466794014,2025-11-22 06:28:56.194316,,,,,,,,,
8.838817302603275e-05,0.003072945633903146,2025-11-22 06:28:56.449836,,,,,,,,,
8.241283649113029e-05,0.002388877561315894,2025-11-22 06:28:56.705300,,,,,,,,,
8.234303822973743e-05,0.0026644617319107056,2025-11-22 06:28:56.946708,,,,,,,,,
8.571674698032439e-05,0.003067486919462681,2025-11-22 06:28:57.200218,,,,,,,,,
8.850274025462568e-05,0.002839797642081976,2025-11-22 06:28:57.451870,,,,,,,,,
8.872755279298872e-05,0.002830992452800274,2025-11-22 06:28:57.686758,,,,,,,,,
9.06734203454107e-05,0.0025109644047915936,2025-11-22 06:28:57.936270,,,,,,,,,
9.274359763367102e-05,0.002610178664326668,2025-11-22 06:28:58.193824,,,,,,,,,
9.360608964925632e-05,0.00235242978669703,2025-11-22 06:28:58.423773,,,,,,,,,
8.772066212259233e-05,0.002788737416267395,2025-11-22 06:28:58.670967,,,,,,,,,
8.481585973640904e-05,0.0027703498490154743,2025-11-22 06:28:58.928831,,,,,,,,,
8.429523586528376e-05,0.0025482915807515383,2025-11-22 06:28:59.163435,,,,,,,,,
8.10565470601432e-05,0.0027029672637581825,2025-11-22 06:28:59.414974,,,,,,,,,
7.826515502529219e-05,0.0024721487425267696,2025-11-22 06:28:59.669132,,,,,,,,,
8.363531378563493e-05,0.0029925049748271704,2025-11-22 06:28:59.916697,,,,,,,,,
8.852114842738956e-05,0.003002462675794959,2025-11-22 06:29:00.185101,,,,,,,,,
9.02734391274862e-05,0.0026087327860295773,2025-11-22 06:29:00.408368,,,,,,,,,
9.14077099878341e-05,0.00248517794534564,2025-11-22 06:29:00.662475,,,,,,,,,
9.444536408409476e-05,0.002477178815752268,2025-11-22 06:29:00.924089,,,,,,,,,
9.287115244660527e-05,0.002414286369457841,2025-11-22 06:29:01.148354,,,,,,,,,
8.866856660461053e-05,0.0029541924595832825,2025-11-22 06:29:01.399405,,,,,,,,,
8.797387999948114e-05,0.0025667196605354548,2025-11-22 06:29:01.641358,,,,,,,,,
8.485737635055557e-05,0.002664979314431548,2025-11-22 06:29:01.901738,,,,,,,,,
8.293976861750707e-05,0.0028279602993279696,2025-11-22 06:29:02.166364,,,,,,,,,
8.2399245002307e-05,0.0032616043463349342,2025-11-22 06:29:02.409048,,,,,,,,,
8.561552385799587e-05,0.002700160490348935,2025-11-22 06:29:02.645398,,,,,,,,,
8.62989472807385e-05,0.003066273406147957,2025-11-22 06:29:02.904944,,,,,,,,,
9.088480874197558e-05,0.002848120406270027,2025-11-22 06:29:03.142902,,,,,,,,,
9.411294013261795e-05,0.002642266917973757,2025-11-22 06:29:03.385589,,,,,,,,,
9.437165863346308e-05,0.0027698196936398745,2025-11-22 06:29:03.634763,,,,,,,,,
9.596531162969768e-05,0.0027978275902569294,2025-11-22 06:29:03.877914,,,,,,,,,
9.687564306659624e-05,0.002890825504437089,2025-11-22 06:29:04.126335,,,,,,,,,
9.6494572062511e-05,0.0027527872007340193,2025-11-22 06:29:04.385063,,,,,,,,,
9.411613427801058e-05,0.0029093818739056587,2025-11-22 06:29:04.624404,,,,,,,,,
9.18112273211591e-05,0.0023144972510635853,2025-11-22 06:29:04.871640,,,,,,,,,
8.744871593080461e-05,0.0023273909464478493,2025-11-22 06:29:05.113303,,,,,,,,,
8.558468834962696e-05,0.002596066100522876,2025-11-22 06:29:05.357456,,,,,,,,,
8.356249600183219e-05,0.0029125409200787544,2025-11-22 06:29:05.603111,,,,,,,,,
8.135139796650037e-05,0.002929705660790205,2025-11-22 06:29:05.865827,,,,,,,,,
8.177436393452808e-05,0.002867721952497959,2025-11-22 06:29:06.096836,,,,,,,,,
8.307760435855016e-05,0.002960889833047986,2025-11-22 06:29:06.340872,,,,,,,,,
8.5132967797108e-05,0.0027887634932994843,2025-11-22 06:29:06.604975,,,,,,,,,
8.552191138733178e-05,0.0034635215997695923,2025-11-22 06:29:06.839373,,,,,,,,,
8.989185153041035e-05,0.0030037572141736746,2025-11-22 06:29:07.112010,,,,,,,,,
9.153932478511706e-05,0.0028733261860907078,2025-11-22 06:29:07.335956,,,,,,,,,
9.507709910394624e-05,0.0024548587389290333,2025-11-22 06:29:07.579982,,,,,,,,,
9.423620940651745e-05,0.0026922395918518305,2025-11-22 06:29:07.827135,,,,,,,,,
9.363414574181661e-05,0.0024934192188084126,2025-11-22 06:29:08.080353,,,,,,,,,
9.479233267484233e-05,0.00280077219940722,2025-11-22 06:29:08.332040,,,,,,,,,
9.224329551216215e-05,0.00245249317958951,2025-11-22 06:29:08.583340,,,,,,,,,
8.383381646126509e-05,0.003100648755207658,2025-11-22 06:29:08.832303,,,,,,,,,
8.681887993589044e-05,0.0028791408985853195,2025-11-22 06:29:09.081866,,,,,,,,,
8.938962855609134e-05,0.0025741513818502426,2025-11-22 06:29:09.317327,,,,,,,,,
8.485544822178781e-05,0.002518538385629654,2025-11-22 06:29:09.564915,,,,,,,,,
8.350103598786518e-05,0.002509034937247634,2025-11-22 06:29:09.809787,,,,,,,,,
8.494546636939049e-05,0.002772676758468151,2025-11-22 06:29:10.057120,,,,,,,,,
8.853462350089103e-05,0.0028623074758797884,2025-11-22 06:29:10.313437,,,,,,,,,
9.02716419659555e-05,0.0030146099161356688,2025-11-22 06:29:10.554856,,,,,,,,,
9.450501238461584e-05,0.0027714695315808058,2025-11-22 06:29:10.802063,,,,,,,,,
9.393613436259329e-05,0.002694367431104183,2025-11-22 06:29:11.047413,,,,,,,,,
8.940457337303087e-05,0.002283890265971422,2025-11-22 06:29:11.308372,,,,,,,,,
8.938473911257461e-05,0.0024470489006489515,2025-11-22 06:29:11.549863,,,,,,,,,
9.304056584369391e-05,0.002517260145395994,2025-11-22 06:29:11.787973,,,,,,,,,
8.980143320513889e-05,0.0021390500478446484,2025-11-22 06:29:12.035313,,,,,,,,,
8.245262870332226e-05,0.002857655519619584,2025-11-22 06:29:12.281302,,,,,,,,,
8.409547444898635e-05,0.0033888856414705515,2025-11-22 06:29:12.534406,,,,,,,,,
9.03740874491632e-05,0.0029251277446746826,2025-11-22 06:29:12.778411,,,,,,,,,
8.666684152558446e-05,0.00294872815720737,2025-11-22 06:29:13.023392,,,,,,,,,
8.399883517995477e-05,0.0027446469757705927,2025-11-22 06:29:13.279900,,,,,,,,,
8.626113412901759e-05,0.002699668752029538,2025-11-22 06:29:13.518156,,,,,,,,,
8.51708318805322e-05,0.0029619396664202213,2025-11-22 06:29:13.774430,,,,,,,,,
8.710590191185474e-05,0.00281343562528491,2025-11-22 06:29:14.014354,,,,,,,,,
9.201812645187601e-05,0.0021146710496395826,2025-11-22 06:29:14.262290,,,,,,,,,
8.701370825292543e-05,0.002528881188482046,2025-11-22 06:29:14.507970,,,,,,,,,
8.234419510699809e-05,0.002399682765826583,2025-11-22 06:29:14.758753,,,,,,,,,
8.362369408132508e-05,0.0027017127722501755,2025-11-22 06:29:15.003488,,,,,,,,,
8.78346327226609e-05,0.0024847909808158875,2025-11-22 06:29:15.255057,,,,,,,,,
8.525206067133695e-05,0.002724764868617058,2025-11-22 06:29:15.500771,,,,,,,,,
7.960227958392352e-05,0.002633849624544382,2025-11-22 06:29:15.747411,,,,,,,,,
8.311376586789265e-05,0.0026506383437663317,2025-11-22 06:29:15.995542,,,,,,,,,
8.66074042278342e-05,0.0029159581754356623,2025-11-22 06:29:16.251227,,,,,,,,,
9.174706065095961e-05,0.002789761172607541,2025-11-22 06:29:16.516274,,,,,,,,,
9.154227882390842e-05,0.0028669810853898525,2025-11-22 06:29:16.754665,,,,,,,,,
9.005483298096806e-05,0.002517599845305085,2025-11-22 06:29:16.991902,,,,,,,,,
8.614329999545589e-05,0.002879583276808262,2025-11-22 06:29:17.260771,,,,,,,,,
8.661184983793646e-05,0.0027035875245928764,2025-11-22 06:29:17.491223,,,,,,,,,
8.75795230967924e-05,0.002615012926980853,2025-11-22 06:29:17.733908,,,,,,,,,
8.914746285881847e-05,0.0027627169620245695,2025-11-22 06:29:17.984030,,,,,,,,,
,,2025-11-22 06:29:18.069530,8.808074082682854e-05,0.0027338490795551073,0.00075,,,,,,
,,2025-11-22 06:29:26.189328,,,,26.63414764404297,8.502225875854492,,,,
,,2025-11-22 06:29:26.190678,,,,,,8.752805073387348e-05,0.0025299810983527163,26.63414764404297,8.502225875854492
8.752805297262967e-05,0.002642982639372349,2025-11-22 06:29:31.252747,,,,,,,,,
8.515162335243076e-05,0.002493354957550764,2025-11-22 06:29:31.498734,,,,,,,,,
8.443205297226086e-05,0.0026653967797756195,2025-11-22 06:29:31.732691,,,,,,,,,
8.707142114872113e-05,0.0028139029163867235,2025-11-22 06:29:31.980118,,,,,,,,,
8.899349631974474e-05,0.002660491969436407,2025-11-22 06:29:32.223150,,,,,,,,,
8.369453280465677e-05,0.002911924384534359,2025-11-22 06:29:32.476252,,,,,,,,,
8.574705861974508e-05,0.0026341197080910206,2025-11-22 06:29:32.724753,,,,,,,,,
8.910438191378489e-05,0.002989168744534254,2025-11-22 06:29:32.971128,,,,,,,,,
8.950257324613631e-05,0.0025899759493768215,2025-11-22 06:29:33.221484,,,,,,,,,
9.124482312472537e-05,0.002609299262985587,2025-11-22 06:29:33.486194,,,,,,,,,
9.219962521456182e-05,0.0023112797643989325,2025-11-22 06:29:33.721712,,,,,,,,,
8.868469012668356e-05,0.0025241461116820574,2025-11-22 06:29:33.960604,,,,,,,,,
8.889013406587765e-05,0.0025319901760667562,2025-11-22 06:29:34.212205,,,,,,,,,
9.005697938846424e-05,0.0029588837642222643,2025-11-22 06:29:34.458051,,,,,,,,,
8.718396566109732e-05,0.0024543062318116426,2025-11-22 06:29:34.696269,,,,,,,,,
8.319592598127201e-05,0.002674945630133152,2025-11-22 06:29:34.948175,,,,,,,,,
8.339343185070902e-05,0.0027169459499418736,2025-11-22 06:29:35.196725,,,,,,,,,
8.191324741346762e-05,0.0028664281126111746,2025-11-22 06:29:35.443187,,,,,,,,,
7.968124555191025e-05,0.0021746978163719177,2025-11-22 06:29:35.686394,,,,,,,,,
7.758110587019473e-05,0.003018847666680813,2025-11-22 06:29:35.937944,,,,,,,,,
8.457054354948923e-05,0.002668362343683839,2025-11-22 06:29:36.173417,,,,,,,,,
8.607354538980871e-05,0.0023134578950703144,2025-11-22 06:29:36.425453,,,,,,,,,
8.403156971326098e-05,0.0026978354435414076,2025-11-22 06:29:36.679498,,,,,,,,,
8.580370922572911e-05,0.002530551515519619,2025-11-22 06:29:36.914690,,,,,,,,,
8.555378735763952e-05,0.002756100846454501,2025-11-22 06:29:37.167628,,,,,,,,,
8.448318112641573e-05,0.0028719448018819094,2025-11-22 06:29:37.407186,,,,,,,,,
8.43999587232247e-05,0.002923224586993456,2025-11-22 06:29:37.649305,,,,,,,,,
8.718050230527297e-05,0.002462118398398161,2025-11-22 06:29:37.909646,,,,,,,,,
8.812035230221227e-05,0.002694409806281328,2025-11-22 06:29:38.150896,,,,,,,,,
8.804900426184759e-05,0.002588617382571101,2025-11-22 06:29:38.397515,,,,,,,,,
8.583265298511833e-05,0.0028824748005717993,2025-11-22 06:29:38.645285,,,,,,,,,
9.106244397116825e-05,0.00272718770429492,2025-11-22 06:29:38.899788,,,,,,,,,
9.127618977800012e-05,0.002382599050179124,2025-11-22 06:29:39.153715,,,,,,,,,
8.779580821283162e-05,0.002312739845365286,2025-11-22 06:29:39.405269,,,,,,,,,
8.746624371269718e-05,0.002657894976437092,2025-11-22 06:29:39.636476,,,,,,,,,
9.202266664942726e-05,0.00265104859136045,2025-11-22 06:29:39.881825,,,,,,,,,
8.946200978243724e-05,0.0027877427637577057,2025-11-22 06:29:40.138563,,,,,,,,,
9.146943921223283e-05,0.002785910852253437,2025-11-22 06:29:40.392917,,,,,,,,,
9.478194988332689e-05,0.0026370424311608076,2025-11-22 06:29:40.645188,,,,,,,,,
8.918307139538229e-05,0.0028645817656069994,2025-11-22 06:29:40.871944,,,,,,,,,
8.69661889737472e-05,0.0024909439962357283,2025-11-22 06:29:41.119104,,,,,,,,,
8.470889588352293e-05,0.002826943062245846,2025-11-22 06:29:41.362362,,,,,,,,,
8.38354681036435e-05,0.0024102909956127405,2025-11-22 06:29:41.609296,,,,,,,,,
8.094041550066322e-05,0.0028948290273547173,2025-11-22 06:29:41.868624,,,,,,,,,
8.081091800704598e-05,0.002171145286411047,2025-11-22 06:29:42.103078,,,,,,,,,
8.049230382312089e-05,0.0029645846225321293,2025-11-22 06:29:42.358701,,,,,,,,,
8.372571755899116e-05,0.0027333444450050592,2025-11-22 06:29:42.617347,,,,,,,,,
8.645416528452188e-05,0.0033715732861310244,2025-11-22 06:29:42.847571,,,,,,,,,
9.305672574555501e-05,0.0025018963497132063,2025-11-22 06:29:43.106910,,,,,,,,,
9.589381807018071e-05,0.0026126804295927286,2025-11-22 06:29:43.343606,,,,,,,,,
9.151489211944863e-05,0.0029076957143843174,2025-11-22 06:29:43.602115,,,,,,,,,
9.611007408238947e-05,0.0026430997531861067,2025-11-22 06:29:43.834778,,,,,,,,,
9.607081301510334e-05,0.002617995487526059,2025-11-22 06:29:44.086974,,,,,,,,,
9.398755355505273e-05,0.002436098176985979,2025-11-22 06:29:44.329092,,,,,,,,,
9.014018723974004e-05,0.002745887264609337,2025-11-22 06:29:44.584816,,,,,,,,,
8.589841309003532e-05,0.0025170540902763605,2025-11-22 06:29:44.826709,,,,,,,,,
8.16925021354109e-05,0.0031714874785393476,2025-11-22 06:29:45.071439,,,,,,,,,
8.532977517461404e-05,0.0022453810088336468,2025-11-22 06:29:45.321831,,,,,,,,,
8.258185698650777e-05,0.0028697941452264786,2025-11-22 06:29:45.566724,,,,,,,,,
8.559894922655076e-05,0.002158648567274213,2025-11-22 06:29:45.822177,,,,,,,,,
8.694665302755311e-05,0.0027017693500965834,2025-11-22 06:29:46.062954,,,,,,,,,
8.597813575761393e-05,0.002480254042893648,2025-11-22 06:29:46.302234,,,,,,,,,
8.171107765519992e-05,0.0028766982723027468,2025-11-22 06:29:46.553781,,,,,,,,,
8.47029295982793e-05,0.0027360902167856693,2025-11-22 06:29:46.800658,,,,,,,,,
9.00745508261025e-05,0.0029972351621836424,2025-11-22 06:29:47.045635,,,,,,,,,
8.423452527495101e-05,0.0025093744043260813,2025-11-22 06:29:47.296545,,,,,,,,,
8.5244799265638e-05,0.0023886761628091335,2025-11-22 06:29:47.537704,,,,,,,,,
8.985492604551837e-05,0.003223621053621173,2025-11-22 06:29:47.785521,,,,,,,,,
8.779203199082986e-05,0.0030195647850632668,2025-11-22 06:29:48.059566,,,,,,,,,
8.234853157773614e-05,0.00331337028183043,2025-11-22 06:29:48.285264,,,,,,,,,
8.996052929433063e-05,0.0027100304141640663,2025-11-22 06:29:48.535182,,,,,,,,,
9.955423593055457e-05,0.0025858546141535044,2025-11-22 06:29:48.790937,,,,,,,,,
9.005647007143125e-05,0.003046700730919838,2025-11-22 06:29:49.036138,,,,,,,,,
8.440381498076022e-05,0.0025874266866594553,2025-11-22 06:29:49.290590,,,,,,,,,
8.853051258483902e-05,0.0029404282104223967,2025-11-22 06:29:49.540972,,,,,,,,,
9.422583389095962e-05,0.002763766795396805,2025-11-22 06:29:49.776581,,,,,,,,,
8.735695155337453e-05,0.0025123402010649443,2025-11-22 06:29:50.034987,,,,,,,,,
8.100850391201675e-05,0.002584872767329216,2025-11-22 06:29:50.290982,,,,,,,,,
8.183581667253748e-05,0.0028306161984801292,2025-11-22 06:29:50.538876,,,,,,,,,
8.458305092062801e-05,0.0032585114240646362,2025-11-22 06:29:50.787477,,,,,,,,,
8.904901187634096e-05,0.0022027967497706413,2025-11-22 06:29:51.037582,,,,,,,,,
9.144203795585781e-05,0.0025482275523245335,2025-11-22 06:29:51.283965,,,,,,,,,
9.673887689132243e-05,0.0032149876933544874,2025-11-22 06:29:51.521491,,,,,,,,,
0.00010192805348196998,0.0020525935105979443,2025-11-22 06:29:51.765205,,,,,,,,,
8.963637810666114e-05,0.002913896692916751,2025-11-22 06:29:52.017061,,,,,,,,,
8.334331505466253e-05,0.003256537253037095,2025-11-22 06:29:52.263575,,,,,,,,,
8.95854682312347e-05,0.0027123091276735067,2025-11-22 06:29:52.513889,,,,,,,,,
9.239514474757016e-05,0.0026121751870959997,2025-11-22 06:29:52.758558,,,,,,,,,
8.453690679743886e-05,0.0024742363020777702,2025-11-22 06:29:53.003822,,,,,,,,,
8.04453156888485e-05,0.003072249237447977,2025-11-22 06:29:53.249613,,,,,,,,,
8.582924056099728e-05,0.0027962266467511654,2025-11-22 06:29:53.496640,,,,,,,,,
8.620056178187951e-05,0.0029427320696413517,2025-11-22 06:29:53.742920,,,,,,,,,
8.706343214726076e-05,0.003536562668159604,2025-11-22 06:29:54.000675,,,,,,,,,
9.437688277103007e-05,0.0025307179894298315,2025-11-22 06:29:54.238116,,,,,,,,,
9.555253200232983e-05,0.002482610521838069,2025-11-22 06:29:54.485117,,,,,,,,,
9.038500138558447e-05,0.002268286421895027,2025-11-22 06:29:54.739173,,,,,,,,,
9.016225521918386e-05,0.0028914331924170256,2025-11-22 06:29:54.978019,,,,,,,,,
9.637384937377647e-05,0.00242296583019197,2025-11-22 06:29:55.224750,,,,,,,,,
9.163973300019279e-05,0.0027879260014742613,2025-11-22 06:29:55.470088,,,,,,,,,
8.806832920527086e-05,0.0028273086063563824,2025-11-22 06:29:55.727924,,,,,,,,,
9.3203540018294e-05,0.0024620487820357084,2025-11-22 06:29:55.968413,,,,,,,,,
9.415715612703934e-05,0.0028893211856484413,2025-11-22 06:29:56.220285,,,,,,,,,
8.842253009788692e-05,0.002436906797811389,2025-11-22 06:29:56.462247,,,,,,,,,
8.181339944712818e-05,0.0024727564305067062,2025-11-22 06:29:56.716345,,,,,,,,,
8.736618474358693e-05,0.002644798019900918,2025-11-22 06:29:56.966299,,,,,,,,,
9.213678276864812e-05,0.002966697560623288,2025-11-22 06:29:57.209329,,,,,,,,,
8.864299161359668e-05,0.00271879555657506,2025-11-22 06:29:57.456304,,,,,,,,,
8.338806946994737e-05,0.002749928506091237,2025-11-22 06:29:57.701086,,,,,,,,,
8.312393765663728e-05,0.002749692415818572,2025-11-22 06:29:57.951418,,,,,,,,,
8.971925126388669e-05,0.0029581477865576744,2025-11-22 06:29:58.198468,,,,,,,,,
8.639385487185791e-05,0.002474620006978512,2025-11-22 06:29:58.447740,,,,,,,,,
8.116255776258186e-05,0.0024779667146503925,2025-11-22 06:29:58.694896,,,,,,,,,
7.946982077555731e-05,0.0027026780880987644,2025-11-22 06:29:58.938239,,,,,,,,,
8.330905984621495e-05,0.002564782742410898,2025-11-22 06:29:59.206356,,,,,,,,,
8.592622907599434e-05,0.0031062678899616003,2025-11-22 06:29:59.438151,,,,,,,,,
8.680313476361334e-05,0.0024823450949043036,2025-11-22 06:29:59.695693,,,,,,,,,
8.802842785371467e-05,0.0029918465297669172,2025-11-22 06:29:59.944020,,,,,,,,,
9.366754238726571e-05,0.0024638972245156765,2025-11-22 06:30:00.187492,,,,,,,,,
8.952372445492074e-05,0.0027418574318289757,2025-11-22 06:30:00.437262,,,,,,,,,
8.848957804730162e-05,0.002676441101357341,2025-11-22 06:30:00.683169,,,,,,,,,
9.20117599889636e-05,0.0024560480378568172,2025-11-22 06:30:00.944268,,,,,,,,,
8.849328878568485e-05,0.0026932561304420233,2025-11-22 06:30:01.177645,,,,,,,,,
8.516357047483325e-05,0.0026794401928782463,2025-11-22 06:30:01.422546,,,,,,,,,
8.774194429861382e-05,0.0023896058555692434,2025-11-22 06:30:01.671568,,,,,,,,,
8.527713362127542e-05,0.002614930970594287,2025-11-22 06:30:01.917343,,,,,,,,,
8.372031152248383e-05,0.002911952091380954,2025-11-22 06:30:02.162017,,,,,,,,,
8.384575630770996e-05,0.002781744347885251,2025-11-22 06:30:02.410776,,,,,,,,,
8.206177153624594e-05,0.0020899027585983276,2025-11-22 06:30:02.656366,,,,,,,,,
7.923390512587503e-05,0.002791810780763626,2025-11-22 06:30:02.900890,,,,,,,,,
7.952002488309518e-05,0.0023970489855855703,2025-11-22 06:30:03.151243,,,,,,,,,
8.165016333805397e-05,0.0023051390890032053,2025-11-22 06:30:03.411256,,,,,,,,,
8.457631338387728e-05,0.0027181569021195173,2025-11-22 06:30:03.658248,,,,,,,,,
8.428256842307746e-05,0.002400217577815056,2025-11-22 06:30:03.894959,,,,,,,,,
8.347244147444144e-05,0.0023405314423143864,2025-11-22 06:30:04.141895,,,,,,,,,
8.455235365545377e-05,0.0026876581832766533,2025-11-22 06:30:04.391504,,,,,,,,,
8.744437946006656e-05,0.0026908027939498425,2025-11-22 06:30:04.640347,,,,,,,,,
8.849360892781988e-05,0.0026261676102876663,2025-11-22 06:30:04.901385,,,,,,,,,
8.742640056880191e-05,0.0030987130012363195,2025-11-22 06:30:05.131300,,,,,,,,,
8.877547952579334e-05,0.002513380954042077,2025-11-22 06:30:05.390642,,,,,,,,,
8.861697278916836e-05,0.002864309586584568,2025-11-22 06:30:05.632587,,,,,,,,,
8.95737175596878e-05,0.0025865824427455664,2025-11-22 06:30:05.883425,,,,,,,,,
8.709452959010378e-05,0.0027811068575829268,2025-11-22 06:30:06.131368,,,,,,,,,
8.887936564860865e-05,0.0021349929738789797,2025-11-22 06:30:06.376270,,,,,,,,,
8.609460201114416e-05,0.0027341977693140507,2025-11-22 06:30:06.618275,,,,,,,,,
,,2025-11-22 06:30:06.729806,8.734434009561987e-05,0.0026830818177485424,0.00075,,,,,,
,,2025-11-22 06:30:15.163904,,,,26.671979904174805,8.620500564575195,,,,
,,2025-11-22 06:30:15.165326,,,,,,8.6768894107081e-05,0.002462712671751013,26.671979904174805,8.620500564575195
8.6768894107081e-05,0.002683546394109726,2025-11-22 06:30:19.888511,,,,,,,,,
8.875208732206374e-05,0.0027122837491333485,2025-11-22 06:30:20.257323,,,,,,,,,
9.305521962232888e-05,0.0022931331768631935,2025-11-22 06:30:20.511874,,,,,,,,,
9.006237814901397e-05,0.002688666107133031,2025-11-22 06:30:20.746068,,,,,,,,,
8.680958853801712e-05,0.0025686481967568398,2025-11-22 06:30:20.992901,,,,,,,,,
8.650719973957166e-05,0.002297814004123211,2025-11-22 06:30:21.241732,,,,,,,,,
8.29637938295491e-05,0.0027815860230475664,2025-11-22 06:30:21.488533,,,,,,,,,
8.293188875541091e-05,0.0029508022125810385,2025-11-22 06:30:21.732434,,,,,,,,,
8.169676584657282e-05,0.0026144711300730705,2025-11-22 06:30:21.993168,,,,,,,,,
8.071399497566745e-05,0.002776353619992733,2025-11-22 06:30:22.222500,,,,,,,,,
8.106655877782032e-05,0.002726746955886483,2025-11-22 06:30:22.476827,,,,,,,,,
8.717125456314534e-05,0.002808417659252882,2025-11-22 06:30:22.720073,,,,,,,,,
8.974374213721603e-05,0.002440063515678048,2025-11-22 06:30:22.965895,,,,,,,,,
8.810276631265879e-05,0.002506556222215295,2025-11-22 06:30:23.212818,,,,,,,,,
8.720391633687541e-05,0.002896647434681654,2025-11-22 06:30:23.469233,,,,,,,,,
8.841279486659914e-05,0.0024191183038055897,2025-11-22 06:30:23.721985,,,,,,,,,
8.639618317829445e-05,0.002680681413039565,2025-11-22 06:30:23.985059,,,,,,,,,
8.496394730173051e-05,0.0026625320315361023,2025-11-22 06:30:24.225498,,,,,,,,,
8.369686838705093e-05,0.002307818504050374,2025-11-22 06:30:24.466482,,,,,,,,,
8.369916758965701e-05,0.0026474101468920708,2025-11-22 06:30:24.714376,,,,,,,,,
8.563065057387576e-05,0.0028167555574327707,2025-11-22 06:30:24.971468,,,,,,,,,
8.785280078882352e-05,0.0026997202076017857,2025-11-22 06:30:25.205072,,,,,,,,,
8.819535287329927e-05,0.002542179776355624,2025-11-22 06:30:25.452754,,,,,,,,,
8.412671741098166e-05,0.0028071922715753317,2025-11-22 06:30:25.695502,,,,,,,,,
8.409879228565842e-05,0.003013857174664736,2025-11-22 06:30:25.945132,,,,,,,,,
8.861140668159351e-05,0.0025965666864067316,2025-11-22 06:30:26.185690,,,,,,,,,
8.674206037539989e-05,0.002909141592681408,2025-11-22 06:30:26.429237,,,,,,,,,
8.590923971496522e-05,0.0028817399870604277,2025-11-22 06:30:26.687033,,,,,,,,,
8.799618080956861e-05,0.002828579396009445,2025-11-22 06:30:26.927858,,,,,,,,,
8.956786041380838e-05,0.00271163834258914,2025-11-22 06:30:27.171662,,,,,,,,,
8.923416316974908e-05,0.0023477422073483467,2025-11-22 06:30:27.421796,,,,,,,,,
8.83958928170614e-05,0.003033216344192624,2025-11-22 06:30:27.666382,,,,,,,,,
9.338910604128614e-05,0.0026868279092013836,2025-11-22 06:30:27.912006,,,,,,,,,
9.234667959390208e-05,0.0023145286832004786,2025-11-22 06:30:28.155511,,,,,,,,,
8.674871060065925e-05,0.0029440305661410093,2025-11-22 06:30:28.404647,,,,,,,,,
8.872096805134788e-05,0.0027000633999705315,2025-11-22 06:30:28.651109,,,,,,,,,
9.096357825910673e-05,0.002737039467319846,2025-11-22 06:30:28.897115,,,,,,,,,
8.421631355304271e-05,0.0023051185999065638,2025-11-22 06:30:29.142543,,,,,,,,,
8.726657688384876e-05,0.002197936177253723,2025-11-22 06:30:29.392802,,,,,,,,,
9.069798397831619e-05,0.0023003583773970604,2025-11-22 06:30:29.634385,,,,,,,,,
8.976166282081977e-05,0.0027625395450741053,2025-11-22 06:30:29.880451,,,,,,,,,
8.776027971180156e-05,0.002425892511382699,2025-11-22 06:30:30.129484,,,,,,,,,
8.733378490433097e-05,0.0024313891772180796,2025-11-22 06:30:30.372841,,,,,,,,,
9.077587310457602e-05,0.0025861982721835375,2025-11-22 06:30:30.634276,,,,,,,,,
8.858545334078372e-05,0.0028411850798875093,2025-11-22 06:30:30.869828,,,,,,,,,
8.355750469490886e-05,0.0027754385955631733,2025-11-22 06:30:31.129130,,,,,,,,,
8.484057616442442e-05,0.002311452990397811,2025-11-22 06:30:31.361934,,,,,,,,,
8.59877181937918e-05,0.0025979371275752783,2025-11-22 06:30:31.606627,,,,,,,,,
8.531050843885168e-05,0.0030077409464865923,2025-11-22 06:30:31.851889,,,,,,,,,
8.438454096904024e-05,0.002767873927950859,2025-11-22 06:30:32.104083,,,,,,,,,
8.620302833151072e-05,0.002343902364373207,2025-11-22 06:30:32.346577,,,,,,,,,
8.784424426266924e-05,0.0021686472464352846,2025-11-22 06:30:32.593708,,,,,,,,,
8.769182750256732e-05,0.002622063271701336,2025-11-22 06:30:32.842932,,,,,,,,,
8.738259202800691e-05,0.0026920256204903126,2025-11-22 06:30:33.096383,,,,,,,,,
8.941026317188516e-05,0.0026309515815228224,2025-11-22 06:30:33.342353,,,,,,,,,
8.741611236473545e-05,0.002969447523355484,2025-11-22 06:30:33.596233,,,,,,,,,
8.490107575198635e-05,0.0024230966810137033,2025-11-22 06:30:33.833231,,,,,,,,,
8.333302685059607e-05,0.0025231419131159782,2025-11-22 06:30:34.078264,,,,,,,,,
8.143341256072745e-05,0.003153428202494979,2025-11-22 06:30:34.330365,,,,,,,,,
8.260042523033917e-05,0.0025254026986658573,2025-11-22 06:30:34.572119,,,,,,,,,
8.529175102012232e-05,0.0028567633125931025,2025-11-22 06:30:34.820092,,,,,,,,,
8.609291398897767e-05,0.0026820392813533545,2025-11-22 06:30:35.062559,,,,,,,,,
8.779033669270575e-05,0.0025250311009585857,2025-11-22 06:30:35.309510,,,,,,,,,
8.955942757893354e-05,0.002323310589417815,2025-11-22 06:30:35.561220,,,,,,,,,
8.726090891286731e-05,0.0029349629767239094,2025-11-22 06:30:35.801752,,,,,,,,,
9.096267604036257e-05,0.0026102338451892138,2025-11-22 06:30:36.050864,,,,,,,,,
8.888228330761194e-05,0.0025627745781093836,2025-11-22 06:30:36.306973,,,,,,,,,
8.465872815577313e-05,0.0031291688792407513,2025-11-22 06:30:36.546852,,,,,,,,,
8.358986087841913e-05,0.002404948463663459,2025-11-22 06:30:36.796743,,,,,,,,,
8.542338036932051e-05,0.0024787026923149824,2025-11-22 06:30:37.037043,,,,,,,,,
8.595812687417492e-05,0.0029950460884720087,2025-11-22 06:30:37.283942,,,,,,,,,
9.123054769588634e-05,0.002756364643573761,2025-11-22 06:30:37.530439,,,,,,,,,
8.958642138168216e-05,0.0024362148251384497,2025-11-22 06:30:37.777819,,,,,,,,,
8.78795690368861e-05,0.002723796060308814,2025-11-22 06:30:38.026363,,,,,,,,,
9.207284892909229e-05,0.0024887591134756804,2025-11-22 06:30:38.285294,,,,,,,,,
9.049213986145332e-05,0.0023434250615537167,2025-11-22 06:30:38.521022,,,,,,,,,
8.555302338209003e-05,0.002288906369358301,2025-11-22 06:30:38.774388,,,,,,,,,
8.468289161100984e-05,0.0024275723844766617,2025-11-22 06:30:39.014930,,,,,,,,,
8.499154500896111e-05,0.002577761886641383,2025-11-22 06:30:39.261241,,,,,,,,,
8.431000605924055e-05,0.002329218667000532,2025-11-22 06:30:39.509397,,,,,,,,,
8.32176738185808e-05,0.0029818806797266006,2025-11-22 06:30:39.754135,,,,,,,,,
8.929397154133767e-05,0.0021736391354352236,2025-11-22 06:30:39.999496,,,,,,,,,
8.816387708066031e-05,0.002556249964982271,2025-11-22 06:30:40.244314,,,,,,,,,
8.664592314744368e-05,0.0023192893713712692,2025-11-22 06:30:40.500193,,,,,,,,,
8.880983659764752e-05,0.0027021055575460196,2025-11-22 06:30:40.738808,,,,,,,,,
9.175285958917812e-05,0.002167428843677044,2025-11-22 06:30:40.983442,,,,,,,,,
8.718002209207043e-05,0.0023391058202832937,2025-11-22 06:30:41.227930,,,,,,,,,
8.351853466592729e-05,0.0030832448974251747,2025-11-22 06:30:41.474484,,,,,,,,,
8.590733341407031e-05,0.002969932509586215,2025-11-22 06:30:41.722484,,,,,,,,,
8.554014493711293e-05,0.002114173723384738,2025-11-22 06:30:41.967464,,,,,,,,,
8.088834147201851e-05,0.003044653218239546,2025-11-22 06:30:42.219571,,,,,,,,,
8.342845103470609e-05,0.00270839873701334,2025-11-22 06:30:42.460259,,,,,,,,,
8.953311044024304e-05,0.0028126356191933155,2025-11-22 06:30:42.710370,,,,,,,,,
9.082719043362886e-05,0.002804114017635584,2025-11-22 06:30:42.974220,,,,,,,,,
9.015986870508641e-05,0.002763345604762435,2025-11-22 06:30:43.200795,,,,,,,,,
9.278696234105155e-05,0.003110462799668312,2025-11-22 06:30:43.448361,,,,,,,,,
9.51028850977309e-05,0.0022430229000747204,2025-11-22 06:30:43.718409,,,,,,,,,
9.294424671679735e-05,0.002441114978864789,2025-11-22 06:30:43.949003,,,,,,,,,
9.051073720911518e-05,0.002386808628216386,2025-11-22 06:30:44.198343,,,,,,,,,
9.088162914849818e-05,0.00254759076051414,2025-11-22 06:30:44.456150,,,,,,,,,
9.121225593844429e-05,0.002503222320228815,2025-11-22 06:30:44.700455,,,,,,,,,
8.801076182862744e-05,0.002616870915517211,2025-11-22 06:30:44.937948,,,,,,,,,
8.555922249797732e-05,0.0027266074903309345,2025-11-22 06:30:45.198441,,,,,,,,,
8.437503129243851e-05,0.002602384891360998,2025-11-22 06:30:45.437527,,,,,,,,,
8.253718260675669e-05,0.003152313409373164,2025-11-22 06:30:45.682771,,,,,,,,,
8.634459663880989e-05,0.002659084741026163,2025-11-22 06:30:45.931109,,,,,,,,,
8.634105324745178e-05,0.0031097240280359983,2025-11-22 06:30:46.184426,,,,,,,,,
8.869104203768075e-05,0.002516234526410699,2025-11-22 06:30:46.421809,,,,,,,,,
9.205825335811824e-05,0.002554509788751602,2025-11-22 06:30:46.678772,,,,,,,,,
9.336501534562558e-05,0.0028323535807430744,2025-11-22 06:30:46.921252,,,,,,,,,
9.374625369673595e-05,0.002322589047253132,2025-11-22 06:30:47.177152,,,,,,,,,
9.083608165383339e-05,0.0027393402997404337,2025-11-22 06:30:47.419405,,,,,,,,,
8.564027666579932e-05,0.0025302942376583815,2025-11-22 06:30:47.667905,,,,,,,,,
8.521601557731628e-05,0.002760090632364154,2025-11-22 06:30:47.913213,,,,,,,,,
8.144848834490404e-05,0.0025922150816768408,2025-11-22 06:30:48.156754,,,,,,,,,
8.122741564875469e-05,0.0030979616567492485,2025-11-22 06:30:48.402055,,,,,,,,,
9.002703154692426e-05,0.0024664094671607018,2025-11-22 06:30:48.678075,,,,,,,,,
9.076629794435576e-05,0.0026676063425838947,2025-11-22 06:30:48.917600,,,,,,,,,
8.531229104846716e-05,0.0022725118324160576,2025-11-22 06:30:49.156296,,,,,,,,,
8.344187517650425e-05,0.002742417622357607,2025-11-22 06:30:49.413702,,,,,,,,,
8.829482248984277e-05,0.002603258239105344,2025-11-22 06:30:49.651104,,,,,,,,,
8.317895117215812e-05,0.00290454039350152,2025-11-22 06:30:49.898337,,,,,,,,,
8.158088894560933e-05,0.002583775669336319,2025-11-22 06:30:50.144240,,,,,,,,,
8.560845162719488e-05,0.00269153225235641,2025-11-22 06:30:50.402815,,,,,,,,,
8.665679342811927e-05,0.0022657220251858234,2025-11-22 06:30:50.646175,,,,,,,,,
8.174736285582185e-05,0.0025394533295184374,2025-11-22 06:30:50.892624,,,,,,,,,
8.072150376392528e-05,0.002593627432361245,2025-11-22 06:30:51.149492,,,,,,,,,
8.503135177306831e-05,0.003025148995220661,2025-11-22 06:30:51.387140,,,,,,,,,
8.555099338991567e-05,0.002491390099748969,2025-11-22 06:30:51.636948,,,,,,,,,
8.426952990703285e-05,0.0022160073276609182,2025-11-22 06:30:51.880209,,,,,,,,,
8.491613698424771e-05,0.002655850723385811,2025-11-22 06:30:52.142292,,,,,,,,,
8.582758891861886e-05,0.0026328791864216328,2025-11-22 06:30:52.371894,,,,,,,,,
8.556943794246763e-05,0.0025044737849384546,2025-11-22 06:30:52.625846,,,,,,,,,
8.456391515210271e-05,0.0024044581223279238,2025-11-22 06:30:52.865101,,,,,,,,,
8.608689677203074e-05,0.002687745960429311,2025-11-22 06:30:53.118095,,,,,,,,,
8.684796193847433e-05,0.0025360635481774807,2025-11-22 06:30:53.363157,,,,,,,,,
8.367289410671219e-05,0.002665837062522769,2025-11-22 06:30:53.607982,,,,,,,,,
8.381745283259079e-05,0.0029436207842081785,2025-11-22 06:30:53.859819,,,,,,,,,
8.569359488319606e-05,0.002288093091920018,2025-11-22 06:30:54.115038,,,,,,,,,
8.406008419115096e-05,0.002697776770219207,2025-11-22 06:30:54.361591,,,,,,,,,
8.66580376168713e-05,0.00270603084936738,2025-11-22 06:30:54.609252,,,,,,,,,
9.208804840454832e-05,0.0024122416507452726,2025-11-22 06:30:54.856434,,,,,,,,,
8.942093700170517e-05,0.0025302707217633724,2025-11-22 06:30:55.100445,,,,,,,,,
8.951186464400962e-05,0.0022465705405920744,2025-11-22 06:30:55.347054,,,,,,,,,
,,2025-11-22 06:30:55.491107,8.693638114386381e-05,0.002623837457374773,0.00075,,,,,,
,,2025-11-22 06:31:03.821958,,,,26.606708526611328,8.715456008911133,,,,
,,2025-11-22 06:31:03.823459,,,,,,8.808285621433661e-05,0.0024103711699493802,26.606708526611328,8.715456008911133
8.808285929262638e-05,0.0027880524285137653,2025-11-22 06:31:07.930554,,,,,,,,,
8.62872984725982e-05,0.0023791068233549595,2025-11-22 06:31:08.171108,,,,,,,,,
8.191902452381328e-05,0.0023856530897319317,2025-11-22 06:31:08.434131,,,,,,,,,
8.177592098945752e-05,0.002219674177467823,2025-11-22 06:31:08.676226,,,,,,,,,
8.085356967058033e-05,0.002303082961589098,2025-11-22 06:31:08.932901,,,,,,,,,
8.113605144899338e-05,0.0028222957625985146,2025-11-22 06:31:09.160263,,,,,,,,,
8.336496830452234e-05,0.0027478544507175684,2025-11-22 06:31:09.405898,,,,,,,,,
8.420219091931358e-05,0.0024930580984801054,2025-11-22 06:31:09.656257,,,,,,,,,
8.381369843846187e-05,0.0019235018407925963,2025-11-22 06:31:09.901449,,,,,,,,,
8.284723298856989e-05,0.0024942446034401655,2025-11-22 06:31:10.142908,,,,,,,,,
8.116380195133388e-05,0.0027737950440496206,2025-11-22 06:31:10.399046,,,,,,,,,
8.24288435978815e-05,0.002255959203466773,2025-11-22 06:31:10.646058,,,,,,,,,
7.936288602650166e-05,0.002757667563855648,2025-11-22 06:31:10.884717,,,,,,,,,
7.973972242325544e-05,0.002710851142182946,2025-11-22 06:31:11.136926,,,,,,,,,
8.32667647046037e-05,0.0028590974397957325,2025-11-22 06:31:11.379195,,,,,,,,,
8.676358993398026e-05,0.0024895432870835066,2025-11-22 06:31:11.634207,,,,,,,,,
8.788020204519853e-05,0.0024904373567551374,2025-11-22 06:31:11.874422,,,,,,,,,
9.123844938585535e-05,0.002542932517826557,2025-11-22 06:31:12.121908,,,,,,,,,
9.369735926156864e-05,0.002583918161690235,2025-11-22 06:31:12.367231,,,,,,,,,
9.211496217176318e-05,0.0030799030791968107,2025-11-22 06:31:12.620366,,,,,,,,,
8.596992120146751e-05,0.0029607461765408516,2025-11-22 06:31:12.864189,,,,,,,,,
8.728238026378676e-05,0.002656013472005725,2025-11-22 06:31:13.108148,,,,,,,,,
8.949782204581425e-05,0.002670564688742161,2025-11-22 06:31:13.358450,,,,,,,,,
8.220641757361591e-05,0.0026365213561803102,2025-11-22 06:31:13.601478,,,,,,,,,
7.941658259369433e-05,0.0026600980199873447,2025-11-22 06:31:13.850623,,,,,,,,,
8.708066161489114e-05,0.002742683282122016,2025-11-22 06:31:14.103633,,,,,,,,,
9.314112685387954e-05,0.0028401098679751158,2025-11-22 06:31:14.335978,,,,,,,,,
8.613419777248055e-05,0.0027799103409051895,2025-11-22 06:31:14.584546,,,,,,,,,
8.514954970451072e-05,0.002409345004707575,2025-11-22 06:31:14.824444,,,,,,,,,
9.157641761703417e-05,0.0026956077199429274,2025-11-22 06:31:15.076700,,,,,,,,,
9.368181054014713e-05,0.0025875370483845472,2025-11-22 06:31:15.319961,,,,,,,,,
8.489543688483536e-05,0.0030583974439650774,2025-11-22 06:31:15.563374,,,,,,,,,
8.567068289266899e-05,0.0029092109762132168,2025-11-22 06:31:15.808866,,,,,,,,,
9.362922719446942e-05,0.002456106711179018,2025-11-22 06:31:16.054278,,,,,,,,,
9.349092579213902e-05,0.0022498152684420347,2025-11-22 06:31:16.308098,,,,,,,,,
8.807716949377209e-05,0.002471023239195347,2025-11-22 06:31:16.567700,,,,,,,,,
8.883538248483092e-05,0.0030308489222079515,2025-11-22 06:31:16.814643,,,,,,,,,
9.147245873464271e-05,0.003038594964891672,2025-11-22 06:31:17.063155,,,,,,,,,
8.882128167897463e-05,0.002859858563169837,2025-11-22 06:31:17.300185,,,,,,,,,
8.708514360478148e-05,0.002673373557627201,2025-11-22 06:31:17.547894,,,,,,,,,
8.81976229720749e-05,0.0025596548803150654,2025-11-22 06:31:17.804221,,,,,,,,,
8.818766218610108e-05,0.0026522837579250336,2025-11-22 06:31:18.049281,,,,,,,,,
8.774830348556861e-05,0.0025739818811416626,2025-11-22 06:31:18.294675,,,,,,,,,
8.709135727258399e-05,0.002530133817344904,2025-11-22 06:31:18.540088,,,,,,,,,
8.674019773025066e-05,0.0026730229146778584,2025-11-22 06:31:18.808037,,,,,,,,,
8.563884330214933e-05,0.002830041339620948,2025-11-22 06:31:19.042563,,,,,,,,,
8.431961032329127e-05,0.0025929796975106,2025-11-22 06:31:19.286871,,,,,,,,,
8.404887921642512e-05,0.0023682645987719297,2025-11-22 06:31:19.530813,,,,,,,,,
8.267676457762718e-05,0.002557657193392515,2025-11-22 06:31:19.788318,,,,,,,,,
8.506895392201841e-05,0.0026920163072645664,2025-11-22 06:31:20.025837,,,,,,,,,
8.724348299438134e-05,0.0028030131943523884,2025-11-22 06:31:20.282946,,,,,,,,,
9.107943333219737e-05,0.0025845773052424192,2025-11-22 06:31:20.523337,,,,,,,,,
9.606116509530693e-05,0.0021828182507306337,2025-11-22 06:31:20.764849,,,,,,,,,
9.699025395093486e-05,0.002602814231067896,2025-11-22 06:31:21.013632,,,,,,,,,
9.131393017014489e-05,0.002034741686657071,2025-11-22 06:31:21.256273,,,,,,,,,
8.403944957535714e-05,0.0028225050773471594,2025-11-22 06:31:21.502774,,,,,,,,,
8.46629700390622e-05,0.00269589782692492,2025-11-22 06:31:21.749738,,,,,,,,,
8.466665894957259e-05,0.0029150189366191626,2025-11-22 06:31:21.996969,,,,,,,,,
8.694458665559068e-05,0.00188825570512563,2025-11-22 06:31:22.243639,,,,,,,,,
8.713603165233508e-05,0.002933263313025236,2025-11-22 06:31:22.492788,,,,,,,,,
8.703387720743194e-05,0.0026388298720121384,2025-11-22 06:31:22.743742,,,,,,,,,
9.215993486577645e-05,0.0024296704214066267,2025-11-22 06:31:22.994001,,,,,,,,,
9.107760706683621e-05,0.0027030811179429293,2025-11-22 06:31:23.252062,,,,,,,,,
9.360645344713703e-05,0.0025613002944737673,2025-11-22 06:31:23.506520,,,,,,,,,
9.154964209301397e-05,0.002391764195635915,2025-11-22 06:31:23.740453,,,,,,,,,
8.929229079512879e-05,0.002378821140155196,2025-11-22 06:31:23.985489,,,,,,,,,
8.585971227148548e-05,0.0020967749878764153,2025-11-22 06:31:24.233292,,,,,,,,,
8.028098091017455e-05,0.002776434412226081,2025-11-22 06:31:24.486756,,,,,,,,,
8.246621291618794e-05,0.0029703269246965647,2025-11-22 06:31:24.725912,,,,,,,,,
8.524591976311058e-05,0.002631263341754675,2025-11-22 06:31:24.977771,,,,,,,,,
8.279976464109495e-05,0.0030176613945513964,2025-11-22 06:31:25.225253,,,,,,,,,
8.641420572530478e-05,0.002699809381738305,2025-11-22 06:31:25.470467,,,,,,,,,
9.396776295034215e-05,0.0023735612630844116,2025-11-22 06:31:25.727549,,,,,,,,,
9.193133882945403e-05,0.0024981761816889048,2025-11-22 06:31:25.967354,,,,,,,,,
8.524410077370703e-05,0.002214941428974271,2025-11-22 06:31:26.218289,,,,,,,,,
8.121883729472756e-05,0.002392318332567811,2025-11-22 06:31:26.470507,,,,,,,,,
8.157958654919639e-05,0.002452216111123562,2025-11-22 06:31:26.706486,,,,,,,,,
7.711027137702331e-05,0.0029177069664001465,2025-11-22 06:31:26.961699,,,,,,,,,
8.125244494294748e-05,0.0025331394281238317,2025-11-22 06:31:27.212588,,,,,,,,,
8.589919889345765e-05,0.0030825750436633825,2025-11-22 06:31:27.447395,,,,,,,,,
9.332004992756993e-05,0.002503638155758381,2025-11-22 06:31:27.696296,,,,,,,,,
9.253788448404521e-05,0.0024872252251952887,2025-11-22 06:31:27.944164,,,,,,,,,
9.381761628901586e-05,0.0024644602090120316,2025-11-22 06:31:28.198739,,,,,,,,,
9.143788338406011e-05,0.0025911577977240086,2025-11-22 06:31:28.438179,,,,,,,,,
8.807202539173886e-05,0.002693294547498226,2025-11-22 06:31:28.682003,,,,,,,,,
8.709313988219947e-05,0.0022530776914209127,2025-11-22 06:31:28.928283,,,,,,,,,
8.284674549940974e-05,0.002444322919473052,2025-11-22 06:31:29.172927,,,,,,,,,
7.995172927621752e-05,0.0021906381007283926,2025-11-22 06:31:29.421654,,,,,,,,,
8.194845577236265e-05,0.002851279452443123,2025-11-22 06:31:29.667752,,,,,,,,,
8.447530854027718e-05,0.0027456588577479124,2025-11-22 06:31:29.911146,,,,,,,,,
8.759134652791545e-05,0.002658222336322069,2025-11-22 06:31:30.165314,,,,,,,,,
8.43958550831303e-05,0.0029362996574491262,2025-11-22 06:31:30.410936,,,,,,,,,
8.453970804112032e-05,0.002559714950621128,2025-11-22 06:31:30.668131,,,,,,,,,
8.756687020650133e-05,0.002379570621997118,2025-11-22 06:31:30.932192,,,,,,,,,
8.506388985551894e-05,0.0025027054361999035,2025-11-22 06:31:31.167943,,,,,,,,,
8.400563820032403e-05,0.002631234237924218,2025-11-22 06:31:31.411032,,,,,,,,,
8.714359137229621e-05,0.0025362465530633926,2025-11-22 06:31:31.659214,,,,,,,,,
8.549235644750297e-05,0.0026785549707710743,2025-11-22 06:31:31.915015,,,,,,,,,
8.981553401099518e-05,0.0025457635056227446,2025-11-22 06:31:32.154118,,,,,,,,,
9.341906115878373e-05,0.002602647989988327,2025-11-22 06:31:32.406863,,,,,,,,,
9.485297050559893e-05,0.0023953041527420282,2025-11-22 06:31:32.664176,,,,,,,,,
8.986370812635869e-05,0.002491872990503907,2025-11-22 06:31:32.903821,,,,,,,,,
8.623547182651237e-05,0.0027138295117765665,2025-11-22 06:31:33.145586,,,,,,,,,
8.499905379721895e-05,0.00265285256318748,2025-11-22 06:31:33.396618,,,,,,,,,
8.567070472054183e-05,0.002622394822537899,2025-11-22 06:31:33.643037,,,,,,,,,
8.753703150432557e-05,0.002871760865673423,2025-11-22 06:31:33.909576,,,,,,,,,
8.75965051818639e-05,0.002022899454459548,2025-11-22 06:31:34.146215,,,,,,,,,
8.607169729657471e-05,0.0024759669322520494,2025-11-22 06:31:34.389576,,,,,,,,,
9.059059084393084e-05,0.002205770695582032,2025-11-22 06:31:34.634027,,,,,,,,,
8.691281982464716e-05,0.00260829902254045,2025-11-22 06:31:34.882880,,,,,,,,,
8.450012683169916e-05,0.0023971525952219963,2025-11-22 06:31:35.130049,,,,,,,,,
8.710050315130502e-05,0.0026280207093805075,2025-11-22 06:31:35.386663,,,,,,,,,
8.55438265716657e-05,0.0025774314999580383,2025-11-22 06:31:35.624878,,,,,,,,,
8.187352068489417e-05,0.0031082548666745424,2025-11-22 06:31:35.877037,,,,,,,,,
8.592523954575881e-05,0.0027328527066856623,2025-11-22 06:31:36.145013,,,,,,,,,
8.910620090318844e-05,0.0024817357771098614,2025-11-22 06:31:36.380740,,,,,,,,,
8.738437463762239e-05,0.0027821918483823538,2025-11-22 06:31:36.636587,,,,,,,,,
8.581303700339049e-05,0.0022850779350847006,2025-11-22 06:31:36.877874,,,,,,,,,
8.227599028032273e-05,0.0024986460339277983,2025-11-22 06:31:37.120630,,,,,,,,,
8.282870840048417e-05,0.002381374593824148,2025-11-22 06:31:37.368814,,,,,,,,,
8.276470907730982e-05,0.0021832722704857588,2025-11-22 06:31:37.617064,,,,,,,,,
8.310499106300995e-05,0.0025366968475282192,2025-11-22 06:31:37.862280,,,,,,,,,
8.313329453812912e-05,0.002723230980336666,2025-11-22 06:31:38.109515,,,,,,,,,
8.530978811904788e-05,0.0023170465137809515,2025-11-22 06:31:38.356820,,,,,,,,,
8.569058263674378e-05,0.0023276079446077347,2025-11-22 06:31:38.604310,,,,,,,,,
8.285522199003026e-05,0.0026691847015172243,2025-11-22 06:31:38.853293,,,,,,,,,
8.914716454455629e-05,0.002283266745507717,2025-11-22 06:31:39.105791,,,,,,,,,
8.874970080796629e-05,0.0024573097471147776,2025-11-22 06:31:39.356902,,,,,,,,,
8.611277007730678e-05,0.002273588441312313,2025-11-22 06:31:39.610753,,,,,,,,,
8.353689918294549e-05,0.0025864909403026104,2025-11-22 06:31:39.852006,,,,,,,,,
8.26436371426098e-05,0.0026417174376547337,2025-11-22 06:31:40.096428,,,,,,,,,
8.267758676083758e-05,0.0024480042047798634,2025-11-22 06:31:40.348659,,,,,,,,,
8.265158976428211e-05,0.002330579562112689,2025-11-22 06:31:40.589397,,,,,,,,,
8.387530397158116e-05,0.0026562539860606194,2025-11-22 06:31:40.858390,,,,,,,,,
8.344669913640246e-05,0.002662242855876684,2025-11-22 06:31:41.084598,,,,,,,,,
8.088775211945176e-05,0.002494204556569457,2025-11-22 06:31:41.330509,,,,,,,,,
8.423847611993551e-05,0.002567036310210824,2025-11-22 06:31:41.576305,,,,,,,,,
8.883461850928143e-05,0.002744823694229126,2025-11-22 06:31:41.823660,,,,,,,,,
8.680094470037147e-05,0.002163347089663148,2025-11-22 06:31:42.084057,,,,,,,,,
8.652925316710025e-05,0.002796431304886937,2025-11-22 06:31:42.319569,,,,,,,,,
8.99871374713257e-05,0.002653185511007905,2025-11-22 06:31:42.565312,,,,,,,,,
9.365232108393684e-05,0.0030239075422286987,2025-11-22 06:31:42.814630,,,,,,,,,
9.53667622525245e-05,0.0026023334357887506,2025-11-22 06:31:43.061596,,,,,,,,,
9.411919745616615e-05,0.0026903757825493813,2025-11-22 06:31:43.318655,,,,,,,,,
,,2025-11-22 06:31:43.379322,8.662662129508035e-05,0.002581679520921575,0.00075,,,,,,
,,2025-11-22 06:31:52.109733,,,,26.344694137573242,8.835163116455078,,,,
,,2025-11-22 06:31:52.110920,,,,,,9.356055698635128e-05,0.002343931692079283,26.344694137573242,8.835163116455078
9.356054943054914e-05,0.002381949219852686,2025-11-22 06:31:56.578381,,,,,,,,,
8.880017412593588e-05,0.0025615114718675613,2025-11-22 06:31:56.805607,,,,,,,,,
8.142106526065618e-05,0.002364968881011009,2025-11-22 06:31:57.037946,,,,,,,,,
7.923063094494864e-05,0.002810410689562559,2025-11-22 06:31:57.284082,,,,,,,,,
8.377808262594044e-05,0.002542877336964011,2025-11-22 06:31:57.531892,,,,,,,,,
8.61882435856387e-05,0.0022827901411801577,2025-11-22 06:31:57.784165,,,,,,,,,
8.128878835123032e-05,0.0023160295095294714,2025-11-22 06:31:58.046947,,,,,,,,,
8.750886627240106e-05,0.002677201060578227,2025-11-22 06:31:58.279569,,,,,,,,,
9.150026016868651e-05,0.0028252776246517897,2025-11-22 06:31:58.524181,,,,,,,,,
9.13059338927269e-05,0.002112703863531351,2025-11-22 06:31:58.769058,,,,,,,,,
8.524517033947632e-05,0.0024481951259076595,2025-11-22 06:31:59.024124,,,,,,,,,
8.209937368519604e-05,0.0024403485003858805,2025-11-22 06:31:59.259262,,,,,,,,,
8.033939229790121e-05,0.00316690094769001,2025-11-22 06:31:59.508911,,,,,,,,,
8.679573511471972e-05,0.002969186520203948,2025-11-22 06:31:59.755570,,,,,,,,,
8.809567952994257e-05,0.0031934117432683706,2025-11-22 06:32:00.001809,,,,,,,,,
9.389362821821123e-05,0.0025189765729010105,2025-11-22 06:32:00.247982,,,,,,,,,
9.506454080110416e-05,0.002685733139514923,2025-11-22 06:32:00.494783,,,,,,,,,
9.291187598137185e-05,0.0024454789236187935,2025-11-22 06:32:00.750824,,,,,,,,,
9.053469693753868e-05,0.002633006079122424,2025-11-22 06:32:00.987145,,,,,,,,,
9.315872011939064e-05,0.0022382584866136312,2025-11-22 06:32:01.241845,,,,,,,,,
8.917345985537395e-05,0.002347669331356883,2025-11-22 06:32:01.492636,,,,,,,,,
8.259849710157141e-05,0.0024618960451334715,2025-11-22 06:32:01.727846,,,,,,,,,
8.142329170368612e-05,0.0022688978351652622,2025-11-22 06:32:01.984031,,,,,,,,,
8.160563447745517e-05,0.0026846600230783224,2025-11-22 06:32:02.228020,,,,,,,,,
8.413703471887857e-05,0.0027324093971401453,2025-11-22 06:32:02.474429,,,,,,,,,
8.313397120218724e-05,0.0026075392961502075,2025-11-22 06:32:02.731488,,,,,,,,,
8.210337546188384e-05,0.002371582668274641,2025-11-22 06:32:02.976890,,,,,,,,,
8.67991111590527e-05,0.0029383059591054916,2025-11-22 06:32:03.211256,,,,,,,,,
9.440894791623577e-05,0.0026163901202380657,2025-11-22 06:32:03.457670,,,,,,,,,
9.362814307678491e-05,0.0019530636491253972,2025-11-22 06:32:03.704299,,,,,,,,,
8.666310168337077e-05,0.002628154121339321,2025-11-22 06:32:03.962641,,,,,,,,,
8.561228605685756e-05,0.002561041619628668,2025-11-22 06:32:04.195967,,,,,,,,,
8.701172191649675e-05,0.003069499274715781,2025-11-22 06:32:04.446313,,,,,,,,,
8.825422264635563e-05,0.0027714958414435387,2025-11-22 06:32:04.703433,,,,,,,,,
8.6014078988228e-05,0.0027341695968061686,2025-11-22 06:32:04.940943,,,,,,,,,
8.953830547397956e-05,0.003132948651909828,2025-11-22 06:32:05.202172,,,,,,,,,
9.170857083518058e-05,0.0024302604142576456,2025-11-22 06:32:05.438160,,,,,,,,,
8.48392301122658e-05,0.002619832055643201,2025-11-22 06:32:05.687880,,,,,,,,,
8.470560715068132e-05,0.0022107104305177927,2025-11-22 06:32:05.943670,,,,,,,,,
8.662968321004882e-05,0.002636741381138563,2025-11-22 06:32:06.193605,,,,,,,,,
8.313911530422047e-05,0.0028560052160173655,2025-11-22 06:32:06.432411,,,,,,,,,
8.148260531015694e-05,0.00231567258015275,2025-11-22 06:32:06.675389,,,,,,,,,
7.906688551884145e-05,0.003063636366277933,2025-11-22 06:32:06.920743,,,,,,,,,
8.184093167074025e-05,0.002095647156238556,2025-11-22 06:32:07.167369,,,,,,,,,
8.330414857482538e-05,0.0023653791286051273,2025-11-22 06:32:07.411393,,,,,,,,,
8.52270022733137e-05,0.0023571571800857782,2025-11-22 06:32:07.660345,,,,,,,,,
8.155983232427388e-05,0.0025280644185841084,2025-11-22 06:32:07.916622,,,,,,,,,
8.200356387533247e-05,0.002600349485874176,2025-11-22 06:32:08.156459,,,,,,,,,
8.426271233474836e-05,0.00260346126742661,2025-11-22 06:32:08.398314,,,,,,,,,
8.304923539981246e-05,0.002914620563387871,2025-11-22 06:32:08.645490,,,,,,,,,
8.403685933444649e-05,0.0024889472406357527,2025-11-22 06:32:08.915580,,,,,,,,,
8.509317558491603e-05,0.002476606285199523,2025-11-22 06:32:09.136476,,,,,,,,,
8.795798203209415e-05,0.002304781461134553,2025-11-22 06:32:09.382434,,,,,,,,,
9.12110335775651e-05,0.0025880271568894386,2025-11-22 06:32:09.630792,,,,,,,,,
9.512884571449831e-05,0.002606414258480072,2025-11-22 06:32:09.892267,,,,,,,,,
9.247065463569015e-05,0.002640129765495658,2025-11-22 06:32:10.131339,,,,,,,,,
8.889423043001443e-05,0.0021743238903582096,2025-11-22 06:32:10.370805,,,,,,,,,
8.436222560703754e-05,0.002419855212792754,2025-11-22 06:32:10.617705,,,,,,,,,
8.299096953123808e-05,0.0024845392908900976,2025-11-22 06:32:10.891506,,,,,,,,,
7.903481309767812e-05,0.002493196399882436,2025-11-22 06:32:11.129683,,,,,,,,,
8.125950989779085e-05,0.00279313325881958,2025-11-22 06:32:11.361822,,,,,,,,,
8.232062828028575e-05,0.0024466055911034346,2025-11-22 06:32:11.608521,,,,,,,,,
8.300411718664691e-05,0.0025409816298633814,2025-11-22 06:32:11.853249,,,,,,,,,
8.701355545781553e-05,0.002550881588831544,2025-11-22 06:32:12.109173,,,,,,,,,
8.985203021438792e-05,0.002790141850709915,2025-11-22 06:32:12.353531,,,,,,,,,
8.679932216182351e-05,0.0024502382148057222,2025-11-22 06:32:12.606781,,,,,,,,,
8.461668767267838e-05,0.0024050413630902767,2025-11-22 06:32:12.853959,,,,,,,,,
8.805469406070188e-05,0.002278882311657071,2025-11-22 06:32:13.102940,,,,,,,,,
8.611891098553315e-05,0.002626783447340131,2025-11-22 06:32:13.350561,,,,,,,,,
8.528264152118936e-05,0.002309168688952923,2025-11-22 06:32:13.594595,,,,,,,,,
8.607160998508334e-05,0.002352762734517455,2025-11-22 06:32:13.837865,,,,,,,,,
8.303496724693105e-05,0.0028650143649429083,2025-11-22 06:32:14.087797,,,,,,,,,
8.346918184543028e-05,0.0021617780439555645,2025-11-22 06:32:14.332815,,,,,,,,,
8.654182602185756e-05,0.0026637441478669643,2025-11-22 06:32:14.597972,,,,,,,,,
8.740997145650908e-05,0.0021851123310625553,2025-11-22 06:32:14.847105,,,,,,,,,
8.27397161629051e-05,0.0021072523668408394,2025-11-22 06:32:15.082395,,,,,,,,,
7.917629409348592e-05,0.0023059891536831856,2025-11-22 06:32:15.326835,,,,,,,,,
7.988746074261144e-05,0.002363518113270402,2025-11-22 06:32:15.577639,,,,,,,,,
7.986567652551457e-05,0.002582613145932555,2025-11-22 06:32:15.817746,,,,,,,,,
8.060529944486916e-05,0.002248253207653761,2025-11-22 06:32:16.071665,,,,,,,,,
7.963630196172744e-05,0.0025623447727411985,2025-11-22 06:32:16.326800,,,,,,,,,
8.63554232637398e-05,0.002424682956188917,2025-11-22 06:32:16.563866,,,,,,,,,
9.05971901374869e-05,0.0023482870310544968,2025-11-22 06:32:16.812053,,,,,,,,,
8.88971917447634e-05,0.002404355676844716,2025-11-22 06:32:17.064673,,,,,,,,,
8.967392204795033e-05,0.0026604144368320704,2025-11-22 06:32:17.306859,,,,,,,,,
8.748028631089255e-05,0.002418271964415908,2025-11-22 06:32:17.556516,,,,,,,,,
8.068233000813052e-05,0.0027374806813895702,2025-11-22 06:32:17.821580,,,,,,,,,
8.000708476174623e-05,0.0025367385242134333,2025-11-22 06:32:18.051358,,,,,,,,,
8.458265801891685e-05,0.002425228478386998,2025-11-22 06:32:18.294812,,,,,,,,,
8.089898619800806e-05,0.0030603869818150997,2025-11-22 06:32:18.542677,,,,,,,,,
8.541850547771901e-05,0.002340007107704878,2025-11-22 06:32:18.792217,,,,,,,,,
9.126184886554256e-05,0.002483680611476302,2025-11-22 06:32:19.054777,,,,,,,,,
9.362966375192627e-05,0.002714337781071663,2025-11-22 06:32:19.289681,,,,,,,,,
9.514451812719926e-05,0.002654156880453229,2025-11-22 06:32:19.540655,,,,,,,,,
9.45588544709608e-05,0.0025076991878449917,2025-11-22 06:32:19.782525,,,,,,,,,
9.355333168059587e-05,0.002685015555471182,2025-11-22 06:32:20.029179,,,,,,,,,
8.792227163212374e-05,0.002566632581874728,2025-11-22 06:32:20.275309,,,,,,,,,
8.389233698835596e-05,0.002878300379961729,2025-11-22 06:32:20.532520,,,,,,,,,
8.408214489463717e-05,0.0022869266103953123,2025-11-22 06:32:20.777285,,,,,,,,,
8.387805428355932e-05,0.0022529636044055223,2025-11-22 06:32:21.030836,,,,,,,,,
8.002656977623701e-05,0.0029642817098647356,2025-11-22 06:32:21.273080,,,,,,,,,
8.450644236290827e-05,0.002642690669745207,2025-11-22 06:32:21.530018,,,,,,,,,
8.461081597488374e-05,0.0030482029542326927,2025-11-22 06:32:21.768467,,,,,,,,,
8.835775952320546e-05,0.001880076015368104,2025-11-22 06:32:22.011044,,,,,,,,,
8.58734201756306e-05,0.0025707073509693146,2025-11-22 06:32:22.268500,,,,,,,,,
8.425398846156895e-05,0.0024203513748943806,2025-11-22 06:32:22.510725,,,,,,,,,
8.466910367133096e-05,0.0021567270159721375,2025-11-22 06:32:22.763854,,,,,,,,,
8.420627273153514e-05,0.0024028976913541555,2025-11-22 06:32:23.008363,,,,,,,,,
8.526374585926533e-05,0.0024031561333686113,2025-11-22 06:32:23.275284,,,,,,,,,
8.339474152307957e-05,0.00302077061496675,2025-11-22 06:32:23.539403,,,,,,,,,
8.616636478109285e-05,0.0022355096880346537,2025-11-22 06:32:23.770604,,,,,,,,,
8.599707507528365e-05,0.002497697016224265,2025-11-22 06:32:24.017315,,,,,,,,,
8.575542597100139e-05,0.0024879693519324064,2025-11-22 06:32:24.264942,,,,,,,,,
9.029224020196125e-05,0.0027994585689157248,2025-11-22 06:32:24.512868,,,,,,,,,
9.321016113972291e-05,0.0023930207826197147,2025-11-22 06:32:24.770831,,,,,,,,,
8.975002128863707e-05,0.0023829820565879345,2025-11-22 06:32:25.022120,,,,,,,,,
9.335709182778373e-05,0.002699455013498664,2025-11-22 06:32:25.258761,,,,,,,,,
9.412531653651968e-05,0.0024502663873136044,2025-11-22 06:32:25.502732,,,,,,,,,
8.82215827004984e-05,0.00219968450255692,2025-11-22 06:32:25.746140,,,,,,,,,
8.384957618545741e-05,0.0030590598471462727,2025-11-22 06:32:25.996577,,,,,,,,,
8.592329686507583e-05,0.002658132230862975,2025-11-22 06:32:26.242877,,,,,,,,,
8.522755524609238e-05,0.0022041916381567717,2025-11-22 06:32:26.486363,,,,,,,,,
7.769950752845034e-05,0.0027294419705867767,2025-11-22 06:32:26.734789,,,,,,,,,
8.684872591402382e-05,0.0027286186814308167,2025-11-22 06:32:26.990815,,,,,,,,,
9.805886656977236e-05,0.002466653473675251,2025-11-22 06:32:27.245460,,,,,,,,,
8.933270873967558e-05,0.002100714948028326,2025-11-22 06:32:27.482503,,,,,,,,,
8.538652036804706e-05,0.0027398907113820314,2025-11-22 06:32:27.732286,,,,,,,,,
9.197815234074369e-05,0.0027015446685254574,2025-11-22 06:32:27.980131,,,,,,,,,
9.322030382463709e-05,0.002271505305543542,2025-11-22 06:32:28.231133,,,,,,,,,
8.207446808228269e-05,0.002553521189838648,2025-11-22 06:32:28.477571,,,,,,,,,
7.64603610150516e-05,0.0027522058226168156,2025-11-22 06:32:28.725324,,,,,,,,,
8.346132381120697e-05,0.0024581903126090765,2025-11-22 06:32:28.974828,,,,,,,,,
8.809155406197533e-05,0.0027799566742032766,2025-11-22 06:32:29.232297,,,,,,,,,
8.918096864363179e-05,0.0025815917178988457,2025-11-22 06:32:29.469557,,,,,,,,,
8.919274841900915e-05,0.0026347257662564516,2025-11-22 06:32:29.720542,,,,,,,,,
9.097361180465668e-05,0.002709445543587208,2025-11-22 06:32:29.961156,,,,,,,,,
9.561984916217625e-05,0.0026238770224153996,2025-11-22 06:32:30.230274,,,,,,,,,
9.144860814558342e-05,0.002594771096482873,2025-11-22 06:32:30.465542,,,,,,,,,
8.662574691697955e-05,0.002370505826547742,2025-11-22 06:32:30.711565,,,,,,,,,
8.422657992923632e-05,0.0024728896096348763,2025-11-22 06:32:30.961646,,,,,,,,,
8.591079676989466e-05,0.002418849151581526,2025-11-22 06:32:31.212937,,,,,,,,,
8.260252798208967e-05,0.0024351899046450853,2025-11-22 06:32:31.462584,,,,,,,,,
7.967412238940597e-05,0.0022313324734568596,2025-11-22 06:32:31.706346,,,,,,,,,
8.198540308512747e-05,0.0028305919840931892,2025-11-22 06:32:31.953113,,,,,,,,,
,,2025-11-22 06:32:32.019803,8.625830231620866e-05,0.002538252831275006,0.00075,,,,,,
,,2025-11-22 06:32:40.160312,,,,26.691253662109375,8.708457946777344,,,,
,,2025-11-22 06:32:40.161632,,,,,,8.638467988930643e-05,0.00241369426322098,26.691253662109375,8.708457946777344
8.638467988930643e-05,0.002738595474511385,2025-11-22 06:32:44.265997,,,,,,,,,
8.465923019684851e-05,0.0023354231379926205,2025-11-22 06:32:44.512059,,,,,,,,,
8.4759718447458e-05,0.002059340476989746,2025-11-22 06:32:44.755992,,,,,,,,,
8.539384725736454e-05,0.00245473999530077,2025-11-22 06:32:45.002217,,,,,,,,,
8.709143003216013e-05,0.0024610867258161306,2025-11-22 06:32:45.250260,,,,,,,,,
8.227850048569962e-05,0.0025971527211368084,2025-11-22 06:32:45.493913,,,,,,,,,
7.932473090477288e-05,0.002943228231742978,2025-11-22 06:32:45.738335,,,,,,,,,
8.341875218320638e-05,0.0028417701832950115,2025-11-22 06:32:45.993623,,,,,,,,,
8.902147237677127e-05,0.0024748549330979586,2025-11-22 06:32:46.244662,,,,,,,,,
8.449592860415578e-05,0.0024112570099532604,2025-11-22 06:32:46.480664,,,,,,,,,
8.392830932280049e-05,0.0027520712465047836,2025-11-22 06:32:46.727762,,,,,,,,,
9.229149873135611e-05,0.0023458218201994896,2025-11-22 06:32:46.971898,,,,,,,,,
9.623395453672856e-05,0.0021414109505712986,2025-11-22 06:32:47.215000,,,,,,,,,
9.058701107278466e-05,0.002505848417058587,2025-11-22 06:32:47.461003,,,,,,,,,
8.642010652692989e-05,0.0028578320052474737,2025-11-22 06:32:47.709324,,,,,,,,,
8.794496534392238e-05,0.002551571698859334,2025-11-22 06:32:47.965156,,,,,,,,,
8.146703476086259e-05,0.002534670289605856,2025-11-22 06:32:48.207596,,,,,,,,,
8.109569898806512e-05,0.002814321778714657,2025-11-22 06:32:48.448145,,,,,,,,,
8.56750484672375e-05,0.002402291167527437,2025-11-22 06:32:48.693877,,,,,,,,,
8.338587213074788e-05,0.002647701185196638,2025-11-22 06:32:48.940264,,,,,,,,,
8.129594789352268e-05,0.0027280841022729874,2025-11-22 06:32:49.186637,,,,,,,,,
8.55702965054661e-05,0.0024301421362906694,2025-11-22 06:32:49.445693,,,,,,,,,
8.950501069193706e-05,0.0023051125463098288,2025-11-22 06:32:49.694675,,,,,,,,,
8.746827370487154e-05,0.0029871624428778887,2025-11-22 06:32:49.942308,,,,,,,,,
8.372390584554523e-05,0.0023921870160847902,2025-11-22 06:32:50.178632,,,,,,,,,
8.556107786716893e-05,0.002640410792082548,2025-11-22 06:32:50.433803,,,,,,,,,
8.714124123798683e-05,0.002429954009130597,2025-11-22 06:32:50.668122,,,,,,,,,
8.427962166024372e-05,0.0022078033071011305,2025-11-22 06:32:50.921819,,,,,,,,,
7.99511035438627e-05,0.0023995235096663237,2025-11-22 06:32:51.164400,,,,,,,,,
8.355919271707535e-05,0.00256875017657876,2025-11-22 06:32:51.412203,,,,,,,,,
8.611936209490523e-05,0.0022642717231065035,2025-11-22 06:32:51.658124,,,,,,,,,
8.364125096704811e-05,0.002158462069928646,2025-11-22 06:32:51.897324,,,,,,,,,
8.109091140795499e-05,0.0029459400102496147,2025-11-22 06:32:52.145939,,,,,,,,,
8.73780736583285e-05,0.002725152065977454,2025-11-22 06:32:52.387763,,,,,,,,,
9.097298607230186e-05,0.0023615946993231773,2025-11-22 06:32:52.633937,,,,,,,,,
8.460417302558199e-05,0.002080808859318495,2025-11-22 06:32:52.876148,,,,,,,,,
8.107919711619616e-05,0.0025957978796213865,2025-11-22 06:32:53.123947,,,,,,,,,
8.559165144106373e-05,0.002779533853754401,2025-11-22 06:32:53.369620,,,,,,,,,
8.866323332767934e-05,0.0024666108656674623,2025-11-22 06:32:53.614287,,,,,,,,,
8.68175775394775e-05,0.002330369083210826,2025-11-22 06:32:53.862395,,,,,,,,,
8.621800952823833e-05,0.002811125013977289,2025-11-22 06:32:54.107499,,,,,,,,,
9.001835860544816e-05,0.002348559210076928,2025-11-22 06:32:54.357075,,,,,,,,,
8.934249490266666e-05,0.0020601418800652027,2025-11-22 06:32:54.605790,,,,,,,,,
8.371745207114145e-05,0.00257292203605175,2025-11-22 06:32:54.851519,,,,,,,,,
8.295652514789253e-05,0.0026919981464743614,2025-11-22 06:32:55.094389,,,,,,,,,
8.830223669065163e-05,0.0025585799012333155,2025-11-22 06:32:55.339610,,,,,,,,,
9.017826232593507e-05,0.002536273328587413,2025-11-22 06:32:55.585370,,,,,,,,,
8.78729042597115e-05,0.00230452511459589,2025-11-22 06:32:55.836700,,,,,,,,,
8.932681521400809e-05,0.0024721978697925806,2025-11-22 06:32:56.083055,,,,,,,,,
8.947448077378795e-05,0.00202957889996469,2025-11-22 06:32:56.326347,,,,,,,,,
8.275298750959337e-05,0.0023923960980027914,2025-11-22 06:32:56.571519,,,,,,,,,
7.730517972959206e-05,0.002674899995326996,2025-11-22 06:32:56.835751,,,,,,,,,
8.514923683833331e-05,0.002304985886439681,2025-11-22 06:32:57.075641,,,,,,,,,
8.896162762539461e-05,0.0021505653858184814,2025-11-22 06:32:57.318477,,,,,,,,,
8.351847645826638e-05,0.0022219293750822544,2025-11-22 06:32:57.563326,,,,,,,,,
8.002646791283041e-05,0.0023330431431531906,2025-11-22 06:32:57.814319,,,,,,,,,
8.319018525071442e-05,0.003130164695903659,2025-11-22 06:32:58.059108,,,,,,,,,
8.981854625744745e-05,0.002944902516901493,2025-11-22 06:32:58.316941,,,,,,,,,
8.649779920233414e-05,0.0030240111518651247,2025-11-22 06:32:58.548269,,,,,,,,,
8.497573435306549e-05,0.0022423374466598034,2025-11-22 06:32:58.796876,,,,,,,,,
8.64554094732739e-05,0.002509446581825614,2025-11-22 06:32:59.040136,,,,,,,,,
8.721676567802206e-05,0.00245526316575706,2025-11-22 06:32:59.291699,,,,,,,,,
8.646203059470281e-05,0.002454739063978195,2025-11-22 06:32:59.535052,,,,,,,,,
8.964171865954995e-05,0.0023734087590128183,2025-11-22 06:32:59.780569,,,,,,,,,
9.100452734855935e-05,0.0023040035739541054,2025-11-22 06:33:00.026983,,,,,,,,,
8.881460962584242e-05,0.0024260703939944506,2025-11-22 06:33:00.285954,,,,,,,,,
8.332286961376667e-05,0.002734630834311247,2025-11-22 06:33:00.530012,,,,,,,,,
8.731689013075083e-05,0.002175364177674055,2025-11-22 06:33:00.772133,,,,,,,,,
8.811203588265926e-05,0.002504894742742181,2025-11-22 06:33:01.017348,,,,,,,,,
8.536282985005528e-05,0.00230906018987298,2025-11-22 06:33:01.275396,,,,,,,,,
8.262949995696545e-05,0.0023439519573003054,2025-11-22 06:33:01.521567,,,,,,,,,
8.49418283905834e-05,0.0024809606838971376,2025-11-22 06:33:01.768968,,,,,,,,,
8.955220982898027e-05,0.0026578176766633987,2025-11-22 06:33:02.010288,,,,,,,,,
8.86984562384896e-05,0.002316504018381238,2025-11-22 06:33:02.267501,,,,,,,,,
8.80692241480574e-05,0.0025247305165976286,2025-11-22 06:33:02.507306,,,,,,,,,
9.196071914630011e-05,0.002542775822803378,2025-11-22 06:33:02.766795,,,,,,,,,
9.119646711042151e-05,0.0021617095917463303,2025-11-22 06:33:03.003155,,,,,,,,,
8.651186362840235e-05,0.002227640710771084,2025-11-22 06:33:03.250173,,,,,,,,,
8.681346662342548e-05,0.0026489379815757275,2025-11-22 06:33:03.504963,,,,,,,,,
8.53796664159745e-05,0.0024665207602083683,2025-11-22 06:33:03.750103,,,,,,,,,
7.876279414631426e-05,0.0026142187416553497,2025-11-22 06:33:04.000119,,,,,,,,,
7.96561362221837e-05,0.0026308740489184856,2025-11-22 06:33:04.247693,,,,,,,,,
8.575755055062473e-05,0.002865344053134322,2025-11-22 06:33:04.498477,,,,,,,,,
9.068669896805659e-05,0.0020886301063001156,2025-11-22 06:33:04.738180,,,,,,,,,
8.655131387058645e-05,0.002304625930264592,2025-11-22 06:33:04.995799,,,,,,,,,
8.71953452588059e-05,0.0026790446136146784,2025-11-22 06:33:05.235371,,,,,,,,,
8.800790965324268e-05,0.002469866769388318,2025-11-22 06:33:05.483095,,,,,,,,,
8.548351615900174e-05,0.002505771117284894,2025-11-22 06:33:05.728804,,,,,,,,,
8.649017399875447e-05,0.0025168831925839186,2025-11-22 06:33:05.984206,,,,,,,,,
8.834847540128976e-05,0.0027534111868590117,2025-11-22 06:33:06.238652,,,,,,,,,
8.507609163643792e-05,0.002533041639253497,2025-11-22 06:33:06.480546,,,,,,,,,
8.321683708345518e-05,0.002805243246257305,2025-11-22 06:33:06.725806,,,,,,,,,
8.57909835758619e-05,0.002602405147626996,2025-11-22 06:33:06.968341,,,,,,,,,
8.838641224429011e-05,0.0023100548423826694,2025-11-22 06:33:07.215724,,,,,,,,,
8.38915366330184e-05,0.0022853193804621696,2025-11-22 06:33:07.460166,,,,,,,,,
8.165660256054252e-05,0.002587790135294199,2025-11-22 06:33:07.710989,,,,,,,,,
8.29897471703589e-05,0.0025688386522233486,2025-11-22 06:33:07.956120,,,,,,,,,
8.513927605235949e-05,0.0023692811373621225,2025-11-22 06:33:08.214463,,,,,,,,,
8.248854283010587e-05,0.0028583055827766657,2025-11-22 06:33:08.461363,,,,,,,,,
8.508840255672112e-05,0.002501365263015032,2025-11-22 06:33:08.700303,,,,,,,,,
9.025850158650428e-05,0.0022820429876446724,2025-11-22 06:33:08.955120,,,,,,,,,
8.665326458867639e-05,0.0023195489775389433,2025-11-22 06:33:09.198565,,,,,,,,,
8.563796291127801e-05,0.0025865095667541027,2025-11-22 06:33:09.443417,,,,,,,,,
8.710961992619559e-05,0.0026409386191517115,2025-11-22 06:33:09.686694,,,,,,,,,
8.45456961542368e-05,0.0025841204915195704,2025-11-22 06:33:09.933112,,,,,,,,,
8.24622402433306e-05,0.0032893072348088026,2025-11-22 06:33:10.181679,,,,,,,,,
8.639377483632416e-05,0.0019382054451853037,2025-11-22 06:33:10.442530,,,,,,,,,
8.487414743285626e-05,0.002814199775457382,2025-11-22 06:33:10.676904,,,,,,,,,
8.496749069308862e-05,0.003061729483306408,2025-11-22 06:33:10.935903,,,,,,,,,
8.873310434864834e-05,0.0027924906462430954,2025-11-22 06:33:11.184729,,,,,,,,,
9.471796511206776e-05,0.0022727735340595245,2025-11-22 06:33:11.422152,,,,,,,,,
9.541229519527406e-05,0.002064026426523924,2025-11-22 06:33:11.665978,,,,,,,,,
9.035429684445262e-05,0.002323223277926445,2025-11-22 06:33:11.921015,,,,,,,,,
8.71501470101066e-05,0.0023233965039253235,2025-11-22 06:33:12.175344,,,,,,,,,
8.348115807166323e-05,0.0023259238805621862,2025-11-22 06:33:12.417981,,,,,,,,,
7.81001290306449e-05,0.003121271263808012,2025-11-22 06:33:12.673781,,,,,,,,,
7.701460708631203e-05,0.002468494698405266,2025-11-22 06:33:12.930603,,,,,,,,,
8.03324583102949e-05,0.002396591240540147,2025-11-22 06:33:13.161686,,,,,,,,,
8.146080654114485e-05,0.0027461135759949684,2025-11-22 06:33:13.415151,,,,,,,,,
8.522607095073909e-05,0.002526606898754835,2025-11-22 06:33:13.674219,,,,,,,,,
8.838062785798684e-05,0.002227440243586898,2025-11-22 06:33:13.906123,,,,,,,,,
9.344993304694071e-05,0.002554187783971429,2025-11-22 06:33:14.160710,,,,,,,,,
9.981456969399005e-05,0.0022942116484045982,2025-11-22 06:33:14.415511,,,,,,,,,
9.106648212764412e-05,0.0023124665021896362,2025-11-22 06:33:14.657585,,,,,,,,,
8.489469473715872e-05,0.002593408338725567,2025-11-22 06:33:14.906552,,,,,,,,,
8.730833360459656e-05,0.002659477759152651,2025-11-22 06:33:15.163840,,,,,,,,,
8.807290578261018e-05,0.002527683274820447,2025-11-22 06:33:15.415384,,,,,,,,,
7.986400305526331e-05,0.0027328687720000744,2025-11-22 06:33:15.650891,,,,,,,,,
7.741074659861624e-05,0.002629231894388795,2025-11-22 06:33:15.896239,,,,,,,,,
8.37213738122955e-05,0.0025363145396113396,2025-11-22 06:33:16.146757,,,,,,,,,
8.64138564793393e-05,0.0024319328367710114,2025-11-22 06:33:16.392369,,,,,,,,,
8.369627175852656e-05,0.0020516549702733755,2025-11-22 06:33:16.636669,,,,,,,,,
8.325569797307253e-05,0.0021731583401560783,2025-11-22 06:33:16.886399,,,,,,,,,
8.575776882935315e-05,0.002386057283729315,2025-11-22 06:33:17.128966,,,,,,,,,
8.596632687840611e-05,0.002394811948761344,2025-11-22 06:33:17.385011,,,,,,,,,
8.093484211713076e-05,0.0023036906495690346,2025-11-22 06:33:17.623940,,,,,,,,,
8.014940249267966e-05,0.0025327028706669807,2025-11-22 06:33:17.871214,,,,,,,,,
8.913598139770329e-05,0.00239537819288671,2025-11-22 06:33:18.120868,,,,,,,,,
9.364372817799449e-05,0.002389655914157629,2025-11-22 06:33:18.371111,,,,,,,,,
8.723651990294456e-05,0.0023183906450867653,2025-11-22 06:33:18.614199,,,,,,,,,
8.348959090653807e-05,0.0026292530819773674,2025-11-22 06:33:18.867715,,,,,,,,,
8.618534047855064e-05,0.002722835401073098,2025-11-22 06:33:19.127553,,,,,,,,,
8.612474630353972e-05,0.0024312674067914486,2025-11-22 06:33:19.372363,,,,,,,,,
7.821800681995228e-05,0.0024948513600975275,2025-11-22 06:33:19.614754,,,,,,,,,
,,2025-11-22 06:33:19.680699,8.589361515179108e-05,0.0024968263185453704,0.00075,,,,,,
,,2025-11-22 06:33:28.473654,,,,27.242298126220703,8.678438186645508,,,,
,,2025-11-22 06:33:28.474992,,,,,,7.609080953093675e-05,0.002431147024393655,27.242298126220703,8.678438186645508
7.609080785186961e-05,0.002788810059428215,2025-11-22 06:33:33.142637,,,,,,,,,
8.335616439580917e-05,0.002469142898917198,2025-11-22 06:33:33.353696,,,,,,,,,
8.295878797071055e-05,0.002227681688964367,2025-11-22 06:33:33.601053,,,,,,,,,
8.646200876682997e-05,0.002834448590874672,2025-11-22 06:33:33.845009,,,,,,,,,
9.354142093798146e-05,0.0028458726592361927,2025-11-22 06:33:34.093847,,,,,,,,,
9.315633360529318e-05,0.002204464515671134,2025-11-22 06:33:34.348132,,,,,,,,,
8.629606600152329e-05,0.002405987586826086,2025-11-22 06:33:34.592174,,,,,,,,,
8.2195176219102e-05,0.0024685233365744352,2025-11-22 06:33:34.836113,,,,,,,,,
8.33817248349078e-05,0.0024156628642231226,2025-11-22 06:33:35.082904,,,,,,,,,
8.13698279671371e-05,0.0025465949438512325,2025-11-22 06:33:35.325415,,,,,,,,,
7.797135913278908e-05,0.002910362556576729,2025-11-22 06:33:35.569102,,,,,,,,,
7.725191971985623e-05,0.0028287358582019806,2025-11-22 06:33:35.825617,,,,,,,,,
8.23435839265585e-05,0.0022980107460170984,2025-11-22 06:33:36.076353,,,,,,,,,
8.796625479590148e-05,0.0024162721820175648,2025-11-22 06:33:36.325702,,,,,,,,,
8.81249870872125e-05,0.00235641747713089,2025-11-22 06:33:36.561059,,,,,,,,,
8.655311103211716e-05,0.002654469106346369,2025-11-22 06:33:36.805841,,,,,,,,,
8.721926860744134e-05,0.0022025483194738626,2025-11-22 06:33:37.055914,,,,,,,,,
9.07683715922758e-05,0.0021215220913290977,2025-11-22 06:33:37.325350,,,,,,,,,
8.919279935071245e-05,0.002109803957864642,2025-11-22 06:33:37.547220,,,,,,,,,
8.421450183959678e-05,0.002722914330661297,2025-11-22 06:33:37.797086,,,,,,,,,
8.688659727340564e-05,0.0022540793288499117,2025-11-22 06:33:38.040896,,,,,,,,,
8.48811978357844e-05,0.0026110440958291292,2025-11-22 06:33:38.294814,,,,,,,,,
8.318105392390862e-05,0.0023807387333363295,2025-11-22 06:33:38.528709,,,,,,,,,
8.327401155838743e-05,0.00212469301186502,2025-11-22 06:33:38.785387,,,,,,,,,
8.113748481264338e-05,0.0022899643518030643,2025-11-22 06:33:39.037154,,,,,,,,,
7.749332871753722e-05,0.0031583476811647415,2025-11-22 06:33:39.282224,,,,,,,,,
8.07868636911735e-05,0.002437114017084241,2025-11-22 06:33:39.524940,,,,,,,,,
8.454960334347561e-05,0.002346751047298312,2025-11-22 06:33:39.781630,,,,,,,,,
8.496661757817492e-05,0.0029452836606651545,2025-11-22 06:33:40.036129,,,,,,,,,
8.867014548741281e-05,0.0023252079263329506,2025-11-22 06:33:40.279529,,,,,,,,,
8.702034392626956e-05,0.002146112732589245,2025-11-22 06:33:40.531171,,,,,,,,,
8.61935259308666e-05,0.00254409690387547,2025-11-22 06:33:40.763629,,,,,,,,,
8.867218275554478e-05,0.0020973188802599907,2025-11-22 06:33:41.006598,,,,,,,,,
8.856899512466043e-05,0.002163979923352599,2025-11-22 06:33:41.253339,,,,,,,,,
8.504342986270785e-05,0.002380074467509985,2025-11-22 06:33:41.509032,,,,,,,,,
8.289317338494584e-05,0.0025422268081456423,2025-11-22 06:33:41.753480,,,,,,,,,
8.417688513873145e-05,0.0024945063050836325,2025-11-22 06:33:41.998318,,,,,,,,,
8.491749758832157e-05,0.0026958133094012737,2025-11-22 06:33:42.241616,,,,,,,,,
8.791574509814382e-05,0.002529698656871915,2025-11-22 06:33:42.489527,,,,,,,,,
8.978089317679405e-05,0.0025474454741925,2025-11-22 06:33:42.735760,,,,,,,,,
8.530237391823903e-05,0.0023869150318205357,2025-11-22 06:33:42.977455,,,,,,,,,
8.33547383081168e-05,0.0023575173690915108,2025-11-22 06:33:43.237928,,,,,,,,,
8.917224477045238e-05,0.0024471948854625225,2025-11-22 06:33:43.478970,,,,,,,,,
9.325311839347705e-05,0.002644238993525505,2025-11-22 06:33:43.726081,,,,,,,,,
8.841537055559456e-05,0.002496541477739811,2025-11-22 06:33:43.974163,,,,,,,,,
8.594027167418972e-05,0.002531880047172308,2025-11-22 06:33:44.231748,,,,,,,,,
8.967687608674169e-05,0.002635324141010642,2025-11-22 06:33:44.463874,,,,,,,,,
9.102277545025572e-05,0.002548609860241413,2025-11-22 06:33:44.717098,,,,,,,,,
8.8025517470669e-05,0.002766381949186325,2025-11-22 06:33:44.972800,,,,,,,,,
8.357369370060042e-05,0.0022164604160934687,2025-11-22 06:33:45.207712,,,,,,,,,
7.995698979357257e-05,0.002589070936664939,2025-11-22 06:33:45.461978,,,,,,,,,
8.472530316794291e-05,0.0024837935343384743,2025-11-22 06:33:45.699157,,,,,,,,,
9.283781400881708e-05,0.002626288216561079,2025-11-22 06:33:45.946320,,,,,,,,,
9.558532474329695e-05,0.002527262084186077,2025-11-22 06:33:46.193154,,,,,,,,,
9.33878545765765e-05,0.002073216252028942,2025-11-22 06:33:46.442021,,,,,,,,,
8.961650019045919e-05,0.002392308786511421,2025-11-22 06:33:46.689047,,,,,,,,,
8.635079575469717e-05,0.0026916232891380787,2025-11-22 06:33:46.933369,,,,,,,,,
8.517198148183525e-05,0.0022961734794080257,2025-11-22 06:33:47.176704,,,,,,,,,
8.275435538962483e-05,0.0030223391950130463,2025-11-22 06:33:47.425357,,,,,,,,,
8.224256453104317e-05,0.002731113228946924,2025-11-22 06:33:47.670265,,,,,,,,,
8.195614645956084e-05,0.002279016887769103,2025-11-22 06:33:47.918081,,,,,,,,,
8.015459025045857e-05,0.0024269255809485912,2025-11-22 06:33:48.170038,,,,,,,,,
8.149731729645282e-05,0.002451950451359153,2025-11-22 06:33:48.406856,,,,,,,,,
8.599433931522071e-05,0.0021164005156606436,2025-11-22 06:33:48.659573,,,,,,,,,
8.559380512451753e-05,0.002164552453905344,2025-11-22 06:33:48.905885,,,,,,,,,
8.017195068532601e-05,0.0025724333245307207,2025-11-22 06:33:49.150780,,,,,,,,,
8.073416393017396e-05,0.0020784225780516863,2025-11-22 06:33:49.400012,,,,,,,,,
8.448421431239694e-05,0.002283301670104265,2025-11-22 06:33:49.642646,,,,,,,,,
8.280303154606372e-05,0.0023714862763881683,2025-11-22 06:33:49.889497,,,,,,,,,
7.827257650205866e-05,0.0019118678756058216,2025-11-22 06:33:50.140040,,,,,,,,,
7.643912977073342e-05,0.002440880285575986,2025-11-22 06:33:50.383682,,,,,,,,,
8.135241660056636e-05,0.002254621358588338,2025-11-22 06:33:50.628962,,,,,,,,,
8.033574704313651e-05,0.002614144003018737,2025-11-22 06:33:50.874859,,,,,,,,,
8.236787107307464e-05,0.0021749327424913645,2025-11-22 06:33:51.139362,,,,,,,,,
8.550503844162449e-05,0.002866122405976057,2025-11-22 06:33:51.389021,,,,,,,,,
9.085434430744499e-05,0.00218552490696311,2025-11-22 06:33:51.627556,,,,,,,,,
8.759258344070986e-05,0.0021792922634631395,2025-11-22 06:33:51.869873,,,,,,,,,
8.396941848332062e-05,0.0024983214680105448,2025-11-22 06:33:52.119050,,,,,,,,,
8.483806595904753e-05,0.0025868925731629133,2025-11-22 06:33:52.362649,,,,,,,,,
8.647576760267839e-05,0.002324717817828059,2025-11-22 06:33:52.610750,,,,,,,,,
8.255201828433201e-05,0.002216572407633066,2025-11-22 06:33:52.869052,,,,,,,,,
8.275193977169693e-05,0.0025490648113191128,2025-11-22 06:33:53.106217,,,,,,,,,
8.72052478371188e-05,0.0024612094275653362,2025-11-22 06:33:53.355247,,,,,,,,,
8.996407996164635e-05,0.0023073675110936165,2025-11-22 06:33:53.602995,,,,,,,,,
8.451300527667627e-05,0.0022555647883564234,2025-11-22 06:33:53.850944,,,,,,,,,
8.28160482342355e-05,0.002464782912284136,2025-11-22 06:33:54.102479,,,,,,,,,
9.11342358449474e-05,0.002410797169432044,2025-11-22 06:33:54.348857,,,,,,,,,
8.948920003604144e-05,0.0022574923932552338,2025-11-22 06:33:54.594101,,,,,,,,,
8.415331831201911e-05,0.002326403046026826,2025-11-22 06:33:54.864354,,,,,,,,,
8.551424252800643e-05,0.002444170182570815,2025-11-22 06:33:55.093348,,,,,,,,,
8.945689478423446e-05,0.002349773421883583,2025-11-22 06:33:55.354605,,,,,,,,,
8.673961565364152e-05,0.0029934069607406855,2025-11-22 06:33:55.589084,,,,,,,,,
8.73440585564822e-05,0.002345102373510599,2025-11-22 06:33:55.833730,,,,,,,,,
8.491989137837663e-05,0.002086738822981715,2025-11-22 06:33:56.094843,,,,,,,,,
8.597718260716647e-05,0.002384953433647752,2025-11-22 06:33:56.344717,,,,,,,,,
8.7710541265551e-05,0.002744012977927923,2025-11-22 06:33:56.577788,,,,,,,,,
8.557544060749933e-05,0.0022650202736258507,2025-11-22 06:33:56.836802,,,,,,,,,
7.987907156348228e-05,0.0023553252685815096,2025-11-22 06:33:57.074195,,,,,,,,,
7.763448957121e-05,0.0023122241254895926,2025-11-22 06:33:57.319415,,,,,,,,,
8.268617239082232e-05,0.00281082303263247,2025-11-22 06:33:57.567762,,,,,,,,,
9.008275083033368e-05,0.0029756862204521894,2025-11-22 06:33:57.816484,,,,,,,,,
8.94077165867202e-05,0.0025583712849766016,2025-11-22 06:33:58.077834,,,,,,,,,
8.935950609156862e-05,0.0018714912002906203,2025-11-22 06:33:58.324781,,,,,,,,,
8.843268733471632e-05,0.002126513747498393,2025-11-22 06:33:58.573499,,,,,,,,,
8.662735490361229e-05,0.00238785520195961,2025-11-22 06:33:58.812026,,,,,,,,,
8.126366446958855e-05,0.0019200608367100358,2025-11-22 06:33:59.061789,,,,,,,,,
7.569234730908647e-05,0.002681617857888341,2025-11-22 06:33:59.313125,,,,,,,,,
7.676154928049073e-05,0.002999657765030861,2025-11-22 06:33:59.564523,,,,,,,,,
7.955277396831661e-05,0.0028124155942350626,2025-11-22 06:33:59.816032,,,,,,,,,
7.964458927745e-05,0.0025454331189393997,2025-11-22 06:34:00.075563,,,,,,,,,
8.325408271048218e-05,0.0026196585968136787,2025-11-22 06:34:00.311338,,,,,,,,,
9.11624010768719e-05,0.0029493458569049835,2025-11-22 06:34:00.572346,,,,,,,,,
9.197073813993484e-05,0.0024469417985528708,2025-11-22 06:34:00.811111,,,,,,,,,
8.70868971105665e-05,0.002418706426396966,2025-11-22 06:34:01.056804,,,,,,,,,
8.606381743447855e-05,0.0027152386028319597,2025-11-22 06:34:01.309282,,,,,,,,,
8.949276525527239e-05,0.0023660145234316587,2025-11-22 06:34:01.553443,,,,,,,,,
8.7781336333137e-05,0.002225450938567519,2025-11-22 06:34:01.811565,,,,,,,,,
8.056786464294419e-05,0.002458643401041627,2025-11-22 06:34:02.059548,,,,,,,,,
7.90925114415586e-05,0.0028785450849682093,2025-11-22 06:34:02.308200,,,,,,,,,
8.732049900572747e-05,0.0028038157615810633,2025-11-22 06:34:02.570111,,,,,,,,,
8.917426021071151e-05,0.002508098492398858,2025-11-22 06:34:02.803746,,,,,,,,,
8.638925646664575e-05,0.0022740219719707966,2025-11-22 06:34:03.046418,,,,,,,,,
8.711759437574074e-05,0.002421395154669881,2025-11-22 06:34:03.302558,,,,,,,,,
8.999637793749571e-05,0.002339778235182166,2025-11-22 06:34:03.555025,,,,,,,,,
8.907453593565151e-05,0.0026228646747767925,2025-11-22 06:34:03.789008,,,,,,,,,
8.416489436058328e-05,0.0018710559234023094,2025-11-22 06:34:04.039454,,,,,,,,,
7.916885078884661e-05,0.0026054091285914183,2025-11-22 06:34:04.288658,,,,,,,,,
7.912405271781608e-05,0.0022237501107156277,2025-11-22 06:34:04.532689,,,,,,,,,
7.897270552348346e-05,0.0026527836453169584,2025-11-22 06:34:04.782158,,,,,,,,,
7.912497676443309e-05,0.0023596095852553844,2025-11-22 06:34:05.031278,,,,,,,,,
8.13315054983832e-05,0.002499258378520608,2025-11-22 06:34:05.278258,,,,,,,,,
8.87822316144593e-05,0.002804606221616268,2025-11-22 06:34:05.528559,,,,,,,,,
9.271510498365387e-05,0.002254720311611891,2025-11-22 06:34:05.771265,,,,,,,,,
8.851105667417869e-05,0.0026222968008369207,2025-11-22 06:34:06.025445,,,,,,,,,
8.966142922872677e-05,0.0020950976759195328,2025-11-22 06:34:06.263378,,,,,,,,,
9.040121221914887e-05,0.0018518533324822783,2025-11-22 06:34:06.511255,,,,,,,,,
8.320904453285038e-05,0.002520536771044135,2025-11-22 06:34:06.772585,,,,,,,,,
8.160310972016305e-05,0.0023970811162143946,2025-11-22 06:34:07.008474,,,,,,,,,
8.117275865515694e-05,0.002546363277360797,2025-11-22 06:34:07.264728,,,,,,,,,
8.446624269708991e-05,0.0025902134366333485,2025-11-22 06:34:07.511994,,,,,,,,,
8.495939255226403e-05,0.0025204771663993597,2025-11-22 06:34:07.784846,,,,,,,,,
8.398119825869799e-05,0.002329607494175434,2025-11-22 06:34:08.014082,,,,,,,,,
8.428003638982773e-05,0.0023910622112452984,2025-11-22 06:34:08.261885,,,,,,,,,
8.285387593787163e-05,0.00224063778296113,2025-11-22 06:34:08.509281,,,,,,,,,
,,2025-11-22 06:34:08.696486,8.515314781713339e-05,0.0024495392483206363,0.00075,,,,,,
,,2025-11-22 06:34:16.407280,,,,26.932161331176758,8.89397144317627,,,,
,,2025-11-22 06:34:16.409572,,,,,,8.17232618059139e-05,0.0023137939323742804,26.932161331176758,8.89397144317627
8.172325760824606e-05,0.0021308402065187693,2025-11-22 06:34:20.775347,,,,,,,,,
8.040296961553395e-05,0.0019486771197989583,2025-11-22 06:34:21.022109,,,,,,,,,
8.007217547856271e-05,0.002294418402016163,2025-11-22 06:34:21.270003,,,,,,,,,
8.189083746401593e-05,0.0024966096971184015,2025-11-22 06:34:21.510816,,,,,,,,,
8.240058377850801e-05,0.0025297831743955612,2025-11-22 06:34:21.769786,,,,,,,,,
8.431194146396592e-05,0.00288685061968863,2025-11-22 06:34:22.007645,,,,,,,,,
8.84872060851194e-05,0.0021983212791383266,2025-11-22 06:34:22.257497,,,,,,,,,
8.49039715831168e-05,0.002032333519309759,2025-11-22 06:34:22.497033,,,,,,,,,
7.838763849576935e-05,0.002325049601495266,2025-11-22 06:34:22.745199,,,,,,,,,
7.942722004372627e-05,0.0025641487445682287,2025-11-22 06:34:22.991471,,,,,,,,,
8.244340278906748e-05,0.0023915781639516354,2025-11-22 06:34:23.246595,,,,,,,,,
8.253111445810646e-05,0.002283077221363783,2025-11-22 06:34:23.483436,,,,,,,,,
7.944834214868024e-05,0.0021775898057967424,2025-11-22 06:34:23.728853,,,,,,,,,
7.966856355778873e-05,0.002522735157981515,2025-11-22 06:34:23.975598,,,,,,,,,
8.370987779926509e-05,0.0024701396469026804,2025-11-22 06:34:24.218838,,,,,,,,,
8.327408431796357e-05,0.0020701601170003414,2025-11-22 06:34:24.472203,,,,,,,,,
8.206778147723526e-05,0.0030416252557188272,2025-11-22 06:34:24.720290,,,,,,,,,
8.784370584180579e-05,0.0025665885768830776,2025-11-22 06:34:24.972840,,,,,,,,,
8.802424417808652e-05,0.002488992176949978,2025-11-22 06:34:25.209133,,,,,,,,,
8.63394234329462e-05,0.002050196984782815,2025-11-22 06:34:25.471672,,,,,,,,,
8.413743489654735e-05,0.0021698453929275274,2025-11-22 06:34:25.699434,,,,,,,,,
8.67144699441269e-05,0.002366656204685569,2025-11-22 06:34:25.948700,,,,,,,,,
8.531907951692119e-05,0.002003152621909976,2025-11-22 06:34:26.194255,,,,,,,,,
8.023901318665594e-05,0.00221162848174572,2025-11-22 06:34:26.455093,,,,,,,,,
7.993057079147547e-05,0.002369318390265107,2025-11-22 06:34:26.686179,,,,,,,,,
8.424720726907253e-05,0.0024212650023400784,2025-11-22 06:34:26.932762,,,,,,,,,
8.250511018559337e-05,0.002732738619670272,2025-11-22 06:34:27.194231,,,,,,,,,
8.169500506483018e-05,0.0019151094602420926,2025-11-22 06:34:27.430326,,,,,,,,,
8.165281178662553e-05,0.002781516872346401,2025-11-22 06:34:27.676164,,,,,,,,,
8.419370715273544e-05,0.002638815436512232,2025-11-22 06:34:27.920084,,,,,,,,,
8.62407759996131e-05,0.002629398601129651,2025-11-22 06:34:28.168275,,,,,,,,,
8.367573900613934e-05,0.002320683328434825,2025-11-22 06:34:28.412772,,,,,,,,,
8.57434788485989e-05,0.0024990825913846493,2025-11-22 06:34:28.656854,,,,,,,,,
8.89210423338227e-05,0.0031572214793413877,2025-11-22 06:34:28.916306,,,,,,,,,
8.932123455451801e-05,0.002560961525887251,2025-11-22 06:34:29.151378,,,,,,,,,
8.398775389650837e-05,0.0028438884764909744,2025-11-22 06:34:29.401980,,,,,,,,,
8.724087820155546e-05,0.002515079453587532,2025-11-22 06:34:29.649551,,,,,,,,,
9.681779192760587e-05,0.0029494003392755985,2025-11-22 06:34:29.892214,,,,,,,,,
9.650459833210334e-05,0.002020081505179405,2025-11-22 06:34:30.138502,,,,,,,,,
8.288916433230042e-05,0.0023787319660186768,2025-11-22 06:34:30.387811,,,,,,,,,
7.977312634466216e-05,0.0025221004616469145,2025-11-22 06:34:30.636207,,,,,,,,,
8.560284186387435e-05,0.0023227648343890905,2025-11-22 06:34:30.885896,,,,,,,,,
8.756385796004906e-05,0.00277963955886662,2025-11-22 06:34:31.126664,,,,,,,,,
8.088774484349415e-05,0.002305942354723811,2025-11-22 06:34:31.375865,,,,,,,,,
8.016299398150295e-05,0.002379775745794177,2025-11-22 06:34:31.625064,,,,,,,,,
8.645645721117035e-05,0.0023908852599561214,2025-11-22 06:34:31.870592,,,,,,,,,
8.95224220585078e-05,0.002875501522794366,2025-11-22 06:34:32.125022,,,,,,,,,
8.526160672772676e-05,0.002371491165831685,2025-11-22 06:34:32.360911,,,,,,,,,
8.5310464783106e-05,0.002429419197142124,2025-11-22 06:34:32.609603,,,,,,,,,
8.868113218341023e-05,0.0023275301791727543,2025-11-22 06:34:32.851848,,,,,,,,,
8.782761142356321e-05,0.0024384078569710255,2025-11-22 06:34:33.113073,,,,,,,,,
8.523562428308651e-05,0.0023135882802307606,2025-11-22 06:34:33.354867,,,,,,,,,
8.579270797781646e-05,0.0026387516409158707,2025-11-22 06:34:33.597255,,,,,,,,,
8.904353308025748e-05,0.00282076932489872,2025-11-22 06:34:33.882904,,,,,,,,,
8.890551544027403e-05,0.0027255858294665813,2025-11-22 06:34:34.113688,,,,,,,,,
8.296861778944731e-05,0.0024797231890261173,2025-11-22 06:34:34.356238,,,,,,,,,
8.216476271627471e-05,0.0024696383625268936,2025-11-22 06:34:34.606999,,,,,,,,,
8.8203014456667e-05,0.0022915909066796303,2025-11-22 06:34:34.847282,,,,,,,,,
9.298927034251392e-05,0.002485693199560046,2025-11-22 06:34:35.090415,,,,,,,,,
8.937507664086297e-05,0.0024761438835412264,2025-11-22 06:34:35.356923,,,,,,,,,
9.006021718960255e-05,0.0024576797150075436,2025-11-22 06:34:35.588970,,,,,,,,,
9.761247201822698e-05,0.0022625187411904335,2025-11-22 06:34:35.833614,,,,,,,,,
9.635186870582402e-05,0.0021642509382218122,2025-11-22 06:34:36.095301,,,,,,,,,
8.724039071239531e-05,0.0020064441487193108,2025-11-22 06:34:36.329947,,,,,,,,,
8.280733891297132e-05,0.002355080796405673,2025-11-22 06:34:36.579204,,,,,,,,,
8.364540553884581e-05,0.002862241119146347,2025-11-22 06:34:36.824132,,,,,,,,,
8.935341611504555e-05,0.0022478147875517607,2025-11-22 06:34:37.071086,,,,,,,,,
8.470375905744731e-05,0.002289166208356619,2025-11-22 06:34:37.317100,,,,,,,,,
8.292964776046574e-05,0.0027856624219566584,2025-11-22 06:34:37.573189,,,,,,,,,
9.234357276000082e-05,0.0024893051013350487,2025-11-22 06:34:37.815254,,,,,,,,,
9.787781891645864e-05,0.0027200805488973856,2025-11-22 06:34:38.057702,,,,,,,,,
9.288273577112705e-05,0.0022743328008800745,2025-11-22 06:34:38.301297,,,,,,,,,
8.783005614532158e-05,0.0021218410693109035,2025-11-22 06:34:38.550080,,,,,,,,,
8.876707579474896e-05,0.002694366965442896,2025-11-22 06:34:38.797967,,,,,,,,,
9.408165351487696e-05,0.002267534611746669,2025-11-22 06:34:39.056140,,,,,,,,,
8.634514233563095e-05,0.002500935923308134,2025-11-22 06:34:39.291283,,,,,,,,,
7.942661613924429e-05,0.002658952958881855,2025-11-22 06:34:39.538955,,,,,,,,,
8.344537491211668e-05,0.002242420334368944,2025-11-22 06:34:39.797931,,,,,,,,,
8.9123313955497e-05,0.002402049256488681,2025-11-22 06:34:40.033136,,,,,,,,,
8.467557927360758e-05,0.002347707748413086,2025-11-22 06:34:40.282551,,,,,,,,,
7.738474232610315e-05,0.0025728510227054358,2025-11-22 06:34:40.523548,,,,,,,,,
7.605388236697763e-05,0.002346910536289215,2025-11-22 06:34:40.773176,,,,,,,,,
7.963422103784978e-05,0.0025655340868979692,2025-11-22 06:34:41.023116,,,,,,,,,
8.346595132024959e-05,0.0026943644043058157,2025-11-22 06:34:41.267603,,,,,,,,,
8.37578481878154e-05,0.002412575064226985,2025-11-22 06:34:41.515133,,,,,,,,,
8.45919203129597e-05,0.0023378469049930573,2025-11-22 06:34:41.772325,,,,,,,,,
8.63157183630392e-05,0.0020263628102838993,2025-11-22 06:34:42.008184,,,,,,,,,
9.340604447061196e-05,0.0019662368576973677,2025-11-22 06:34:42.251343,,,,,,,,,
8.977509423857555e-05,0.0018146912334486842,2025-11-22 06:34:42.498859,,,,,,,,,
8.280925248982385e-05,0.002875855192542076,2025-11-22 06:34:42.751288,,,,,,,,,
8.24466987978667e-05,0.0026162536814808846,2025-11-22 06:34:42.996168,,,,,,,,,
8.313423313666135e-05,0.0022278674878180027,2025-11-22 06:34:43.249599,,,,,,,,,
8.008204895304516e-05,0.0024077491834759712,2025-11-22 06:34:43.490250,,,,,,,,,
7.820424798410386e-05,0.0024778940714895725,2025-11-22 06:34:43.734061,,,,,,,,,
7.857025775592774e-05,0.002441165503114462,2025-11-22 06:34:43.984225,,,,,,,,,
8.394233009312302e-05,0.002287054667249322,2025-11-22 06:34:44.255134,,,,,,,,,
8.470167813356966e-05,0.002659030258655548,2025-11-22 06:34:44.481124,,,,,,,,,
8.170410728780553e-05,0.002379588782787323,2025-11-22 06:34:44.729690,,,,,,,,,
8.421822712989524e-05,0.0027379293460398912,2025-11-22 06:34:44.991098,,,,,,,,,
8.864236588124186e-05,0.002462961245328188,2025-11-22 06:34:45.240510,,,,,,,,,
8.509945473633707e-05,0.002174033084884286,2025-11-22 06:34:45.478596,,,,,,,,,
7.894864393165335e-05,0.00220497720874846,2025-11-22 06:34:45.726366,,,,,,,,,
7.651087798876688e-05,0.0028687899466603994,2025-11-22 06:34:45.970172,,,,,,,,,
8.280523616122082e-05,0.0024849926121532917,2025-11-22 06:34:46.217825,,,,,,,,,
8.650775998830795e-05,0.002639108570292592,2025-11-22 06:34:46.464855,,,,,,,,,
8.644411718705669e-05,0.002029962372034788,2025-11-22 06:34:46.715921,,,,,,,,,
8.604822505731136e-05,0.0019172827014699578,2025-11-22 06:34:46.962577,,,,,,,,,
8.330515993293375e-05,0.0022936067543923855,2025-11-22 06:34:47.209183,,,,,,,,,
8.071092452155426e-05,0.0022607322316616774,2025-11-22 06:34:47.454656,,,,,,,,,
8.034150960156694e-05,0.002575353952124715,2025-11-22 06:34:47.700374,,,,,,,,,
7.958760397741571e-05,0.0027835664805024862,2025-11-22 06:34:47.949050,,,,,,,,,
8.204735058825463e-05,0.0023384757805615664,2025-11-22 06:34:48.201194,,,,,,,,,
8.364953100681305e-05,0.0023208751808851957,2025-11-22 06:34:48.453290,,,,,,,,,
8.547165634809062e-05,0.0025091508869081736,2025-11-22 06:34:48.701143,,,,,,,,,
8.937638631323352e-05,0.002224107040092349,2025-11-22 06:34:48.951506,,,,,,,,,
9.380077972309664e-05,0.0024063196033239365,2025-11-22 06:34:49.200322,,,,,,,,,
9.092343680094928e-05,0.0022803060710430145,2025-11-22 06:34:49.446685,,,,,,,,,
8.575299580115825e-05,0.0027185059152543545,2025-11-22 06:34:49.684694,,,,,,,,,
8.954729128163308e-05,0.0020892953034490347,2025-11-22 06:34:49.933697,,,,,,,,,
9.173001308226958e-05,0.002415174152702093,2025-11-22 06:34:50.188079,,,,,,,,,
8.654555131215602e-05,0.0025381483137607574,2025-11-22 06:34:50.427897,,,,,,,,,
8.270927355624735e-05,0.0024439103435724974,2025-11-22 06:34:50.672119,,,,,,,,,
8.173547394108027e-05,0.002069902839139104,2025-11-22 06:34:50.917627,,,,,,,,,
8.0057856393978e-05,0.0024784752167761326,2025-11-22 06:34:51.167345,,,,,,,,,
7.776096026645973e-05,0.002638373989611864,2025-11-22 06:34:51.414885,,,,,,,,,
7.836928125470877e-05,0.00212011463008821,2025-11-22 06:34:51.665082,,,,,,,,,
7.814884884282947e-05,0.0024165872018784285,2025-11-22 06:34:51.915843,,,,,,,,,
8.437375072389841e-05,0.0023404064122587442,2025-11-22 06:34:52.163574,,,,,,,,,
8.601492299931124e-05,0.002412951784208417,2025-11-22 06:34:52.421180,,,,,,,,,
8.566019096178934e-05,0.002321607433259487,2025-11-22 06:34:52.657186,,,,,,,,,
8.785076352069154e-05,0.00228313822299242,2025-11-22 06:34:52.913152,,,,,,,,,
9.054613474290818e-05,0.0022015550639480352,2025-11-22 06:34:53.157523,,,,,,,,,
8.733207505429164e-05,0.002318050479516387,2025-11-22 06:34:53.404411,,,,,,,,,
8.296608575619757e-05,0.002263162052258849,2025-11-22 06:34:53.646355,,,,,,,,,
8.269413228845224e-05,0.0023909821175038815,2025-11-22 06:34:53.902994,,,,,,,,,
8.49074058351107e-05,0.002339642494916916,2025-11-22 06:34:54.136997,,,,,,,,,
8.486115257255733e-05,0.0023678902070969343,2025-11-22 06:34:54.387285,,,,,,,,,
8.834806794766337e-05,0.002411995083093643,2025-11-22 06:34:54.634267,,,,,,,,,
8.907192386686802e-05,0.0022835340350866318,2025-11-22 06:34:54.878560,,,,,,,,,
8.869374141795561e-05,0.0025465069338679314,2025-11-22 06:34:55.132354,,,,,,,,,
8.685754437465221e-05,0.0024443480651825666,2025-11-22 06:34:55.379034,,,,,,,,,
8.910379983717576e-05,0.0027261783834546804,2025-11-22 06:34:55.629638,,,,,,,,,
9.079609299078584e-05,0.0021284297108650208,2025-11-22 06:34:55.871041,,,,,,,,,
8.690876711625606e-05,0.002487641992047429,2025-11-22 06:34:56.120382,,,,,,,,,
,,2025-11-22 06:34:56.184268,8.51828518635658e-05,0.0024150589678255427,0.00075,,,,,,
,,2025-11-22 06:35:03.915572,,,,26.894254684448242,8.980470657348633,,,,
,,2025-11-22 06:35:03.916886,,,,,,8.243976481026039e-05,0.0022676786264547934,26.894254684448242,8.980470657348633
8.243976481026039e-05,0.0032054719049483538,2025-11-22 06:35:09.148098,,,,,,,,,
8.645213529234752e-05,0.002227150835096836,2025-11-22 06:35:09.384231,,,,,,,,,
8.88759022927843e-05,0.0022466492373496294,2025-11-22 06:35:09.619929,,,,,,,,,
8.559141861042008e-05,0.002212456427514553,2025-11-22 06:35:09.875436,,,,,,,,,
8.309738768730313e-05,0.0021435825619846582,2025-11-22 06:35:10.120759,,,,,,,,,
8.254496788140386e-05,0.0023270754609256983,2025-11-22 06:35:10.368132,,,,,,,,,
8.862400136422366e-05,0.002306062262505293,2025-11-22 06:35:10.609781,,,,,,,,,
8.885335410013795e-05,0.0021204629447311163,2025-11-22 06:35:10.871050,,,,,,,,,
8.344325760845095e-05,0.0022915294393897057,2025-11-22 06:35:11.105306,,,,,,,,,
8.16062674857676e-05,0.0023011730518192053,2025-11-22 06:35:11.349563,,,,,,,,,
8.452358451904729e-05,0.0028577526099979877,2025-11-22 06:35:11.610272,,,,,,,,,
8.654831617604941e-05,0.0029276800341904163,2025-11-22 06:35:11.839906,,,,,,,,,
9.170604607788846e-05,0.002468399703502655,2025-11-22 06:35:12.085166,,,,,,,,,
9.189528645947576e-05,0.0025235062930732965,2025-11-22 06:35:12.331185,,,,,,,,,
9.145572403213009e-05,0.0023587513715028763,2025-11-22 06:35:12.578384,,,,,,,,,
9.09951631911099e-05,0.002937014913186431,2025-11-22 06:35:12.822900,,,,,,,,,
9.054061956703663e-05,0.0023726460058242083,2025-11-22 06:35:13.069473,,,,,,,,,
8.448585140286013e-05,0.0020477017387747765,2025-11-22 06:35:13.320358,,,,,,,,,
7.806954090483487e-05,0.0024407533928751945,2025-11-22 06:35:13.572687,,,,,,,,,
7.534348696935922e-05,0.002168164122849703,2025-11-22 06:35:13.810119,,,,,,,,,
7.74119544075802e-05,0.0025387797504663467,2025-11-22 06:35:14.056045,,,,,,,,,
8.048617746680975e-05,0.002309617353603244,2025-11-22 06:35:14.304646,,,,,,,,,
8.098615944618359e-05,0.002202659146860242,2025-11-22 06:35:14.552313,,,,,,,,,
8.385116962017491e-05,0.002671578200533986,2025-11-22 06:35:14.807619,,,,,,,,,
8.703168714419007e-05,0.002233828417956829,2025-11-22 06:35:15.050834,,,,,,,,,
8.670894749229774e-05,0.0022915571462363005,2025-11-22 06:35:15.302125,,,,,,,,,
8.576821710448712e-05,0.002324555302038789,2025-11-22 06:35:15.538802,,,,,,,,,
8.645946945762262e-05,0.0026957562658935785,2025-11-22 06:35:15.789653,,,,,,,,,
8.908205199986696e-05,0.0022788946516811848,2025-11-22 06:35:16.093899,,,,,,,,,
8.391132723772898e-05,0.0024011987261474133,2025-11-22 06:35:16.282702,,,,,,,,,
8.24424932943657e-05,0.0023390911519527435,2025-11-22 06:35:16.537214,,,,,,,,,
8.687508670846e-05,0.002168416976928711,2025-11-22 06:35:16.776860,,,,,,,,,
8.62760643940419e-05,0.0022954600863158703,2025-11-22 06:35:17.021374,,,,,,,,,
8.091387280728668e-05,0.0023976312950253487,2025-11-22 06:35:17.270229,,,,,,,,,
8.022153633646667e-05,0.002556333551183343,2025-11-22 06:35:17.521103,,,,,,,,,
8.368593989871442e-05,0.0021611652337014675,2025-11-22 06:35:17.769317,,,,,,,,,
8.816564513836056e-05,0.002417048905044794,2025-11-22 06:35:18.004461,,,,,,,,,
8.587580668972805e-05,0.002042945008724928,2025-11-22 06:35:18.253161,,,,,,,,,
8.243851334555075e-05,0.002499150112271309,2025-11-22 06:35:18.554109,,,,,,,,,
8.430377783952281e-05,0.0024235425516963005,2025-11-22 06:35:18.817715,,,,,,,,,
8.706206426722929e-05,0.0026479000225663185,2025-11-22 06:35:19.018763,,,,,,,,,
8.864596748026088e-05,0.002141718752682209,2025-11-22 06:35:19.274704,,,,,,,,,
8.732391142984852e-05,0.0020932687912136316,2025-11-22 06:35:19.516568,,,,,,,,,
8.622822497272864e-05,0.0025448622182011604,2025-11-22 06:35:19.760848,,,,,,,,,
8.90352384885773e-05,0.002393515547737479,2025-11-22 06:35:20.005499,,,,,,,,,
8.616669219918549e-05,0.002485667122527957,2025-11-22 06:35:20.259989,,,,,,,,,
8.995160897029564e-05,0.0020123173017054796,2025-11-22 06:35:20.497877,,,,,,,,,
8.975763921625912e-05,0.0025672665797173977,2025-11-22 06:35:20.743719,,,,,,,,,
8.854718180373311e-05,0.0023184106685221195,2025-11-22 06:35:20.994264,,,,,,,,,
8.535136294085532e-05,0.002427455270662904,2025-11-22 06:35:21.244963,,,,,,,,,
8.732854621484876e-05,0.002368277870118618,2025-11-22 06:35:21.561280,,,,,,,,,
9.005281026475132e-05,0.002626044675707817,2025-11-22 06:35:21.839769,,,,,,,,,
8.840265945764259e-05,0.0019357464043423533,2025-11-22 06:35:22.069373,,,,,,,,,
8.124422311084345e-05,0.0023669865913689137,2025-11-22 06:35:22.316679,,,,,,,,,
8.187811909010634e-05,0.0024730926379561424,2025-11-22 06:35:22.567125,,,,,,,,,
8.947218884713948e-05,0.0021751816384494305,2025-11-22 06:35:22.810039,,,,,,,,,
8.81955711520277e-05,0.002132111694663763,2025-11-22 06:35:23.060527,,,,,,,,,
8.294957660837099e-05,0.002429552609100938,2025-11-22 06:35:23.326583,,,,,,,,,
8.562920265831053e-05,0.00288762548007071,2025-11-22 06:35:23.558757,,,,,,,,,
8.969382906798273e-05,0.0023574475198984146,2025-11-22 06:35:23.801564,,,,,,,,,
8.430657180724666e-05,0.0026260975282639265,2025-11-22 06:35:24.062351,,,,,,,,,
8.075237565208226e-05,0.002368033630773425,2025-11-22 06:35:24.295841,,,,,,,,,
8.401464583585039e-05,0.0020174055825918913,2025-11-22 06:35:24.549420,,,,,,,,,
8.770557178650051e-05,0.002012502634897828,2025-11-22 06:35:24.788075,,,,,,,,,
8.42923327581957e-05,0.002143299439921975,2025-11-22 06:35:25.031125,,,,,,,,,
8.04452647571452e-05,0.0023852915037423372,2025-11-22 06:35:25.277559,,,,,,,,,
8.088861068245023e-05,0.002288385294377804,2025-11-22 06:35:25.524693,,,,,,,,,
8.527144382242113e-05,0.0023680145386606455,2025-11-22 06:35:25.773144,,,,,,,,,
8.431429887423292e-05,0.002297674771398306,2025-11-22 06:35:26.036454,,,,,,,,,
8.363472443306819e-05,0.0022846360225230455,2025-11-22 06:35:26.273706,,,,,,,,,
8.520998380845413e-05,0.002053557662293315,2025-11-22 06:35:26.515558,,,,,,,,,
8.659413288114592e-05,0.002123242011293769,2025-11-22 06:35:26.762840,,,,,,,,,
8.368510316358879e-05,0.0022076929453760386,2025-11-22 06:35:27.008207,,,,,,,,,
8.069291652645916e-05,0.0026429304853081703,2025-11-22 06:35:27.254702,,,,,,,,,
7.904726953711361e-05,0.0024985363706946373,2025-11-22 06:35:27.507044,,,,,,,,,
8.029746823012829e-05,0.0021708437707275152,2025-11-22 06:35:27.751441,,,,,,,,,
7.971952436491847e-05,0.002235107123851776,2025-11-22 06:35:27.995532,,,,,,,,,
7.972638559294865e-05,0.002509331563487649,2025-11-22 06:35:28.239375,,,,,,,,,
8.518536196788773e-05,0.0020603984594345093,2025-11-22 06:35:28.485630,,,,,,,,,
8.727041858946905e-05,0.0020356839522719383,2025-11-22 06:35:28.733418,,,,,,,,,
8.37615953059867e-05,0.0025678619276732206,2025-11-22 06:35:28.984278,,,,,,,,,
8.377358608413488e-05,0.0026558293029665947,2025-11-22 06:35:29.230500,,,,,,,,,
8.770373096922413e-05,0.0022267948370426893,2025-11-22 06:35:29.469927,,,,,,,,,
8.531825733371079e-05,0.002549640368670225,2025-11-22 06:35:29.727092,,,,,,,,,
8.410939335590228e-05,0.002690799068659544,2025-11-22 06:35:29.961007,,,,,,,,,
8.700641774339601e-05,0.002399793127551675,2025-11-22 06:35:30.209324,,,,,,,,,
8.516254456480965e-05,0.00284749292768538,2025-11-22 06:35:30.455616,,,,,,,,,
8.208669896703213e-05,0.00277780182659626,2025-11-22 06:35:30.706152,,,,,,,,,
8.60535292304121e-05,0.00291641429066658,2025-11-22 06:35:30.950340,,,,,,,,,
9.071867680177093e-05,0.002298417268320918,2025-11-22 06:35:31.198265,,,,,,,,,
8.895693463273346e-05,0.0025113692972809076,2025-11-22 06:35:31.447463,,,,,,,,,
8.603690366726369e-05,0.0025472454726696014,2025-11-22 06:35:31.724509,,,,,,,,,
9.34996860451065e-05,0.0022156552877277136,2025-11-22 06:35:31.952346,,,,,,,,,
9.424252493772656e-05,0.0017767283134162426,2025-11-22 06:35:32.192774,,,,,,,,,
8.778068877290934e-05,0.0025464468635618687,2025-11-22 06:35:32.439845,,,,,,,,,
8.622448513051495e-05,0.0020227557979524136,2025-11-22 06:35:32.687271,,,,,,,,,
8.618380525149405e-05,0.0018829054897651076,2025-11-22 06:35:32.932845,,,,,,,,,
8.162881567841396e-05,0.0026896630879491568,2025-11-22 06:35:33.181025,,,,,,,,,
8.215954585466534e-05,0.0026115644723176956,2025-11-22 06:35:33.432552,,,,,,,,,
8.730110857868567e-05,0.0022532364819198847,2025-11-22 06:35:33.670734,,,,,,,,,
8.459078526357189e-05,0.00228232447989285,2025-11-22 06:35:33.918805,,,,,,,,,
8.253211854025722e-05,0.0020125864539295435,2025-11-22 06:35:34.170106,,,,,,,,,
8.086377056315541e-05,0.0023883264511823654,2025-11-22 06:35:34.418919,,,,,,,,,
8.477931987727061e-05,0.0020897863432765007,2025-11-22 06:35:34.667489,,,,,,,,,
8.770128624746576e-05,0.002826190320774913,2025-11-22 06:35:34.916117,,,,,,,,,
8.340059139300138e-05,0.0022680649999529123,2025-11-22 06:35:35.158960,,,,,,,,,
8.207053906517103e-05,0.0020452402532100677,2025-11-22 06:35:35.417177,,,,,,,,,
8.423680264968425e-05,0.0022979695349931717,2025-11-22 06:35:35.660339,,,,,,,,,
8.778104529483244e-05,0.00282403570599854,2025-11-22 06:35:35.908505,,,,,,,,,
8.408171561313793e-05,0.002413577400147915,2025-11-22 06:35:36.160045,,,,,,,,,
8.18948246887885e-05,0.0026122634299099445,2025-11-22 06:35:36.399992,,,,,,,,,
8.557334513170645e-05,0.0029014097526669502,2025-11-22 06:35:36.644948,,,,,,,,,
9.242244414053857e-05,0.0024262715596705675,2025-11-22 06:35:36.903353,,,,,,,,,
8.607686322648078e-05,0.0022063711658120155,2025-11-22 06:35:37.148179,,,,,,,,,
8.33358135423623e-05,0.0029154769144952297,2025-11-22 06:35:37.394148,,,,,,,,,
8.99934530025348e-05,0.002208353951573372,2025-11-22 06:35:37.640908,,,,,,,,,
9.195167513098568e-05,0.0025819612201303244,2025-11-22 06:35:37.887599,,,,,,,,,
8.655693818582222e-05,0.0018658180488273501,2025-11-22 06:35:38.134767,,,,,,,,,
8.161028381437063e-05,0.0020722784101963043,2025-11-22 06:35:38.393054,,,,,,,,,
8.228962542489171e-05,0.0020749811083078384,2025-11-22 06:35:38.630880,,,,,,,,,
8.217251161113381e-05,0.002006145427003503,2025-11-22 06:35:38.880066,,,,,,,,,
7.652062777196988e-05,0.002431951928883791,2025-11-22 06:35:39.124405,,,,,,,,,
7.560169615317136e-05,0.002339159371331334,2025-11-22 06:35:39.371373,,,,,,,,,
8.445304410997778e-05,0.002186234574764967,2025-11-22 06:35:39.622979,,,,,,,,,
8.619299478596076e-05,0.0024551786482334137,2025-11-22 06:35:39.869312,,,,,,,,,
8.479428652208298e-05,0.002157393842935562,2025-11-22 06:35:40.115600,,,,,,,,,
8.237223664764315e-05,0.0021640860941261053,2025-11-22 06:35:40.369654,,,,,,,,,
8.312990394188091e-05,0.0026991376653313637,2025-11-22 06:35:40.615274,,,,,,,,,
8.620192966191098e-05,0.002193750813603401,2025-11-22 06:35:40.853954,,,,,,,,,
8.238109148805961e-05,0.002123801736161113,2025-11-22 06:35:41.102671,,,,,,,,,
8.09263001428917e-05,0.002515372820198536,2025-11-22 06:35:41.348358,,,,,,,,,
8.449133747490123e-05,0.0021594781428575516,2025-11-22 06:35:41.594192,,,,,,,,,
8.472092304145917e-05,0.002240503905341029,2025-11-22 06:35:41.848698,,,,,,,,,
8.130048809107393e-05,0.002565807430073619,2025-11-22 06:35:42.087031,,,,,,,,,
8.20572895463556e-05,0.0023980685509741306,2025-11-22 06:35:42.349763,,,,,,,,,
8.60716900206171e-05,0.0025700379628688097,2025-11-22 06:35:42.587713,,,,,,,,,
8.493876521242782e-05,0.002110792323946953,2025-11-22 06:35:42.836790,,,,,,,,,
8.287403034046292e-05,0.0021520538721233606,2025-11-22 06:35:43.085990,,,,,,,,,
8.54176832945086e-05,0.0023864335380494595,2025-11-22 06:35:43.330857,,,,,,,,,
8.845834963722154e-05,0.0022752515505999327,2025-11-22 06:35:43.583153,,,,,,,,,
8.683843770995736e-05,0.00202089617960155,2025-11-22 06:35:43.826135,,,,,,,,,
8.654568227939308e-05,0.002330036601051688,2025-11-22 06:35:44.069262,,,,,,,,,
8.795582834864035e-05,0.002023465232923627,2025-11-22 06:35:44.332074,,,,,,,,,
8.716421871213242e-05,0.0026332391425967216,2025-11-22 06:35:44.574168,,,,,,,,,
,,2025-11-22 06:35:44.669654,8.509022579043328e-05,0.00236032145282176,0.00075,,,,,,
,,2025-11-22 06:35:53.134361,,,,26.893932342529297,9.073461532592773,,,,
,,2025-11-22 06:35:53.135865,,,,,,8.244586206274107e-05,0.002220528791300379,26.893932342529297,9.073461532592773
8.244586206274107e-05,0.0027699642814695835,2025-11-22 06:35:57.868811,,,,,,,,,
8.05708987172693e-05,0.002322116168215871,2025-11-22 06:35:58.113406,,,,,,,,,
8.133924711728469e-05,0.0023199771530926228,2025-11-22 06:35:58.375982,,,,,,,,,
8.347928087459877e-05,0.0022705611772835255,2025-11-22 06:35:58.605371,,,,,,,,,
8.244968194048852e-05,0.00228504603728652,2025-11-22 06:35:58.851527,,,,,,,,,
8.205496851587668e-05,0.002248161705210805,2025-11-22 06:35:59.099159,,,,,,,,,
8.214149420382455e-05,0.0024206105154007673,2025-11-22 06:35:59.337813,,,,,,,,,
8.221847383538261e-05,0.002208320889621973,2025-11-22 06:35:59.580492,,,,,,,,,
8.53016899782233e-05,0.0022736806422472,2025-11-22 06:35:59.831376,,,,,,,,,
8.903758134692907e-05,0.0023463869001716375,2025-11-22 06:36:00.080085,,,,,,,,,
8.696144504938275e-05,0.0022736263927072287,2025-11-22 06:36:00.326512,,,,,,,,,
8.587520278524607e-05,0.00232003559358418,2025-11-22 06:36:00.570710,,,,,,,,,
9.020096331369132e-05,0.002332621021196246,2025-11-22 06:36:00.833629,,,,,,,,,
8.889747550711036e-05,0.0025311908684670925,2025-11-22 06:36:01.081148,,,,,,,,,
8.33458179840818e-05,0.002103129168972373,2025-11-22 06:36:01.318919,,,,,,,,,
8.078487735474482e-05,0.0019495590822771192,2025-11-22 06:36:01.568306,,,,,,,,,
8.311013516504318e-05,0.0023593432269990444,2025-11-22 06:36:01.809764,,,,,,,,,
8.595501276431605e-05,0.00241710152477026,2025-11-22 06:36:02.065570,,,,,,,,,
8.095002704067156e-05,0.002037745900452137,2025-11-22 06:36:02.301214,,,,,,,,,
7.949704013299197e-05,0.002444395562633872,2025-11-22 06:36:02.554916,,,,,,,,,
8.402259118156508e-05,0.0022414231207221746,2025-11-22 06:36:02.795625,,,,,,,,,
8.651814277982339e-05,0.0023396278265863657,2025-11-22 06:36:03.042161,,,,,,,,,
8.158821583492681e-05,0.0024801797699183226,2025-11-22 06:36:03.280996,,,,,,,,,
8.073899516602978e-05,0.002428478328511119,2025-11-22 06:36:03.530768,,,,,,,,,
8.671006071381271e-05,0.0024347666185349226,2025-11-22 06:36:03.786104,,,,,,,,,
8.848362631397322e-05,0.0026031602174043655,2025-11-22 06:36:04.029252,,,,,,,,,
8.753623842494562e-05,0.002231351099908352,2025-11-22 06:36:04.268643,,,,,,,,,
8.736646850593388e-05,0.0024704518727958202,2025-11-22 06:36:04.517697,,,,,,,,,
8.658818842377514e-05,0.0022261585108935833,2025-11-22 06:36:04.764719,,,,,,,,,
8.873329352354631e-05,0.0025098021142184734,2025-11-22 06:36:05.005778,,,,,,,,,
8.34593884064816e-05,0.002498955000191927,2025-11-22 06:36:05.254333,,,,,,,,,
8.17994587123394e-05,0.002076687989756465,2025-11-22 06:36:05.502271,,,,,,,,,
8.21038120193407e-05,0.0022967197000980377,2025-11-22 06:36:05.748117,,,,,,,,,
8.639191946713254e-05,0.002453424734994769,2025-11-22 06:36:05.997564,,,,,,,,,
8.526830788468942e-05,0.002553880913183093,2025-11-22 06:36:06.239499,,,,,,,,,
8.301429625134915e-05,0.002464195480570197,2025-11-22 06:36:06.489863,,,,,,,,,
8.430404704995453e-05,0.0022414878476411104,2025-11-22 06:36:06.729273,,,,,,,,,
8.454936323687434e-05,0.0023732108529657125,2025-11-22 06:36:06.975397,,,,,,,,,
8.365711255464703e-05,0.0022748189512640238,2025-11-22 06:36:07.223621,,,,,,,,,
8.198876457754523e-05,0.0020913921762257814,2025-11-22 06:36:07.469980,,,,,,,,,
8.294905273942277e-05,0.002434902358800173,2025-11-22 06:36:07.731840,,,,,,,,,
8.719602919882163e-05,0.001891029649414122,2025-11-22 06:36:07.960486,,,,,,,,,
8.301049820147455e-05,0.0022730492055416107,2025-11-22 06:36:08.208945,,,,,,,,,
8.107873145490885e-05,0.002592251170426607,2025-11-22 06:36:08.451316,,,,,,,,,
8.475241338601336e-05,0.002567925723269582,2025-11-22 06:36:08.704485,,,,,,,,,
8.828238787828013e-05,0.0023367239627987146,2025-11-22 06:36:08.950220,,,,,,,,,
8.401956438319758e-05,0.002428462030366063,2025-11-22 06:36:09.190623,,,,,,,,,
8.309781696880236e-05,0.002337341196835041,2025-11-22 06:36:09.438284,,,,,,,,,
8.675429853610694e-05,0.0024675631430000067,2025-11-22 06:36:09.684200,,,,,,,,,
8.870712190400809e-05,0.0021862213034182787,2025-11-22 06:36:09.944992,,,,,,,,,
8.626838825875893e-05,0.002423529978841543,2025-11-22 06:36:10.193275,,,,,,,,,
8.33909580251202e-05,0.0023380813654512167,2025-11-22 06:36:10.430828,,,,,,,,,
8.104139851639047e-05,0.00261134747415781,2025-11-22 06:36:10.681357,,,,,,,,,
8.021006942726672e-05,0.002764585427939892,2025-11-22 06:36:10.922276,,,,,,,,,
8.534136577509344e-05,0.0021723539102822542,2025-11-22 06:36:11.178906,,,,,,,,,
8.730086119612679e-05,0.002065706066787243,2025-11-22 06:36:11.423609,,,,,,,,,
8.43735906528309e-05,0.0019978806376457214,2025-11-22 06:36:11.669220,,,,,,,,,
8.102979336399585e-05,0.0022566616535186768,2025-11-22 06:36:11.922178,,,,,,,,,
8.115512173390016e-05,0.002662921091541648,2025-11-22 06:36:12.162654,,,,,,,,,
8.238638110924512e-05,0.002291902666911483,2025-11-22 06:36:12.410178,,,,,,,,,
8.182507008314133e-05,0.0024661135394126177,2025-11-22 06:36:12.654308,,,,,,,,,
7.952476153150201e-05,0.0024544214829802513,2025-11-22 06:36:12.915182,,,,,,,,,
7.900231867097318e-05,0.0023366159293800592,2025-11-22 06:36:13.147155,,,,,,,,,
8.197178249247372e-05,0.0021375881042331457,2025-11-22 06:36:13.409671,,,,,,,,,
8.470432658214122e-05,0.002078101970255375,2025-11-22 06:36:13.647502,,,,,,,,,
8.13971710158512e-05,0.0024133387487381697,2025-11-22 06:36:13.924378,,,,,,,,,
7.980023656273261e-05,0.001965948613360524,2025-11-22 06:36:14.153480,,,,,,,,,
8.087859896477312e-05,0.002195129171013832,2025-11-22 06:36:14.391836,,,,,,,,,
8.176486153388396e-05,0.002196183893829584,2025-11-22 06:36:14.635235,,,,,,,,,
8.068118040682748e-05,0.002282428788021207,2025-11-22 06:36:14.881577,,,,,,,,,
7.981376984389499e-05,0.002209617290645838,2025-11-22 06:36:15.140518,,,,,,,,,
7.650050974916667e-05,0.0025534972082823515,2025-11-22 06:36:15.373877,,,,,,,,,
7.683245348744094e-05,0.0025526159442961216,2025-11-22 06:36:15.621638,,,,,,,,,
8.499598334310576e-05,0.002313054632395506,2025-11-22 06:36:15.869063,,,,,,,,,
9.130724356509745e-05,0.002198209287598729,2025-11-22 06:36:16.115497,,,,,,,,,
8.953107317211106e-05,0.002332937205210328,2025-11-22 06:36:16.361384,,,,,,,,,
8.915090438676998e-05,0.002233161125332117,2025-11-22 06:36:16.606830,,,,,,,,,
9.019723802339286e-05,0.0021641256753355265,2025-11-22 06:36:16.853649,,,,,,,,,
8.521006384398788e-05,0.0021945922635495663,2025-11-22 06:36:17.101013,,,,,,,,,
8.144095045281574e-05,0.0023237746208906174,2025-11-22 06:36:17.344829,,,,,,,,,
7.972244202392176e-05,0.002493484178557992,2025-11-22 06:36:17.597104,,,,,,,,,
7.899691991042346e-05,0.0027544789481908083,2025-11-22 06:36:17.860336,,,,,,,,,
8.435823110630736e-05,0.002478460781276226,2025-11-22 06:36:18.090587,,,,,,,,,
8.847506978781894e-05,0.0020690138917416334,2025-11-22 06:36:18.334885,,,,,,,,,
8.812404848868027e-05,0.0022934977896511555,2025-11-22 06:36:18.586461,,,,,,,,,
9.277599019696936e-05,0.0029573068022727966,2025-11-22 06:36:18.832157,,,,,,,,,
9.755606151884422e-05,0.002390847308561206,2025-11-22 06:36:19.081340,,,,,,,,,
9.734935156302527e-05,0.0019293285440653563,2025-11-22 06:36:19.335473,,,,,,,,,
9.16849821805954e-05,0.002212775871157646,2025-11-22 06:36:19.571219,,,,,,,,,
8.643264300189912e-05,0.0022809531074017286,2025-11-22 06:36:19.831518,,,,,,,,,
8.450190216535702e-05,0.002377936849370599,2025-11-22 06:36:20.068139,,,,,,,,,
8.119794802041724e-05,0.0023299308959394693,2025-11-22 06:36:20.318145,,,,,,,,,
7.977368659339845e-05,0.00228588143363595,2025-11-22 06:36:20.562899,,,,,,,,,
7.968084537424147e-05,0.0023762474302202463,2025-11-22 06:36:20.805799,,,,,,,,,
8.447144500678405e-05,0.0023886989802122116,2025-11-22 06:36:21.053512,,,,,,,,,
9.322812547907233e-05,0.0022147423587739468,2025-11-22 06:36:21.304531,,,,,,,,,
9.097228030441329e-05,0.0019732601940631866,2025-11-22 06:36:21.551219,,,,,,,,,
8.793816232355312e-05,0.0024824936408549547,2025-11-22 06:36:21.805561,,,,,,,,,
8.903633715817705e-05,0.0020976951345801353,2025-11-22 06:36:22.046274,,,,,,,,,
8.66155605763197e-05,0.0020771168638020754,2025-11-22 06:36:22.288412,,,,,,,,,
8.336779865203425e-05,0.0018977985018864274,2025-11-22 06:36:22.544638,,,,,,,,,
8.241260366048664e-05,0.0022278381511569023,2025-11-22 06:36:22.786070,,,,,,,,,
8.291068661492318e-05,0.0024799297098070383,2025-11-22 06:36:23.033113,,,,,,,,,
8.539877308066934e-05,0.0021481828298419714,2025-11-22 06:36:23.279924,,,,,,,,,
8.46823095344007e-05,0.002396421507000923,2025-11-22 06:36:23.531777,,,,,,,,,
8.616627746960148e-05,0.0022020034957677126,2025-11-22 06:36:23.772717,,,,,,,,,
8.490202890243381e-05,0.0023291888646781445,2025-11-22 06:36:24.017650,,,,,,,,,
8.480934047838673e-05,0.0025626802816987038,2025-11-22 06:36:24.267805,,,,,,,,,
8.558695844840258e-05,0.002201358089223504,2025-11-22 06:36:24.513726,,,,,,,,,
8.202786557376385e-05,0.00250473665073514,2025-11-22 06:36:24.758610,,,,,,,,,
8.107233588816598e-05,0.0020127047318965197,2025-11-22 06:36:25.013571,,,,,,,,,
8.032756886677817e-05,0.0020108078606426716,2025-11-22 06:36:25.260184,,,,,,,,,
8.256617729784921e-05,0.0026332163251936436,2025-11-22 06:36:25.506040,,,,,,,,,
8.564178278902546e-05,0.0022229542955756187,2025-11-22 06:36:25.755866,,,,,,,,,
8.451833127764985e-05,0.0025240869726985693,2025-11-22 06:36:26.001566,,,,,,,,,
8.62632441567257e-05,0.002567318035289645,2025-11-22 06:36:26.251624,,,,,,,,,
8.556290413253009e-05,0.00200447509996593,2025-11-22 06:36:26.497164,,,,,,,,,
8.22323199827224e-05,0.002422856166958809,2025-11-22 06:36:26.747262,,,,,,,,,
8.359344064956531e-05,0.0024467245675623417,2025-11-22 06:36:26.987737,,,,,,,,,
8.427279681200162e-05,0.0021659857593476772,2025-11-22 06:36:27.242520,,,,,,,,,
8.206236088881269e-05,0.0024761005770415068,2025-11-22 06:36:27.484507,,,,,,,,,
8.105400047497824e-05,0.0022147002164274454,2025-11-22 06:36:27.732189,,,,,,,,,
8.577096014050767e-05,0.0023719933815300465,2025-11-22 06:36:27.989079,,,,,,,,,
8.522994176018983e-05,0.0020584766753017902,2025-11-22 06:36:28.243423,,,,,,,,,
8.199696458177641e-05,0.0024128302466124296,2025-11-22 06:36:28.477283,,,,,,,,,
8.21894864202477e-05,0.0033948731143027544,2025-11-22 06:36:28.723074,,,,,,,,,
9.218599006999284e-05,0.0022488883696496487,2025-11-22 06:36:28.969105,,,,,,,,,
8.736886229598895e-05,0.002170202089473605,2025-11-22 06:36:29.215107,,,,,,,,,
8.871486352290958e-05,0.0026011308655142784,2025-11-22 06:36:29.483354,,,,,,,,,
9.505282650934532e-05,0.0022157300263643265,2025-11-22 06:36:29.733611,,,,,,,,,
9.413068619323894e-05,0.0018111298559233546,2025-11-22 06:36:29.975126,,,,,,,,,
8.322729991050437e-05,0.0022957816254347563,2025-11-22 06:36:30.209018,,,,,,,,,
8.02826980361715e-05,0.0022808262147009373,2025-11-22 06:36:30.458160,,,,,,,,,
8.712563430890441e-05,0.002192957792431116,2025-11-22 06:36:30.707860,,,,,,,,,
8.409595466218889e-05,0.002378907287493348,2025-11-22 06:36:30.951605,,,,,,,,,
7.718664710409939e-05,0.002384209306910634,2025-11-22 06:36:31.195597,,,,,,,,,
7.78969915700145e-05,0.002125272061675787,2025-11-22 06:36:31.455756,,,,,,,,,
8.361630898434669e-05,0.0023876626510173082,2025-11-22 06:36:31.709242,,,,,,,,,
8.654101111460477e-05,0.0022844653576612473,2025-11-22 06:36:31.954342,,,,,,,,,
8.15255189081654e-05,0.0023635760881006718,2025-11-22 06:36:32.191311,,,,,,,,,
8.068747411016375e-05,0.00221167947165668,2025-11-22 06:36:32.445347,,,,,,,,,
8.268488454632461e-05,0.0022012803237885237,2025-11-22 06:36:32.701950,,,,,,,,,
8.536574023310095e-05,0.002399771474301815,2025-11-22 06:36:32.950396,,,,,,,,,
8.557297405786812e-05,0.002380330115556717,2025-11-22 06:36:33.186518,,,,,,,,,
,,2025-11-22 06:36:33.266721,8.44658990596751e-05,0.002323012753751957,0.00075,,,,,,
,,2025-11-22 06:36:41.423597,,,,26.721378326416016,9.175125122070312,,,,
,,2025-11-22 06:36:41.425456,,,,,,8.57875801067656e-05,0.0021698268202061835,26.721378326416016,9.175125122070312
8.578757115174085e-05,0.0022201791871339083,2025-11-22 06:36:45.552827,,,,,,,,,
8.420117956120521e-05,0.0026336940936744213,2025-11-22 06:36:45.795386,,,,,,,,,
8.641239401185885e-05,0.002367379842326045,2025-11-22 06:36:46.037526,,,,,,,,,
8.738875476410612e-05,0.001902595511637628,2025-11-22 06:36:46.282692,,,,,,,,,
8.373137097805738e-05,0.0023903336841613054,2025-11-22 06:36:46.528511,,,,,,,,,
8.151768270181492e-05,0.0023767263628542423,2025-11-22 06:36:46.773742,,,,,,,,,
7.692520739510655e-05,0.002212151186540723,2025-11-22 06:36:47.020495,,,,,,,,,
7.859876495786011e-05,0.002507289405912161,2025-11-22 06:36:47.268719,,,,,,,,,
8.327585237566382e-05,0.0023955265060067177,2025-11-22 06:36:47.510204,,,,,,,,,
8.360078936675563e-05,0.0021781197283416986,2025-11-22 06:36:47.757192,,,,,,,,,
8.155472460202873e-05,0.0023177126422524452,2025-11-22 06:36:48.003696,,,,,,,,,
8.438263466814533e-05,0.002249308628961444,2025-11-22 06:36:48.251253,,,,,,,,,
8.905403956305236e-05,0.0021669911220669746,2025-11-22 06:36:48.498963,,,,,,,,,
8.487010927638039e-05,0.001993753481656313,2025-11-22 06:36:48.742761,,,,,,,,,
8.033288031583652e-05,0.0026968396268785,2025-11-22 06:36:48.990226,,,,,,,,,
8.406991400988773e-05,0.0017975702648982406,2025-11-22 06:36:49.244311,,,,,,,,,
8.276756125269458e-05,0.0020955419167876244,2025-11-22 06:36:49.489093,,,,,,,,,
7.93870713096112e-05,0.0019756064284592867,2025-11-22 06:36:49.728819,,,,,,,,,
7.852057024138048e-05,0.00235881470143795,2025-11-22 06:36:49.979395,,,,,,,,,
8.13379228929989e-05,0.0024314734619110823,2025-11-22 06:36:50.217860,,,,,,,,,
8.119786070892587e-05,0.002457923023030162,2025-11-22 06:36:50.476993,,,,,,,,,
7.971771265147254e-05,0.0023393984884023666,2025-11-22 06:36:50.712273,,,,,,,,,
8.293153950944543e-05,0.0021449599880725145,2025-11-22 06:36:50.967504,,,,,,,,,
8.669117232784629e-05,0.002338278340175748,2025-11-22 06:36:51.218049,,,,,,,,,
8.350289863301441e-05,0.0022292190697044134,2025-11-22 06:36:51.462984,,,,,,,,,
8.376305049750954e-05,0.0023263420443981886,2025-11-22 06:36:51.711642,,,,,,,,,
8.279598841909319e-05,0.0019604864064604044,2025-11-22 06:36:51.956833,,,,,,,,,
8.061240805545822e-05,0.0021278003696352243,2025-11-22 06:36:52.205994,,,,,,,,,
7.982963143149391e-05,0.002475374611094594,2025-11-22 06:36:52.461011,,,,,,,,,
7.895613089203835e-05,0.002666833344846964,2025-11-22 06:36:52.725056,,,,,,,,,
7.9790384916123e-05,0.002216026419773698,2025-11-22 06:36:52.960623,,,,,,,,,
8.047492156038061e-05,0.002578916260972619,2025-11-22 06:36:53.199457,,,,,,,,,
8.267485100077465e-05,0.002380681224167347,2025-11-22 06:36:53.449334,,,,,,,,,
8.552681538276374e-05,0.0024412935599684715,2025-11-22 06:36:53.691373,,,,,,,,,
8.601243462180719e-05,0.0020379461348056793,2025-11-22 06:36:53.940929,,,,,,,,,
8.679430902702734e-05,0.002083342056721449,2025-11-22 06:36:54.193373,,,,,,,,,
8.619765139883384e-05,0.0018082353053614497,2025-11-22 06:36:54.431574,,,,,,,,,
8.433774928562343e-05,0.0021555989515036345,2025-11-22 06:36:54.677638,,,,,,,,,
7.99624394858256e-05,0.00227282359264791,2025-11-22 06:36:54.922224,,,,,,,,,
7.796061254339293e-05,0.0023674077820032835,2025-11-22 06:36:55.173945,,,,,,,,,
7.82049901317805e-05,0.002428283914923668,2025-11-22 06:36:55.415644,,,,,,,,,
8.112240902846679e-05,0.0022491475101560354,2025-11-22 06:36:55.664560,,,,,,,,,
8.12698999652639e-05,0.002521299058571458,2025-11-22 06:36:55.912042,,,,,,,,,
8.007079304661602e-05,0.002294826088473201,2025-11-22 06:36:56.155819,,,,,,,,,
7.935422036098316e-05,0.001967877382412553,2025-11-22 06:36:56.401944,,,,,,,,,
7.737847772659734e-05,0.0028416505083441734,2025-11-22 06:36:56.660313,,,,,,,,,
7.89363039075397e-05,0.002632846124470234,2025-11-22 06:36:56.900284,,,,,,,,,
8.127737964969128e-05,0.002371304202824831,2025-11-22 06:36:57.161484,,,,,,,,,
8.228242222685367e-05,0.002445848658680916,2025-11-22 06:36:57.394646,,,,,,,,,
8.517428068444133e-05,0.002068540081381798,2025-11-22 06:36:57.642155,,,,,,,,,
8.605173206888139e-05,0.0027343991678208113,2025-11-22 06:36:57.896104,,,,,,,,,
8.865786367096007e-05,0.002478055888786912,2025-11-22 06:36:58.149697,,,,,,,,,
8.912202611099929e-05,0.0023788190446794033,2025-11-22 06:36:58.393338,,,,,,,,,
8.645612251712009e-05,0.0026793682482093573,2025-11-22 06:36:58.643728,,,,,,,,,
8.683098712936044e-05,0.002186753088608384,2025-11-22 06:36:58.884195,,,,,,,,,
8.702120248926803e-05,0.0022854586131870747,2025-11-22 06:36:59.217476,,,,,,,,,
8.546243770979345e-05,0.0022776764817535877,2025-11-22 06:36:59.399452,,,,,,,,,
8.69081195560284e-05,0.002059092279523611,2025-11-22 06:36:59.647109,,,,,,,,,
8.373530727112666e-05,0.0022392761893570423,2025-11-22 06:36:59.893439,,,,,,,,,
8.081783016677946e-05,0.0025511502753943205,2025-11-22 06:37:00.162703,,,,,,,,,
8.238887676270679e-05,0.0025101706851273775,2025-11-22 06:37:00.406309,,,,,,,,,
8.610933582531288e-05,0.0025359466671943665,2025-11-22 06:37:00.641814,,,,,,,,,
8.633586548967287e-05,0.002020353451371193,2025-11-22 06:37:00.890389,,,,,,,,,
8.316181629197672e-05,0.0019502094946801662,2025-11-22 06:37:01.147648,,,,,,,,,
8.027840522117913e-05,0.00248444895260036,2025-11-22 06:37:01.388789,,,,,,,,,
7.988859579199925e-05,0.0023960599210113287,2025-11-22 06:37:01.647747,,,,,,,,,
7.992384780663997e-05,0.002130751498043537,2025-11-22 06:37:01.882946,,,,,,,,,
7.902859942987561e-05,0.0021565151400864124,2025-11-22 06:37:02.133036,,,,,,,,,
8.059314131969586e-05,0.0021739217918366194,2025-11-22 06:37:02.379317,,,,,,,,,
8.125833119265735e-05,0.0021152275148779154,2025-11-22 06:37:02.628378,,,,,,,,,
8.435781637672335e-05,0.0021600460167974234,2025-11-22 06:37:02.892624,,,,,,,,,
8.607517520431429e-05,0.0020525921136140823,2025-11-22 06:37:03.123562,,,,,,,,,
8.534683001926169e-05,0.0021999890450388193,2025-11-22 06:37:03.373495,,,,,,,,,
8.442994294455275e-05,0.0022393299732357264,2025-11-22 06:37:03.624276,,,,,,,,,
8.446534047834575e-05,0.002696377458050847,2025-11-22 06:37:03.862451,,,,,,,,,
8.432746108155698e-05,0.0024530538357794285,2025-11-22 06:37:04.108978,,,,,,,,,
8.520518167642877e-05,0.0021410146728157997,2025-11-22 06:37:04.357488,,,,,,,,,
8.454950148006901e-05,0.0022842036560177803,2025-11-22 06:37:04.624319,,,,,,,,,
8.157699630828574e-05,0.002217215485870838,2025-11-22 06:37:04.856925,,,,,,,,,
8.299588807858527e-05,0.0021970930974930525,2025-11-22 06:37:05.102137,,,,,,,,,
8.772587170824409e-05,0.001989506185054779,2025-11-22 06:37:05.348702,,,,,,,,,
8.727360545890406e-05,0.0023395807947963476,2025-11-22 06:37:05.601078,,,,,,,,,
8.629676449345425e-05,0.001972138648852706,2025-11-22 06:37:05.844186,,,,,,,,,
8.51969380164519e-05,0.002151435473933816,2025-11-22 06:37:06.090860,,,,,,,,,
8.236196299549192e-05,0.0019669830799102783,2025-11-22 06:37:06.381323,,,,,,,,,
7.985118281794712e-05,0.0022333329543471336,2025-11-22 06:37:06.582142,,,,,,,,,
8.150367648340762e-05,0.0021495444234460592,2025-11-22 06:37:06.839641,,,,,,,,,
7.922579243313521e-05,0.0018847211031243205,2025-11-22 06:37:07.076968,,,,,,,,,
7.724144961684942e-05,0.002102371072396636,2025-11-22 06:37:07.323905,,,,,,,,,
8.047011942835525e-05,0.0024392958730459213,2025-11-22 06:37:07.572989,,,,,,,,,
8.524104487150908e-05,0.0021451395004987717,2025-11-22 06:37:07.821237,,,,,,,,,
8.415347110712901e-05,0.0023932529147714376,2025-11-22 06:37:08.070321,,,,,,,,,
8.329069532919675e-05,0.002524867421016097,2025-11-22 06:37:08.315924,,,,,,,,,
8.548336336389184e-05,0.0022505640517920256,2025-11-22 06:37:08.571807,,,,,,,,,
8.367696864297614e-05,0.0024663242511451244,2025-11-22 06:37:08.816136,,,,,,,,,
8.445077401120216e-05,0.0024167036172002554,2025-11-22 06:37:09.062728,,,,,,,,,
8.84709443198517e-05,0.0024669915437698364,2025-11-22 06:37:09.307702,,,,,,,,,
8.866791904438287e-05,0.0018607716774567962,2025-11-22 06:37:09.556292,,,,,,,,,
8.418961806455627e-05,0.0025750002823770046,2025-11-22 06:37:09.813043,,,,,,,,,
8.657307625981048e-05,0.001917205285280943,2025-11-22 06:37:10.058696,,,,,,,,,
9.04576008906588e-05,0.0024431876372545958,2025-11-22 06:37:10.305567,,,,,,,,,
8.576647087465972e-05,0.0024126891512423754,2025-11-22 06:37:10.566671,,,,,,,,,
7.95809319242835e-05,0.0023196095135062933,2025-11-22 06:37:10.803968,,,,,,,,,
7.869541150284931e-05,0.0024488591589033604,2025-11-22 06:37:11.050051,,,,,,,,,
8.332654397236183e-05,0.0022833270486444235,2025-11-22 06:37:11.297690,,,,,,,,,
8.52935336297378e-05,0.0022694955114275217,2025-11-22 06:37:11.544745,,,,,,,,,
7.974219624884427e-05,0.0020871672313660383,2025-11-22 06:37:11.791472,,,,,,,,,
8.077223901636899e-05,0.002028429415076971,2025-11-22 06:37:12.064284,,,,,,,,,
8.47861883812584e-05,0.002112235175445676,2025-11-22 06:37:12.300332,,,,,,,,,
8.510790939908475e-05,0.00233102566562593,2025-11-22 06:37:12.548632,,,,,,,,,
8.32880032248795e-05,0.0026702324394136667,2025-11-22 06:37:12.808424,,,,,,,,,
9.024645260069519e-05,0.0024499602150171995,2025-11-22 06:37:13.043022,,,,,,,,,
9.198200859827921e-05,0.0023618906270712614,2025-11-22 06:37:13.296289,,,,,,,,,
8.705259824637324e-05,0.001839539734646678,2025-11-22 06:37:13.551841,,,,,,,,,
8.343996159965172e-05,0.0025432538241147995,2025-11-22 06:37:13.796958,,,,,,,,,
8.71405063662678e-05,0.0020765613298863173,2025-11-22 06:37:14.044495,,,,,,,,,
8.515537774655968e-05,0.002418347867205739,2025-11-22 06:37:14.287605,,,,,,,,,
7.767765782773495e-05,0.0028542347718030214,2025-11-22 06:37:14.536422,,,,,,,,,
7.864709914429113e-05,0.0021538198925554752,2025-11-22 06:37:14.785723,,,,,,,,,
8.591188816353679e-05,0.002250606194138527,2025-11-22 06:37:15.039376,,,,,,,,,
8.920147229218856e-05,0.002242967253550887,2025-11-22 06:37:15.281927,,,,,,,,,
8.264367352239788e-05,0.002287587383762002,2025-11-22 06:37:15.534490,,,,,,,,,
8.27040639705956e-05,0.002180407289415598,2025-11-22 06:37:15.779813,,,,,,,,,
8.638499275548384e-05,0.0022532795555889606,2025-11-22 06:37:16.035485,,,,,,,,,
8.717834134586155e-05,0.0022085735108703375,2025-11-22 06:37:16.280819,,,,,,,,,
8.45000977278687e-05,0.002645530505105853,2025-11-22 06:37:16.527840,,,,,,,,,
8.804826211417094e-05,0.002271739998832345,2025-11-22 06:37:16.771346,,,,,,,,,
8.846450509736314e-05,0.002297466853633523,2025-11-22 06:37:17.015447,,,,,,,,,
8.459552191197872e-05,0.002172767650336027,2025-11-22 06:37:17.268117,,,,,,,,,
8.234162669396028e-05,0.002298725303262472,2025-11-22 06:37:17.514909,,,,,,,,,
8.546685421606526e-05,0.0026455458719283342,2025-11-22 06:37:17.757682,,,,,,,,,
8.617452112957835e-05,0.001992372563108802,2025-11-22 06:37:18.013319,,,,,,,,,
8.336429891642183e-05,0.0023436928167939186,2025-11-22 06:37:18.250807,,,,,,,,,
8.52306984597817e-05,0.0025479693431407213,2025-11-22 06:37:18.497295,,,,,,,,,
8.640302257845178e-05,0.0024223558139055967,2025-11-22 06:37:18.742845,,,,,,,,,
8.65504116518423e-05,0.0023291204124689102,2025-11-22 06:37:18.988273,,,,,,,,,
8.258124580606818e-05,0.0020366080570966005,2025-11-22 06:37:19.238661,,,,,,,,,
8.129591151373461e-05,0.002616739831864834,2025-11-22 06:37:19.486266,,,,,,,,,
8.38524938444607e-05,0.0016875804867595434,2025-11-22 06:37:19.728772,,,,,,,,,
8.042067202040926e-05,0.002014992292970419,2025-11-22 06:37:19.989423,,,,,,,,,
7.443987851729617e-05,0.002359124133363366,2025-11-22 06:37:20.234845,,,,,,,,,
7.794328121235594e-05,0.002301973756402731,2025-11-22 06:37:20.480625,,,,,,,,,
8.149300992954522e-05,0.0026133547071367502,2025-11-22 06:37:20.728751,,,,,,,,,
8.240674651460722e-05,0.0023061151150614023,2025-11-22 06:37:20.985680,,,,,,,,,
,,2025-11-22 06:37:21.136942,8.343736620493776e-05,0.002285829729872704,0.00075,,,,,,
,,2025-11-22 06:37:28.583317,,,,27.004117965698242,9.063016891479492,,,,
,,2025-11-22 06:37:28.587713,,,,,,8.038039959501475e-05,0.002225262471116506,27.004117965698242,9.063016891479492
8.038039959501475e-05,0.00233480310998857,2025-11-22 06:37:33.195291,,,,,,,,,
8.35020182421431e-05,0.0023112474009394646,2025-11-22 06:37:33.439004,,,,,,,,,
8.512136992067099e-05,0.0022085292730480433,2025-11-22 06:37:33.687298,,,,,,,,,
8.60488653415814e-05,0.0022849400993436575,2025-11-22 06:37:33.931578,,,,,,,,,
8.571027865400538e-05,0.0019362670136615634,2025-11-22 06:37:34.170268,,,,,,,,,
8.392609015572816e-05,0.0022002251353114843,2025-11-22 06:37:34.417499,,,,,,,,,
8.283196075353771e-05,0.0020912622567266226,2025-11-22 06:37:34.668518,,,,,,,,,
8.188083302229643e-05,0.002508295001462102,2025-11-22 06:37:34.921243,,,,,,,,,
8.190224616555497e-05,0.0022820618469268084,2025-11-22 06:37:35.171466,,,,,,,,,
8.233297558035702e-05,0.0020841967780143023,2025-11-22 06:37:35.414971,,,,,,,,,
8.096065721474588e-05,0.0026202709414064884,2025-11-22 06:37:35.652639,,,,,,,,,
7.9837474913802e-05,0.0019381659803912044,2025-11-22 06:37:35.898637,,,,,,,,,
7.873785943957046e-05,0.0020709610544145107,2025-11-22 06:37:36.150384,,,,,,,,,
7.822748011676595e-05,0.002277620602399111,2025-11-22 06:37:36.395558,,,,,,,,,
8.011078170966357e-05,0.0024616001173853874,2025-11-22 06:37:36.645365,,,,,,,,,
8.198882278520614e-05,0.002310745185241103,2025-11-22 06:37:36.887843,,,,,,,,,
8.173524838639423e-05,0.0019312674412503839,2025-11-22 06:37:37.132112,,,,,,,,,
8.002848335308954e-05,0.0024497313424944878,2025-11-22 06:37:37.374230,,,,,,,,,
8.119511039694771e-05,0.002382672391831875,2025-11-22 06:37:37.620744,,,,,,,,,
8.371224976144731e-05,0.0025123078376054764,2025-11-22 06:37:37.866095,,,,,,,,,
8.72139644343406e-05,0.002304826630279422,2025-11-22 06:37:38.116417,,,,,,,,,
8.793012239038944e-05,0.002277360064908862,2025-11-22 06:37:38.362270,,,,,,,,,
8.753015572438017e-05,0.0022149085998535156,2025-11-22 06:37:38.603815,,,,,,,,,
8.71782613103278e-05,0.0025662777479737997,2025-11-22 06:37:38.851380,,,,,,,,,
8.908175368560478e-05,0.0021448154002428055,2025-11-22 06:37:39.105480,,,,,,,,,
9.021840378409252e-05,0.0025006465148180723,2025-11-22 06:37:39.350648,,,,,,,,,
9.007639164337888e-05,0.0018508408684283495,2025-11-22 06:37:39.596131,,,,,,,,,
8.678876474732533e-05,0.0020378469489514828,2025-11-22 06:37:39.835601,,,,,,,,,
8.355321187991649e-05,0.0025030362885445356,2025-11-22 06:37:40.079994,,,,,,,,,
8.30403296276927e-05,0.0022039245814085007,2025-11-22 06:37:40.326372,,,,,,,,,
8.36588951642625e-05,0.002064267871901393,2025-11-22 06:37:40.582840,,,,,,,,,
8.288224489660934e-05,0.0022546646650880575,2025-11-22 06:37:40.822390,,,,,,,,,
8.171623630914837e-05,0.0018253717571496964,2025-11-22 06:37:41.071641,,,,,,,,,
7.8649289207533e-05,0.00250670756213367,2025-11-22 06:37:41.330859,,,,,,,,,
7.950309372972697e-05,0.002401802223175764,2025-11-22 06:37:41.559960,,,,,,,,,
8.162199810612947e-05,0.0019343572203069925,2025-11-22 06:37:41.806584,,,,,,,,,
8.231675019487739e-05,0.002232283353805542,2025-11-22 06:37:42.053214,,,,,,,,,
8.11764839454554e-05,0.0021478445269167423,2025-11-22 06:37:42.296941,,,,,,,,,
8.033493213588372e-05,0.002143383491784334,2025-11-22 06:37:42.545600,,,,,,,,,
7.961276423884556e-05,0.00253970711492002,2025-11-22 06:37:42.792479,,,,,,,,,
8.187026833184063e-05,0.00209000613540411,2025-11-22 06:37:43.050945,,,,,,,,,
8.439574594376609e-05,0.0020281937904655933,2025-11-22 06:37:43.287466,,,,,,,,,
8.459086529910564e-05,0.0025368945207446814,2025-11-22 06:37:43.543995,,,,,,,,,
8.411580347456038e-05,0.002160577801987529,2025-11-22 06:37:43.797399,,,,,,,,,
8.391984010813758e-05,0.0021142626646906137,2025-11-22 06:37:44.029834,,,,,,,,,
8.286533557111397e-05,0.0027214298024773598,2025-11-22 06:37:44.276827,,,,,,,,,
8.314953447552398e-05,0.0027559688314795494,2025-11-22 06:37:44.523272,,,,,,,,,
8.569677447667345e-05,0.002252250909805298,2025-11-22 06:37:44.768357,,,,,,,,,
8.565691678086296e-05,0.0021122214384377003,2025-11-22 06:37:45.015919,,,,,,,,,
8.330179116455838e-05,0.001771008362993598,2025-11-22 06:37:45.264468,,,,,,,,,
8.08202094049193e-05,0.002644128864631057,2025-11-22 06:37:45.507420,,,,,,,,,
8.204115874832496e-05,0.0022404645569622517,2025-11-22 06:37:45.780707,,,,,,,,,
8.424840780207887e-05,0.0021409480832517147,2025-11-22 06:37:46.017478,,,,,,,,,
8.537050598533824e-05,0.00195758487097919,2025-11-22 06:37:46.260868,,,,,,,,,
8.46764596644789e-05,0.002218420384451747,2025-11-22 06:37:46.517299,,,,,,,,,
8.449807501165196e-05,0.0021345994900912046,2025-11-22 06:37:46.753128,,,,,,,,,
8.44506939756684e-05,0.002388601889833808,2025-11-22 06:37:46.999196,,,,,,,,,
8.3947139501106e-05,0.00201785983517766,2025-11-22 06:37:47.248632,,,,,,,,,
8.353411249117926e-05,0.0021450810600072145,2025-11-22 06:37:47.496000,,,,,,,,,
8.189794607460499e-05,0.0024083019234240055,2025-11-22 06:37:47.741640,,,,,,,,,
8.06806274340488e-05,0.0022844700142741203,2025-11-22 06:37:48.011558,,,,,,,,,
8.206188067561015e-05,0.0017616265686228871,2025-11-22 06:37:48.252140,,,,,,,,,
8.089796028798446e-05,0.0017234073020517826,2025-11-22 06:37:48.506386,,,,,,,,,
7.738919521216303e-05,0.002524528419598937,2025-11-22 06:37:48.747053,,,,,,,,,
7.669584738323465e-05,0.002316887956112623,2025-11-22 06:37:49.009132,,,,,,,,,
7.770268712192774e-05,0.002192612737417221,2025-11-22 06:37:49.270054,,,,,,,,,
7.894587179180235e-05,0.002576976316049695,2025-11-22 06:37:49.508616,,,,,,,,,
8.290647383546457e-05,0.002094581024721265,2025-11-22 06:37:49.749799,,,,,,,,,
8.383121894439682e-05,0.00220626057125628,2025-11-22 06:37:49.997262,,,,,,,,,
8.38472624309361e-05,0.0023999742697924376,2025-11-22 06:37:50.241624,,,,,,,,,
8.524974691681564e-05,0.0023091589100658894,2025-11-22 06:37:50.494104,,,,,,,,,
8.59922802192159e-05,0.002115128329023719,2025-11-22 06:37:50.762100,,,,,,,,,
8.546594472136348e-05,0.0016760941362008452,2025-11-22 06:37:50.995211,,,,,,,,,
8.391038863919675e-05,0.0024122647009789944,2025-11-22 06:37:51.249034,,,,,,,,,
8.474087371723726e-05,0.0022119078785181046,2025-11-22 06:37:51.487403,,,,,,,,,
8.618139690952376e-05,0.002357732504606247,2025-11-22 06:37:51.735468,,,,,,,,,
8.626330236438662e-05,0.00260620703920722,2025-11-22 06:37:51.978695,,,,,,,,,
8.57748236740008e-05,0.0021674432791769505,2025-11-22 06:37:52.248000,,,,,,,,,
8.409001748077571e-05,0.0017854131292551756,2025-11-22 06:37:52.477295,,,,,,,,,
8.274211722891778e-05,0.002329867333173752,2025-11-22 06:37:52.737884,,,,,,,,,
8.406176493735984e-05,0.0022786296904087067,2025-11-22 06:37:52.979006,,,,,,,,,
8.618719584774226e-05,0.0021287756972014904,2025-11-22 06:37:53.228593,,,,,,,,,
8.660711318952963e-05,0.0022623196709901094,2025-11-22 06:37:53.490416,,,,,,,,,
8.412795432377607e-05,0.002519079949706793,2025-11-22 06:37:53.730882,,,,,,,,,
8.39627391542308e-05,0.0020879097282886505,2025-11-22 06:37:53.981302,,,,,,,,,
8.314615115523338e-05,0.0022536383476108313,2025-11-22 06:37:54.222028,,,,,,,,,
8.390354923903942e-05,0.0020489038433879614,2025-11-22 06:37:54.468241,,,,,,,,,
8.319535118062049e-05,0.0018499121069908142,2025-11-22 06:37:54.712277,,,,,,,,,
8.138421253534034e-05,0.0021603810600936413,2025-11-22 06:37:54.959023,,,,,,,,,
7.963704410940409e-05,0.002261524088680744,2025-11-22 06:37:55.212526,,,,,,,,,
7.904847734607756e-05,0.0025452258996665478,2025-11-22 06:37:55.454145,,,,,,,,,
8.254573185695335e-05,0.002079298719763756,2025-11-22 06:37:55.700138,,,,,,,,,
8.354918099939823e-05,0.002093484392389655,2025-11-22 06:37:55.954848,,,,,,,,,
8.434284245595336e-05,0.002111417707055807,2025-11-22 06:37:56.215498,,,,,,,,,
8.472198533127084e-05,0.001866361708380282,2025-11-22 06:37:56.444632,,,,,,,,,
8.383837121073157e-05,0.0027245208621025085,2025-11-22 06:37:56.707421,,,,,,,,,
8.37644693092443e-05,0.0026153535582125187,2025-11-22 06:37:56.956299,,,,,,,,,
8.501656702719629e-05,0.0025437239091843367,2025-11-22 06:37:57.191439,,,,,,,,,
8.537518442608416e-05,0.0018016828689724207,2025-11-22 06:37:57.438837,,,,,,,,,
8.24365415610373e-05,0.002284305403009057,2025-11-22 06:37:57.701950,,,,,,,,,
8.017905929591507e-05,0.002183852717280388,2025-11-22 06:37:57.941108,,,,,,,,,
8.055930811678991e-05,0.0021030164789408445,2025-11-22 06:37:58.186411,,,,,,,,,
8.019424421945587e-05,0.0021021468564867973,2025-11-22 06:37:58.439851,,,,,,,,,
7.958262722240761e-05,0.0022116282489150763,2025-11-22 06:37:58.679247,,,,,,,,,
7.86603195592761e-05,0.0021685331594198942,2025-11-22 06:37:58.938649,,,,,,,,,
7.88439137977548e-05,0.00206466531381011,2025-11-22 06:37:59.184642,,,,,,,,,
8.012849139049649e-05,0.002625572495162487,2025-11-22 06:37:59.423508,,,,,,,,,
8.244188211392611e-05,0.001968920696526766,2025-11-22 06:37:59.667522,,,,,,,,,
8.224337943829596e-05,0.0021368791349232197,2025-11-22 06:37:59.926346,,,,,,,,,
8.166908810380846e-05,0.0020192046649754047,2025-11-22 06:38:00.161770,,,,,,,,,
8.185212936950848e-05,0.002369194757193327,2025-11-22 06:38:00.407140,,,,,,,,,
8.237850124714896e-05,0.0020119722466915846,2025-11-22 06:38:00.670246,,,,,,,,,
8.288551907753572e-05,0.002185108372941613,2025-11-22 06:38:00.915751,,,,,,,,,
8.20482091512531e-05,0.002759890630841255,2025-11-22 06:38:01.159830,,,,,,,,,
8.090864139376208e-05,0.0022245494183152914,2025-11-22 06:38:01.406997,,,,,,,,,
8.025401621125638e-05,0.002577106934040785,2025-11-22 06:38:01.658302,,,,,,,,,
8.024121052585542e-05,0.002090864349156618,2025-11-22 06:38:01.899584,,,,,,,,,
8.020218956517056e-05,0.002163466764613986,2025-11-22 06:38:02.154344,,,,,,,,,
8.048845484154299e-05,0.0022121143992990255,2025-11-22 06:38:02.390194,,,,,,,,,
8.0251666076947e-05,0.00239085266366601,2025-11-22 06:38:02.657546,,,,,,,,,
8.023049304028973e-05,0.002312921453267336,2025-11-22 06:38:02.892790,,,,,,,,,
8.059046376729384e-05,0.0022545992396771908,2025-11-22 06:38:03.137342,,,,,,,,,
8.217280264943838e-05,0.002226154087111354,2025-11-22 06:38:03.383990,,,,,,,,,
8.33179074106738e-05,0.0026350829284638166,2025-11-22 06:38:03.632354,,,,,,,,,
8.459882519673556e-05,0.0022035026922822,2025-11-22 06:38:03.887982,,,,,,,,,
8.506807353114709e-05,0.002196609042584896,2025-11-22 06:38:04.124003,,,,,,,,,
8.6298692622222e-05,0.0020303588826209307,2025-11-22 06:38:04.370083,,,,,,,,,
8.701007755007595e-05,0.00218570395372808,2025-11-22 06:38:04.621046,,,,,,,,,
8.532983338227496e-05,0.0021331491880118847,2025-11-22 06:38:04.865183,,,,,,,,,
8.22152869659476e-05,0.002073406707495451,2025-11-22 06:38:05.116204,,,,,,,,,
7.921325595816597e-05,0.002181706950068474,2025-11-22 06:38:05.377436,,,,,,,,,
8.014641935005784e-05,0.0021464740857481956,2025-11-22 06:38:05.621650,,,,,,,,,
8.248705853475258e-05,0.0025277279783040285,2025-11-22 06:38:05.873930,,,,,,,,,
8.483453711960465e-05,0.0024436383973807096,2025-11-22 06:38:06.125274,,,,,,,,,
8.501033880747855e-05,0.0018683011876419187,2025-11-22 06:38:06.367922,,,,,,,,,
8.337042527273297e-05,0.002159697702154517,2025-11-22 06:38:06.616871,,,,,,,,,
8.27875264803879e-05,0.002326762769371271,2025-11-22 06:38:06.869869,,,,,,,,,
8.374659228138626e-05,0.002356711309403181,2025-11-22 06:38:07.138227,,,,,,,,,
8.389171125600114e-05,0.0018220249330624938,2025-11-22 06:38:07.380275,,,,,,,,,
8.313471334986389e-05,0.0019734350498765707,2025-11-22 06:38:07.634645,,,,,,,,,
8.11623249319382e-05,0.002022783737629652,2025-11-22 06:38:07.890867,,,,,,,,,
7.857522723497823e-05,0.0019558025524020195,2025-11-22 06:38:08.138308,,,,,,,,,
7.639036630280316e-05,0.001962607726454735,2025-11-22 06:38:08.377181,,,,,,,,,
7.54463326302357e-05,0.002093517454341054,2025-11-22 06:38:08.626130,,,,,,,,,
,,2025-11-22 06:38:08.793905,8.276782859360942e-05,0.0022216809819737035,0.00075,,,,,,
,,2025-11-22 06:38:17.133446,,,,27.245494842529297,9.158912658691406,,,,
,,2025-11-22 06:38:17.135955,,,,,,7.603481208207086e-05,0.002177852214887165,27.245494842529297,9.158912658691406
7.603481208207086e-05,0.0026534446515142918,2025-11-22 06:38:21.360549,,,,,,,,,
7.908516272436827e-05,0.0022443728521466255,2025-11-22 06:38:21.592372,,,,,,,,,
8.100666309474036e-05,0.001984365051612258,2025-11-22 06:38:21.838715,,,,,,,,,
8.051813347265124e-05,0.0023739782627671957,2025-11-22 06:38:22.107817,,,,,,,,,
8.129008347168565e-05,0.0024290629662573338,2025-11-22 06:38:22.334449,,,,,,,,,
8.167210762621835e-05,0.0020046872086822987,2025-11-22 06:38:22.583233,,,,,,,,,
8.18718908703886e-05,0.0019650356844067574,2025-11-22 06:38:22.836006,,,,,,,,,
8.108162728603929e-05,0.002264579990878701,2025-11-22 06:38:23.085631,,,,,,,,,
8.137759868986905e-05,0.0019004946807399392,2025-11-22 06:38:23.339832,,,,,,,,,
7.962500967551023e-05,0.0024202498607337475,2025-11-22 06:38:23.578290,,,,,,,,,
7.764147449051961e-05,0.0022259296383708715,2025-11-22 06:38:23.822370,,,,,,,,,
7.68178651924245e-05,0.002037310739979148,2025-11-22 06:38:24.079060,,,,,,,,,
7.64076758059673e-05,0.00245102820917964,2025-11-22 06:38:24.314472,,,,,,,,,
7.746970368316397e-05,0.002275057602673769,2025-11-22 06:38:24.559584,,,,,,,,,
7.860604819143191e-05,0.0020535311195999384,2025-11-22 06:38:24.810070,,,,,,,,,
7.885314698796719e-05,0.0021402952261269093,2025-11-22 06:38:25.050083,,,,,,,,,
7.852826092857867e-05,0.0022486920934170485,2025-11-22 06:38:25.315117,,,,,,,,,
7.870061381254345e-05,0.0022200357634574175,2025-11-22 06:38:25.549723,,,,,,,,,
7.951763109304011e-05,0.0020082236733287573,2025-11-22 06:38:25.794814,,,,,,,,,
8.016303036129102e-05,0.0024839560501277447,2025-11-22 06:38:26.047889,,,,,,,,,
8.198461000574753e-05,0.0024603058118373156,2025-11-22 06:38:26.289664,,,,,,,,,
8.368865383090451e-05,0.0023099039681255817,2025-11-22 06:38:26.542787,,,,,,,,,
8.448503649560735e-05,0.0021387857850641012,2025-11-22 06:38:26.785367,,,,,,,,,
8.333989535458386e-05,0.002202168572694063,2025-11-22 06:38:27.026409,,,,,,,,,
8.29984710435383e-05,0.0023545464500784874,2025-11-22 06:38:27.272383,,,,,,,,,
8.400819933740422e-05,0.0018797956872731447,2025-11-22 06:38:27.534287,,,,,,,,,
8.407588757108897e-05,0.0019573592580854893,2025-11-22 06:38:27.765036,,,,,,,,,
8.398735371883959e-05,0.0020593428052961826,2025-11-22 06:38:28.014844,,,,,,,,,
8.394510950893164e-05,0.0023690059315413237,2025-11-22 06:38:28.271160,,,,,,,,,
8.455007628072053e-05,0.0019539727363735437,2025-11-22 06:38:28.521282,,,,,,,,,
8.273988350993022e-05,0.0021549181547015905,2025-11-22 06:38:28.760331,,,,,,,,,
8.050172618823126e-05,0.0019585415720939636,2025-11-22 06:38:29.007057,,,,,,,,,
7.960084622027352e-05,0.0024066942278295755,2025-11-22 06:38:29.249951,,,,,,,,,
8.001114474609494e-05,0.0019751808140426874,2025-11-22 06:38:29.499980,,,,,,,,,
7.938090129755437e-05,0.001987688709050417,2025-11-22 06:38:29.749725,,,,,,,,,
7.724946772214025e-05,0.0020703368354588747,2025-11-22 06:38:30.004705,,,,,,,,,
7.504315726691857e-05,0.0028381049633026123,2025-11-22 06:38:30.250157,,,,,,,,,
7.762037421343848e-05,0.002312722150236368,2025-11-22 06:38:30.489663,,,,,,,,,
8.058774983510375e-05,0.002122055273503065,2025-11-22 06:38:30.732418,,,,,,,,,
8.274528954643756e-05,0.0021630183327943087,2025-11-22 06:38:30.984403,,,,,,,,,
8.364628592971712e-05,0.0022318812552839518,2025-11-22 06:38:31.237471,,,,,,,,,
8.335098391398787e-05,0.0020069049205631018,2025-11-22 06:38:31.487196,,,,,,,,,
8.338657789863646e-05,0.0026849829591810703,2025-11-22 06:38:31.735564,,,,,,,,,
8.390413131564856e-05,0.002029931405559182,2025-11-22 06:38:31.989912,,,,,,,,,
8.514939690940082e-05,0.002137952484190464,2025-11-22 06:38:32.240839,,,,,,,,,
8.512162457918748e-05,0.0025915876030921936,2025-11-22 06:38:32.481761,,,,,,,,,
8.564240852138028e-05,0.002199155278503895,2025-11-22 06:38:32.734375,,,,,,,,,
8.601370063843206e-05,0.0018611880950629711,2025-11-22 06:38:32.974023,,,,,,,,,
8.494117355439812e-05,0.0020648851059377193,2025-11-22 06:38:33.220521,,,,,,,,,
8.38999476400204e-05,0.0020238079596310854,2025-11-22 06:38:33.468526,,,,,,,,,
8.180498844012618e-05,0.002095828764140606,2025-11-22 06:38:33.712495,,,,,,,,,
7.922027725726366e-05,0.002021652413532138,2025-11-22 06:38:33.962980,,,,,,,,,
7.905879465397447e-05,0.0023238349240273237,2025-11-22 06:38:34.207400,,,,,,,,,
8.101498679025099e-05,0.002029968425631523,2025-11-22 06:38:34.456271,,,,,,,,,
8.240683382609859e-05,0.0022123968228697777,2025-11-22 06:38:34.710298,,,,,,,,,
8.275111758848652e-05,0.0024092921521514654,2025-11-22 06:38:34.952886,,,,,,,,,
8.28066113172099e-05,0.002303160959854722,2025-11-22 06:38:35.209361,,,,,,,,,
8.318199252244085e-05,0.0023419761564582586,2025-11-22 06:38:35.457795,,,,,,,,,
8.496338705299422e-05,0.002070880029350519,2025-11-22 06:38:35.697151,,,,,,,,,
8.576911932323128e-05,0.002202671952545643,2025-11-22 06:38:35.940916,,,,,,,,,
8.63621462485753e-05,0.0017308524111285806,2025-11-22 06:38:36.189292,,,,,,,,,
8.327824616571888e-05,0.0020417056512087584,2025-11-22 06:38:36.438517,,,,,,,,,
8.000650996109471e-05,0.0023268938530236483,2025-11-22 06:38:36.689542,,,,,,,,,
7.895049202488735e-05,0.002369437599554658,2025-11-22 06:38:36.930463,,,,,,,,,
7.957717753015459e-05,0.00215186201967299,2025-11-22 06:38:37.182534,,,,,,,,,
7.972624734975398e-05,0.002246821066364646,2025-11-22 06:38:37.430233,,,,,,,,,
8.014102786546573e-05,0.0022747889161109924,2025-11-22 06:38:37.681862,,,,,,,,,
8.051044278545305e-05,0.0022274728398770094,2025-11-22 06:38:37.924084,,,,,,,,,
8.235970017267391e-05,0.0022837168071419,2025-11-22 06:38:38.180461,,,,,,,,,
8.419734513154253e-05,0.0023678289726376534,2025-11-22 06:38:38.428698,,,,,,,,,
8.56285187182948e-05,0.002244600560516119,2025-11-22 06:38:38.675215,,,,,,,,,
8.671446266816929e-05,0.0023771037813276052,2025-11-22 06:38:38.919902,,,,,,,,,
8.672105468576774e-05,0.0024419869296252728,2025-11-22 06:38:39.156826,,,,,,,,,
8.641344902571291e-05,0.002077327808365226,2025-11-22 06:38:39.403898,,,,,,,,,
8.548240293748677e-05,0.00261020939797163,2025-11-22 06:38:39.650563,,,,,,,,,
8.57943668961525e-05,0.002371823647990823,2025-11-22 06:38:39.897150,,,,,,,,,
8.442039688816294e-05,0.0022899284958839417,2025-11-22 06:38:40.161956,,,,,,,,,
8.224091288866475e-05,0.0021147753577679396,2025-11-22 06:38:40.407992,,,,,,,,,
8.11914142104797e-05,0.0025310534983873367,2025-11-22 06:38:40.646664,,,,,,,,,
8.184366015484557e-05,0.002487471327185631,2025-11-22 06:38:40.894511,,,,,,,,,
8.22047222754918e-05,0.0016984319081529975,2025-11-22 06:38:41.138968,,,,,,,,,
7.991924212547019e-05,0.002182740019634366,2025-11-22 06:38:41.384175,,,,,,,,,
8.018832886591554e-05,0.001755173783749342,2025-11-22 06:38:41.633128,,,,,,,,,
8.051574695855379e-05,0.0024318289943039417,2025-11-22 06:38:41.877500,,,,,,,,,
8.150970097631216e-05,0.002227252349257469,2025-11-22 06:38:42.128580,,,,,,,,,
8.216902642743662e-05,0.0021475544199347496,2025-11-22 06:38:42.370462,,,,,,,,,
8.032903133425862e-05,0.0018465446773916483,2025-11-22 06:38:42.619687,,,,,,,,,
7.938997441669926e-05,0.001910373684950173,2025-11-22 06:38:42.865344,,,,,,,,,
7.901943899923936e-05,0.001948393415659666,2025-11-22 06:38:43.110165,,,,,,,,,
7.907386316219345e-05,0.002187493722885847,2025-11-22 06:38:43.356002,,,,,,,,,
7.862829079385847e-05,0.0020699009764939547,2025-11-22 06:38:43.607133,,,,,,,,,
7.873138383729383e-05,0.002319560619071126,2025-11-22 06:38:43.849435,,,,,,,,,
7.846495282137766e-05,0.002190106315538287,2025-11-22 06:38:44.098602,,,,,,,,,
8.071231422945857e-05,0.002276102313771844,2025-11-22 06:38:44.346599,,,,,,,,,
8.173145033651963e-05,0.0022390217054635286,2025-11-22 06:38:44.607265,,,,,,,,,
8.089411858236417e-05,0.001912212697789073,2025-11-22 06:38:44.846691,,,,,,,,,
8.017382060643286e-05,0.0020355430897325277,2025-11-22 06:38:45.089206,,,,,,,,,
8.016130595933646e-05,0.002635409589856863,2025-11-22 06:38:45.336753,,,,,,,,,
8.147289918269962e-05,0.0020096679218113422,2025-11-22 06:38:45.580754,,,,,,,,,
8.235488348873332e-05,0.0019330664072185755,2025-11-22 06:38:45.840662,,,,,,,,,
8.202680328395218e-05,0.0022088447585701942,2025-11-22 06:38:46.087932,,,,,,,,,
8.251213148469105e-05,0.0020647416822612286,2025-11-22 06:38:46.322561,,,,,,,,,
8.29990822239779e-05,0.0021078551653772593,2025-11-22 06:38:46.578231,,,,,,,,,
8.242208423325792e-05,0.002404793631285429,2025-11-22 06:38:46.842092,,,,,,,,,
8.315526065416634e-05,0.0022583468817174435,2025-11-22 06:38:47.068474,,,,,,,,,
8.349605923285708e-05,0.002509782323613763,2025-11-22 06:38:47.314356,,,,,,,,,
8.368174894712865e-05,0.00243127322755754,2025-11-22 06:38:47.561502,,,,,,,,,
8.538683323422447e-05,0.00209569139406085,2025-11-22 06:38:47.804394,,,,,,,,,
8.648655784782022e-05,0.0021600762847810984,2025-11-22 06:38:48.061411,,,,,,,,,
8.44345850055106e-05,0.0022435602732002735,2025-11-22 06:38:48.308229,,,,,,,,,
8.198020077543333e-05,0.002194719621911645,2025-11-22 06:38:48.559765,,,,,,,,,
8.097321551758796e-05,0.002174711087718606,2025-11-22 06:38:48.800491,,,,,,,,,
8.182171586668119e-05,0.0018926484044641256,2025-11-22 06:38:49.052485,,,,,,,,,
8.201879973057657e-05,0.0023316561710089445,2025-11-22 06:38:49.299691,,,,,,,,,
8.012856415007263e-05,0.0024508575443178415,2025-11-22 06:38:49.545031,,,,,,,,,
7.888420805102214e-05,0.0024889043997973204,2025-11-22 06:38:49.789863,,,,,,,,,
8.109628106467426e-05,0.002434717258438468,2025-11-22 06:38:50.039344,,,,,,,,,
8.438650547759607e-05,0.0020260366145521402,2025-11-22 06:38:50.282280,,,,,,,,,
8.484240242978558e-05,0.002383494284003973,2025-11-22 06:38:50.530112,,,,,,,,,
8.381045336136594e-05,0.0022115472238510847,2025-11-22 06:38:50.790906,,,,,,,,,
8.356020407518372e-05,0.0025359143037348986,2025-11-22 06:38:51.030238,,,,,,,,,
8.629649528302252e-05,0.002169018378481269,2025-11-22 06:38:51.272282,,,,,,,,,
8.607120980741456e-05,0.0022181763779371977,2025-11-22 06:38:51.522673,,,,,,,,,
8.350858115591109e-05,0.0018889975035563111,2025-11-22 06:38:51.771850,,,,,,,,,
8.184343460015953e-05,0.002112715970724821,2025-11-22 06:38:52.018635,,,,,,,,,
8.313295256812125e-05,0.0021867237519472837,2025-11-22 06:38:52.280193,,,,,,,,,
8.445025014225394e-05,0.0023854472674429417,2025-11-22 06:38:52.530458,,,,,,,,,
8.34774982649833e-05,0.0024886243045330048,2025-11-22 06:38:52.779655,,,,,,,,,
8.236429130192846e-05,0.002047772752121091,2025-11-22 06:38:53.026559,,,,,,,,,
8.154108218150213e-05,0.002294688718393445,2025-11-22 06:38:53.271597,,,,,,,,,
8.128891204250976e-05,0.002003321424126625,2025-11-22 06:38:53.537273,,,,,,,,,
8.261213224614039e-05,0.0018288837745785713,2025-11-22 06:38:53.764562,,,,,,,,,
8.112591604003683e-05,0.002054960932582617,2025-11-22 06:38:54.024349,,,,,,,,,
7.744182948954403e-05,0.0019298824481666088,2025-11-22 06:38:54.276009,,,,,,,,,
7.512277079513296e-05,0.0024573898408561945,2025-11-22 06:38:54.521879,,,,,,,,,
7.538706995546818e-05,0.0025529160629957914,2025-11-22 06:38:54.784159,,,,,,,,,
7.786182686686516e-05,0.00239100051112473,2025-11-22 06:38:55.026251,,,,,,,,,
7.971188460942358e-05,0.002258280059322715,2025-11-22 06:38:55.275238,,,,,,,,,
8.087023161351681e-05,0.00217853719368577,2025-11-22 06:38:55.521867,,,,,,,,,
8.185382466763258e-05,0.00215658126398921,2025-11-22 06:38:55.781104,,,,,,,,,
8.410931332036853e-05,0.002140331780537963,2025-11-22 06:38:56.022147,,,,,,,,,
8.606819028500468e-05,0.0022177621722221375,2025-11-22 06:38:56.270722,,,,,,,,,
8.917263767216355e-05,0.002624404849484563,2025-11-22 06:38:56.526955,,,,,,,,,
9.099254384636879e-05,0.002334132557734847,2025-11-22 06:38:56.773133,,,,,,,,,
,,2025-11-22 06:38:56.839283,8.189208165276796e-05,0.0022080380626397934,0.000375,,,,,,
,,2025-11-22 06:39:05.285628,,,,26.467700958251953,9.424044609069824,,,,
,,2025-11-22 06:39:05.287700,,,,,,9.094775305129588e-05,0.0020480432520763804,26.467700958251953,9.424044609069824
9.094775305129588e-05,0.002066456014290452,2025-11-22 06:39:09.709141,,,,,,,,,
8.828131103655323e-05,0.002149985870346427,2025-11-22 06:39:09.947913,,,,,,,,,
8.710190013516694e-05,0.0023615045938640833,2025-11-22 06:39:10.191307,,,,,,,,,
8.494839130435139e-05,0.0023476374335587025,2025-11-22 06:39:10.449340,,,,,,,,,
8.272734703496099e-05,0.0024573542177677155,2025-11-22 06:39:10.686267,,,,,,,,,
8.02005160949193e-05,0.0020992737263441086,2025-11-22 06:39:10.935239,,,,,,,,,
7.802521577104926e-05,0.0024096097331494093,2025-11-22 06:39:11.181933,,,,,,,,,
7.926544640213251e-05,0.0022303105797618628,2025-11-22 06:39:11.428713,,,,,,,,,
8.066450391197577e-05,0.002493923995643854,2025-11-22 06:39:11.676957,,,,,,,,,
8.082776912488043e-05,0.0017834727186709642,2025-11-22 06:39:11.934419,,,,,,,,,
8.04559895186685e-05,0.002017670078203082,2025-11-22 06:39:12.184478,,,,,,,,,
8.062378037720919e-05,0.002297890605404973,2025-11-22 06:39:12.428913,,,,,,,,,
8.150755456881598e-05,0.002049410017207265,2025-11-22 06:39:12.666394,,,,,,,,,
8.166974293999374e-05,0.0021825244184583426,2025-11-22 06:39:12.921502,,,,,,,,,
8.277918823296204e-05,0.0021625373046845198,2025-11-22 06:39:13.163103,,,,,,,,,
8.332245488418266e-05,0.002204511547461152,2025-11-22 06:39:13.412429,,,,,,,,,
8.202705066651106e-05,0.002133894246071577,2025-11-22 06:39:13.650908,,,,,,,,,
8.14221566542983e-05,0.0021823528222739697,2025-11-22 06:39:13.901745,,,,,,,,,
8.052076009334996e-05,0.002017764374613762,2025-11-22 06:39:14.146067,,,,,,,,,
7.938938506413251e-05,0.0022441691253334284,2025-11-22 06:39:14.392296,,,,,,,,,
8.046822040341794e-05,0.0022840206511318684,2025-11-22 06:39:14.642481,,,,,,,,,
8.361450454685837e-05,0.002040407620370388,2025-11-22 06:39:14.883416,,,,,,,,,
8.503831486450508e-05,0.002311817603185773,2025-11-22 06:39:15.128859,,,,,,,,,
8.581466681789607e-05,0.0023523978888988495,2025-11-22 06:39:15.376287,,,,,,,,,
8.444394916296005e-05,0.0024696257896721363,2025-11-22 06:39:15.625305,,,,,,,,,
8.479368989355862e-05,0.0020551870111376047,2025-11-22 06:39:15.870816,,,,,,,,,
8.38913838379085e-05,0.002198063535615802,2025-11-22 06:39:16.113941,,,,,,,,,
8.304871880682185e-05,0.0016955096507444978,2025-11-22 06:39:16.360442,,,,,,,,,
7.922563963802531e-05,0.001836871961131692,2025-11-22 06:39:16.608633,,,,,,,,,
7.560027006547898e-05,0.0023721333127468824,2025-11-22 06:39:16.855310,,,,,,,,,
7.485895184800029e-05,0.002156553789973259,2025-11-22 06:39:17.101396,,,,,,,,,
7.582857506349683e-05,0.0019991681911051273,2025-11-22 06:39:17.345394,,,,,,,,,
7.637683302164078e-05,0.0025722957216203213,2025-11-22 06:39:17.589901,,,,,,,,,
7.886657112976536e-05,0.0022264514118433,2025-11-22 06:39:17.849492,,,,,,,,,
8.172771049430594e-05,0.002347501926124096,2025-11-22 06:39:18.084353,,,,,,,,,
8.533937943866476e-05,0.0021659911144524813,2025-11-22 06:39:18.332784,,,,,,,,,
8.62329252413474e-05,0.0021428449545055628,2025-11-22 06:39:18.574562,,,,,,,,,
8.578350389143452e-05,0.0017484923591837287,2025-11-22 06:39:18.820950,,,,,,,,,
8.384136890526861e-05,0.002626869361847639,2025-11-22 06:39:19.067373,,,,,,,,,
8.577686821809039e-05,0.0018884233431890607,2025-11-22 06:39:19.313104,,,,,,,,,
8.701962360646576e-05,0.001971110235899687,2025-11-22 06:39:19.561916,,,,,,,,,
8.57052655192092e-05,0.0022510490380227566,2025-11-22 06:39:19.807223,,,,,,,,,
8.190024527721107e-05,0.0021342893596738577,2025-11-22 06:39:20.053119,,,,,,,,,
7.845919026294723e-05,0.002404084661975503,2025-11-22 06:39:20.300628,,,,,,,,,
7.693526276852936e-05,0.00222408352419734,2025-11-22 06:39:20.542000,,,,,,,,,
7.76853776187636e-05,0.0017991509521380067,2025-11-22 06:39:20.793373,,,,,,,,,
7.658830872969702e-05,0.0025957669131457806,2025-11-22 06:39:21.043620,,,,,,,,,
7.73271094658412e-05,0.002290467731654644,2025-11-22 06:39:21.290573,,,,,,,,,
7.761206506984308e-05,0.00229154946282506,2025-11-22 06:39:21.530162,,,,,,,,,
7.868103421060368e-05,0.0017516632797196507,2025-11-22 06:39:21.781350,,,,,,,,,
7.956122135510668e-05,0.0026113016065210104,2025-11-22 06:39:22.025899,,,,,,,,,
8.279890607809648e-05,0.0021371846087276936,2025-11-22 06:39:22.266958,,,,,,,,,
8.500568219460547e-05,0.002247564261779189,2025-11-22 06:39:22.516155,,,,,,,,,
8.598630665801466e-05,0.0025372456293553114,2025-11-22 06:39:22.756449,,,,,,,,,
8.676562720211223e-05,0.001972438069060445,2025-11-22 06:39:23.006997,,,,,,,,,
8.560272544855252e-05,0.0020785622764378786,2025-11-22 06:39:23.247865,,,,,,,,,
8.46120819915086e-05,0.0017239145236089826,2025-11-22 06:39:23.493563,,,,,,,,,
8.285237709060311e-05,0.0025407937355339527,2025-11-22 06:39:23.738884,,,,,,,,,
8.142398291965947e-05,0.002763941418379545,2025-11-22 06:39:23.983402,,,,,,,,,
8.422783139394596e-05,0.0019778183195739985,2025-11-22 06:39:24.230913,,,,,,,,,
8.346928370883688e-05,0.00229632668197155,2025-11-22 06:39:24.481890,,,,,,,,,
8.273826824733987e-05,0.0024400753900408745,2025-11-22 06:39:24.721805,,,,,,,,,
8.342257933691144e-05,0.0020167911425232887,2025-11-22 06:39:24.972557,,,,,,,,,
8.628880459582433e-05,0.0021212417632341385,2025-11-22 06:39:25.217488,,,,,,,,,
8.761890785535797e-05,0.002116176299750805,2025-11-22 06:39:25.458793,,,,,,,,,
8.680258179083467e-05,0.002037043683230877,2025-11-22 06:39:25.706626,,,,,,,,,
8.425572013948113e-05,0.002026783302426338,2025-11-22 06:39:25.953365,,,,,,,,,
8.269346290035173e-05,0.001990203047171235,2025-11-22 06:39:26.202764,,,,,,,,,
8.163414895534515e-05,0.0024300357326865196,2025-11-22 06:39:26.460100,,,,,,,,,
8.228704973589629e-05,0.001994208199903369,2025-11-22 06:39:26.707531,,,,,,,,,
8.38073538034223e-05,0.0020457501523196697,2025-11-22 06:39:26.950574,,,,,,,,,
8.339618216268718e-05,0.0019005024805665016,2025-11-22 06:39:27.194377,,,,,,,,,
8.229682862292975e-05,0.0022549284622073174,2025-11-22 06:39:27.442576,,,,,,,,,
8.315568993566558e-05,0.0023471734020859003,2025-11-22 06:39:27.689971,,,,,,,,,
8.883091504685581e-05,0.002189725637435913,2025-11-22 06:39:27.935860,,,,,,,,,
8.961537969298661e-05,0.0020924252457916737,2025-11-22 06:39:28.183124,,,,,,,,,
8.751142013352364e-05,0.0020658178254961967,2025-11-22 06:39:28.427668,,,,,,,,,
8.58762941788882e-05,0.0022247880697250366,2025-11-22 06:39:28.669826,,,,,,,,,
8.474695641780272e-05,0.002201886149123311,2025-11-22 06:39:28.919247,,,,,,,,,
8.287841046694666e-05,0.002055778168141842,2025-11-22 06:39:29.168712,,,,,,,,,
8.023164991755038e-05,0.002153841545805335,2025-11-22 06:39:29.418198,,,,,,,,,
7.778409053571522e-05,0.002057391218841076,2025-11-22 06:39:29.666106,,,,,,,,,
7.68961981520988e-05,0.0022440452594310045,2025-11-22 06:39:29.904716,,,,,,,,,
7.81926210038364e-05,0.002272016368806362,2025-11-22 06:39:30.154741,,,,,,,,,
7.890754204709083e-05,0.0023330794647336006,2025-11-22 06:39:30.401181,,,,,,,,,
8.015493949642405e-05,0.0019924526568502188,2025-11-22 06:39:30.646003,,,,,,,,,
8.066686859820038e-05,0.0021992740221321583,2025-11-22 06:39:30.891094,,,,,,,,,
8.365920803043991e-05,0.002664922969415784,2025-11-22 06:39:31.137171,,,,,,,,,
8.651626558275893e-05,0.001989348093047738,2025-11-22 06:39:31.384479,,,,,,,,,
8.634819823782891e-05,0.0020692076068371534,2025-11-22 06:39:31.643832,,,,,,,,,
8.250793325714767e-05,0.0021861048880964518,2025-11-22 06:39:31.882618,,,,,,,,,
8.047073788475245e-05,0.002030343981459737,2025-11-22 06:39:32.131930,,,,,,,,,
7.99046756583266e-05,0.0022107360418885946,2025-11-22 06:39:32.384309,,,,,,,,,
8.040591637836769e-05,0.0018082794267684221,2025-11-22 06:39:32.629764,,,,,,,,,
7.989825826371089e-05,0.0022197780199348927,2025-11-22 06:39:32.870294,,,,,,,,,
7.988625293364748e-05,0.002005005022510886,2025-11-22 06:39:33.116746,,,,,,,,,
7.960369111970067e-05,0.0020742283668369055,2025-11-22 06:39:33.370647,,,,,,,,,
8.052229532040656e-05,0.0026215864345431328,2025-11-22 06:39:33.624219,,,,,,,,,
8.369682473130524e-05,0.001912037725560367,2025-11-22 06:39:33.863780,,,,,,,,,
8.414737385464832e-05,0.0020530058536678553,2025-11-22 06:39:34.114902,,,,,,,,,
8.247930236393586e-05,0.0026156341191381216,2025-11-22 06:39:34.356893,,,,,,,,,
8.306307427119464e-05,0.002454029396176338,2025-11-22 06:39:34.608937,,,,,,,,,
8.27013427624479e-05,0.0023009914439171553,2025-11-22 06:39:34.861581,,,,,,,,,
8.310401608468965e-05,0.0026250239461660385,2025-11-22 06:39:35.130748,,,,,,,,,
8.224938937928528e-05,0.002513688523322344,2025-11-22 06:39:35.360225,,,,,,,,,
8.263004565378651e-05,0.002231951104477048,2025-11-22 06:39:35.611660,,,,,,,,,
8.488530875183642e-05,0.001891851075924933,2025-11-22 06:39:35.855917,,,,,,,,,
8.638859435450286e-05,0.002232162281870842,2025-11-22 06:39:36.101711,,,,,,,,,
8.690397953614593e-05,0.0026878011412918568,2025-11-22 06:39:36.354381,,,,,,,,,
8.72221717145294e-05,0.0021855332888662815,2025-11-22 06:39:36.602673,,,,,,,,,
8.763337973505259e-05,0.0020053826738148928,2025-11-22 06:39:36.851212,,,,,,,,,
8.579543646192178e-05,0.0022820269223302603,2025-11-22 06:39:37.092729,,,,,,,,,
8.435854397248477e-05,0.002032402204349637,2025-11-22 06:39:37.344851,,,,,,,,,
8.272619015770033e-05,0.0020709610544145107,2025-11-22 06:39:37.597116,,,,,,,,,
7.933425513328984e-05,0.0018854157533496618,2025-11-22 06:39:37.835427,,,,,,,,,
7.584673585370183e-05,0.0019682629499584436,2025-11-22 06:39:38.094308,,,,,,,,,
7.577468932140619e-05,0.002069504000246525,2025-11-22 06:39:38.328693,,,,,,,,,
7.695941167185083e-05,0.0021758927032351494,2025-11-22 06:39:38.584306,,,,,,,,,
7.760999869788066e-05,0.0026353325229138136,2025-11-22 06:39:38.833347,,,,,,,,,
7.811191608197987e-05,0.0018724247347563505,2025-11-22 06:39:39.074960,,,,,,,,,
7.76476226747036e-05,0.002527137054130435,2025-11-22 06:39:39.331929,,,,,,,,,
7.893369911471382e-05,0.0023332620039582253,2025-11-22 06:39:39.583486,,,,,,,,,
8.231123501900584e-05,0.0025674584321677685,2025-11-22 06:39:39.818259,,,,,,,,,
8.52823504828848e-05,0.002023457083851099,2025-11-22 06:39:40.081620,,,,,,,,,
8.582685404689983e-05,0.0019593629986047745,2025-11-22 06:39:40.314227,,,,,,,,,
8.467376756016165e-05,0.0021059243008494377,2025-11-22 06:39:40.560770,,,,,,,,,
8.305301889777184e-05,0.0018654005834832788,2025-11-22 06:39:40.825303,,,,,,,,,
8.068190072663128e-05,0.00211421400308609,2025-11-22 06:39:41.065579,,,,,,,,,
7.937908958410844e-05,0.0024865756276994944,2025-11-22 06:39:41.322424,,,,,,,,,
7.87363460403867e-05,0.0020750833209604025,2025-11-22 06:39:41.567850,,,,,,,,,
7.905050733825192e-05,0.0016814122209325433,2025-11-22 06:39:41.812629,,,,,,,,,
7.852948328945786e-05,0.00180493900552392,2025-11-22 06:39:42.068508,,,,,,,,,
7.662468851776794e-05,0.0023406939581036568,2025-11-22 06:39:42.305137,,,,,,,,,
7.856724550947547e-05,0.0025737015530467033,2025-11-22 06:39:42.562045,,,,,,,,,
8.276067819679156e-05,0.00222948519513011,2025-11-22 06:39:42.798830,,,,,,,,,
8.372484444407746e-05,0.0021748316939920187,2025-11-22 06:39:43.048360,,,,,,,,,
8.505104051437229e-05,0.00234380760230124,2025-11-22 06:39:43.305637,,,,,,,,,
8.70783842401579e-05,0.0025201826356351376,2025-11-22 06:39:43.544688,,,,,,,,,
8.882365364115685e-05,0.0018787718145176768,2025-11-22 06:39:43.787778,,,,,,,,,
8.749819971853867e-05,0.002122725360095501,2025-11-22 06:39:44.047265,,,,,,,,,
8.64041576278396e-05,0.0021906110923737288,2025-11-22 06:39:44.292602,,,,,,,,,
8.410197915509343e-05,0.00211183144710958,2025-11-22 06:39:44.540622,,,,,,,,,
8.1525620771572e-05,0.0018935217522084713,2025-11-22 06:39:44.794585,,,,,,,,,
7.915667083580047e-05,0.00216281577013433,2025-11-22 06:39:45.032986,,,,,,,,,
,,2025-11-22 06:39:45.121960,8.235388253928654e-05,0.0021837130859946935,0.000375,,,,,,
,,2025-11-22 06:39:52.896183,,,,27.19603157043457,9.198354721069336,,,,
,,2025-11-22 06:39:52.897981,,,,,,7.690579346112478e-05,0.0021584828411085675,27.19603157043457,9.198354721069336
7.690579514019191e-05,0.0025379376020282507,2025-11-22 06:39:57.941346,,,,,,,,,
7.777348218951374e-05,0.002438697963953018,2025-11-22 06:39:58.175559,,,,,,,,,
7.97285683802329e-05,0.0024160428438335657,2025-11-22 06:39:58.421398,,,,,,,,,
8.178866119123995e-05,0.0019257022067904472,2025-11-22 06:39:58.664723,,,,,,,,,
8.299153705593199e-05,0.002056082943454385,2025-11-22 06:39:58.919600,,,,,,,,,
8.453766349703074e-05,0.002262406051158905,2025-11-22 06:39:59.158368,,,,,,,,,
8.502871060045436e-05,0.0023235338740050793,2025-11-22 06:39:59.408247,,,,,,,,,
8.386644185520709e-05,0.0018653932493180037,2025-11-22 06:39:59.655625,,,,,,,,,
8.149105269694701e-05,0.002198623027652502,2025-11-22 06:39:59.897713,,,,,,,,,
7.987802382558584e-05,0.0022847107611596584,2025-11-22 06:40:00.150742,,,,,,,,,
8.065150905167684e-05,0.0020596503745764494,2025-11-22 06:40:00.391654,,,,,,,,,
8.044823334785178e-05,0.0024246464017778635,2025-11-22 06:40:00.638759,,,,,,,,,
7.884560181992128e-05,0.002391486195847392,2025-11-22 06:40:00.881572,,,,,,,,,
7.921645737951621e-05,0.0024770484305918217,2025-11-22 06:40:01.139627,,,,,,,,,
8.184540638467297e-05,0.002182131400331855,2025-11-22 06:40:01.378668,,,,,,,,,
8.340144268004224e-05,0.0018434204393997788,2025-11-22 06:40:01.630160,,,,,,,,,
8.209271618397906e-05,0.002124651102349162,2025-11-22 06:40:01.888711,,,,,,,,,
8.098121907096356e-05,0.0020503669511526823,2025-11-22 06:40:02.121058,,,,,,,,,
8.099726983346045e-05,0.0023186064790934324,2025-11-22 06:40:02.367402,,,,,,,,,
8.317153697134927e-05,0.0018801336409524083,2025-11-22 06:40:02.613880,,,,,,,,,
8.152647933457047e-05,0.0019508745754137635,2025-11-22 06:40:02.862238,,,,,,,,,
7.771311356918886e-05,0.0022254600189626217,2025-11-22 06:40:03.103899,,,,,,,,,
7.88234465289861e-05,0.0023429235443472862,2025-11-22 06:40:03.347663,,,,,,,,,
8.212961256504059e-05,0.0017809539567679167,2025-11-22 06:40:03.595818,,,,,,,,,
8.224039629567415e-05,0.002182210562750697,2025-11-22 06:40:03.838023,,,,,,,,,
7.988509605638683e-05,0.0024361645337194204,2025-11-22 06:40:04.097118,,,,,,,,,
7.86020900704898e-05,0.00239460077136755,2025-11-22 06:40:04.329304,,,,,,,,,
8.084510773187503e-05,0.002609423827379942,2025-11-22 06:40:04.578375,,,,,,,,,
8.319762127939612e-05,0.001992660341784358,2025-11-22 06:40:04.819676,,,,,,,,,
8.370925934286788e-05,0.0020768099930137396,2025-11-22 06:40:05.070897,,,,,,,,,
8.352856821147725e-05,0.002407683525234461,2025-11-22 06:40:05.313119,,,,,,,,,
8.536189125152305e-05,0.002105873078107834,2025-11-22 06:40:05.576755,,,,,,,,,
8.729464025236666e-05,0.002613773802295327,2025-11-22 06:40:05.818913,,,,,,,,,
8.737628377275541e-05,0.001908567501232028,2025-11-22 06:40:06.066383,,,,,,,,,
8.50479700602591e-05,0.002173503628000617,2025-11-22 06:40:06.320827,,,,,,,,,
8.356251782970503e-05,0.002105850027874112,2025-11-22 06:40:06.548565,,,,,,,,,
8.303266076836735e-05,0.0022837610449641943,2025-11-22 06:40:06.797239,,,,,,,,,
8.314573642564937e-05,0.0024467261973768473,2025-11-22 06:40:07.042173,,,,,,,,,
8.320691995322704e-05,0.0022171016316860914,2025-11-22 06:40:07.287419,,,,,,,,,
8.071406773524359e-05,0.001805302337743342,2025-11-22 06:40:07.536731,,,,,,,,,
7.76615270297043e-05,0.0021270785946398973,2025-11-22 06:40:07.785467,,,,,,,,,
7.769477815600112e-05,0.0018728096038103104,2025-11-22 06:40:08.026625,,,,,,,,,
7.908044062787667e-05,0.0020213713869452477,2025-11-22 06:40:08.269287,,,,,,,,,
7.995679334271699e-05,0.0022684698924422264,2025-11-22 06:40:08.516914,,,,,,,,,
8.045800495892763e-05,0.0023201913572847843,2025-11-22 06:40:08.758242,,,,,,,,,
8.03571383585222e-05,0.002522060414776206,2025-11-22 06:40:09.013364,,,,,,,,,
8.134180825436488e-05,0.0018680354114621878,2025-11-22 06:40:09.253259,,,,,,,,,
8.068898023338988e-05,0.0021071063820272684,2025-11-22 06:40:09.510053,,,,,,,,,
7.976813503773883e-05,0.0020624196622520685,2025-11-22 06:40:09.747179,,,,,,,,,
7.89947880548425e-05,0.0019786718767136335,2025-11-22 06:40:09.999352,,,,,,,,,
7.962473318912089e-05,0.0018751920433714986,2025-11-22 06:40:10.249105,,,,,,,,,
7.882074714871123e-05,0.0023048492148518562,2025-11-22 06:40:10.498998,,,,,,,,,
7.8219709394034e-05,0.002102222526445985,2025-11-22 06:40:10.755841,,,,,,,,,
7.976346387295052e-05,0.0024227951653301716,2025-11-22 06:40:10.999514,,,,,,,,,
8.29334749141708e-05,0.0018886044854298234,2025-11-22 06:40:11.248403,,,,,,,,,
8.22869551484473e-05,0.002236046828329563,2025-11-22 06:40:11.496795,,,,,,,,,
8.158778655342758e-05,0.002267964882776141,2025-11-22 06:40:11.751208,,,,,,,,,
8.400413207709789e-05,0.002073487266898155,2025-11-22 06:40:11.987076,,,,,,,,,
8.471857290714979e-05,0.002534500090405345,2025-11-22 06:40:12.236428,,,,,,,,,
8.459851960651577e-05,0.001946506672538817,2025-11-22 06:40:12.485417,,,,,,,,,
8.213797264033929e-05,0.002092596609145403,2025-11-22 06:40:12.755585,,,,,,,,,
8.057974628172815e-05,0.0020355272572487593,2025-11-22 06:40:12.999688,,,,,,,,,
7.93137660366483e-05,0.0023475480265915394,2025-11-22 06:40:13.241053,,,,,,,,,
7.799906597938389e-05,0.0018352873157709837,2025-11-22 06:40:13.490038,,,,,,,,,
7.547876884927973e-05,0.0017908685840666294,2025-11-22 06:40:13.730352,,,,,,,,,
7.247769826790318e-05,0.002760874107480049,2025-11-22 06:40:13.983021,,,,,,,,,
7.505725807277486e-05,0.001860933261923492,2025-11-22 06:40:14.220086,,,,,,,,,
7.69375910749659e-05,0.002685130573809147,2025-11-22 06:40:14.482271,,,,,,,,,
7.899040792835876e-05,0.002136847237125039,2025-11-22 06:40:14.714929,,,,,,,,,
7.934014138299972e-05,0.002524268813431263,2025-11-22 06:40:14.962990,,,,,,,,,
8.140716090565547e-05,0.001808423432521522,2025-11-22 06:40:15.212760,,,,,,,,,
8.254095882875845e-05,0.002187371486797929,2025-11-22 06:40:15.461954,,,,,,,,,
8.292265556519851e-05,0.0021652390714734793,2025-11-22 06:40:15.708481,,,,,,,,,
8.276123844552785e-05,0.002525144023820758,2025-11-22 06:40:15.954699,,,,,,,,,
8.117804100038484e-05,0.0019278100226074457,2025-11-22 06:40:16.195305,,,,,,,,,
7.90082776802592e-05,0.0018417829414829612,2025-11-22 06:40:16.459861,,,,,,,,,
7.919607742223889e-05,0.0026086345314979553,2025-11-22 06:40:16.693510,,,,,,,,,
8.154834358720109e-05,0.0021611794363707304,2025-11-22 06:40:16.950297,,,,,,,,,
8.428408909821883e-05,0.0021066288463771343,2025-11-22 06:40:17.195652,,,,,,,,,
8.46518378239125e-05,0.0021921119187027216,2025-11-22 06:40:17.438432,,,,,,,,,
8.381688530789688e-05,0.002280144952237606,2025-11-22 06:40:17.702499,,,,,,,,,
8.349178824573755e-05,0.0015412922948598862,2025-11-22 06:40:17.943088,,,,,,,,,
8.16874235169962e-05,0.0018274876056239009,2025-11-22 06:40:18.188231,,,,,,,,,
8.053951751207933e-05,0.0023507357109338045,2025-11-22 06:40:18.431351,,,,,,,,,
7.802561594871804e-05,0.0021570194512605667,2025-11-22 06:40:18.684863,,,,,,,,,
7.748643838567659e-05,0.0017074585193768144,2025-11-22 06:40:18.931766,,,,,,,,,
7.657200330868363e-05,0.00218144990503788,2025-11-22 06:40:19.176115,,,,,,,,,
7.622091652592644e-05,0.0023949830792844296,2025-11-22 06:40:19.423461,,,,,,,,,
7.803599874023348e-05,0.0023283802438527346,2025-11-22 06:40:19.670385,,,,,,,,,
8.119537960737944e-05,0.002018730156123638,2025-11-22 06:40:19.919778,,,,,,,,,
8.179277938324958e-05,0.002171187661588192,2025-11-22 06:40:20.173932,,,,,,,,,
8.18759435787797e-05,0.0026993623469024897,2025-11-22 06:40:20.432533,,,,,,,,,
8.449928282061592e-05,0.001918507507070899,2025-11-22 06:40:20.665482,,,,,,,,,
8.543918374925852e-05,0.0021571640390902758,2025-11-22 06:40:20.921533,,,,,,,,,
8.430628076894209e-05,0.0018792743794620037,2025-11-22 06:40:21.152945,,,,,,,,,
8.121631981339306e-05,0.0022642265539616346,2025-11-22 06:40:21.418501,,,,,,,,,
7.888784602982923e-05,0.0020946592558175325,2025-11-22 06:40:21.654550,,,,,,,,,
7.989352889126167e-05,0.0018486230401322246,2025-11-22 06:40:21.912758,,,,,,,,,
7.892336725490168e-05,0.0022688249591737986,2025-11-22 06:40:22.156627,,,,,,,,,
7.870093395467848e-05,0.002219055313616991,2025-11-22 06:40:22.401279,,,,,,,,,
7.908256520750001e-05,0.0025297095999121666,2025-11-22 06:40:22.647711,,,,,,,,,
8.343234367202967e-05,0.002133784582838416,2025-11-22 06:40:22.891789,,,,,,,,,
8.602135494584218e-05,0.0020285840146243572,2025-11-22 06:40:23.139172,,,,,,,,,
8.449311280855909e-05,0.0026454534381628036,2025-11-22 06:40:23.385035,,,,,,,,,
8.5491243225988e-05,0.002023325301706791,2025-11-22 06:40:23.642806,,,,,,,,,
8.557088585803285e-05,0.002028225688263774,2025-11-22 06:40:23.884397,,,,,,,,,
8.413744944846258e-05,0.0019273991929367185,2025-11-22 06:40:24.124928,,,,,,,,,
8.101072307908908e-05,0.0017981866840273142,2025-11-22 06:40:24.372816,,,,,,,,,
7.816718425601721e-05,0.002102519851177931,2025-11-22 06:40:24.631357,,,,,,,,,
7.607368752360344e-05,0.002724206307902932,2025-11-22 06:40:24.875746,,,,,,,,,
7.813842967152596e-05,0.002333724871277809,2025-11-22 06:40:25.126892,,,,,,,,,
7.953038584673777e-05,0.002001709770411253,2025-11-22 06:40:25.370114,,,,,,,,,
8.192840323317796e-05,0.0021611792035400867,2025-11-22 06:40:25.617308,,,,,,,,,
8.313229045597836e-05,0.0022666039876639843,2025-11-22 06:40:25.864580,,,,,,,,,
8.563906158087775e-05,0.0019890377297997475,2025-11-22 06:40:26.135038,,,,,,,,,
8.600269939051941e-05,0.002400522818788886,2025-11-22 06:40:26.363885,,,,,,,,,
8.565386815462261e-05,0.001817188342101872,2025-11-22 06:40:26.610220,,,,,,,,,
8.32303921924904e-05,0.001905122771859169,2025-11-22 06:40:26.883374,,,,,,,,,
8.108383190119639e-05,0.0021202964708209038,2025-11-22 06:40:27.130294,,,,,,,,,
7.930532592581585e-05,0.0017467994475737214,2025-11-22 06:40:27.378896,,,,,,,,,
7.716999971307814e-05,0.0022900793701410294,2025-11-22 06:40:27.625760,,,,,,,,,
7.596981595270336e-05,0.0023322298657149076,2025-11-22 06:40:27.893965,,,,,,,,,
7.490063580917194e-05,0.002321876585483551,2025-11-22 06:40:28.122853,,,,,,,,,
7.612416084157303e-05,0.0024635419249534607,2025-11-22 06:40:28.371346,,,,,,,,,
7.702611037530005e-05,0.0020726495422422886,2025-11-22 06:40:28.619013,,,,,,,,,
7.752146484563127e-05,0.002358416561037302,2025-11-22 06:40:28.866725,,,,,,,,,
8.024826820474118e-05,0.002233555307611823,2025-11-22 06:40:29.114561,,,,,,,,,
8.400540536968037e-05,0.0024089335929602385,2025-11-22 06:40:29.362090,,,,,,,,,
8.572574733989313e-05,0.0022154615726321936,2025-11-22 06:40:29.615676,,,,,,,,,
8.439591329079121e-05,0.0020564452279359102,2025-11-22 06:40:29.877042,,,,,,,,,
8.22605870780535e-05,0.0020226803608238697,2025-11-22 06:40:30.126651,,,,,,,,,
8.155532123055309e-05,0.0021223900839686394,2025-11-22 06:40:30.366687,,,,,,,,,
8.42154331621714e-05,0.001954048639163375,2025-11-22 06:40:30.607941,,,,,,,,,
8.301942580146715e-05,0.001908101374283433,2025-11-22 06:40:30.857931,,,,,,,,,
7.947585254441947e-05,0.0028291388880461454,2025-11-22 06:40:31.098163,,,,,,,,,
8.0996731412597e-05,0.0023887085262686014,2025-11-22 06:40:31.345951,,,,,,,,,
8.39291387819685e-05,0.0023824144154787064,2025-11-22 06:40:31.594774,,,,,,,,,
8.52791199577041e-05,0.0020432115998119116,2025-11-22 06:40:31.840354,,,,,,,,,
8.496479131281376e-05,0.001986035844311118,2025-11-22 06:40:32.085782,,,,,,,,,
8.346007234649733e-05,0.0019436762668192387,2025-11-22 06:40:32.333839,,,,,,,,,
8.099507977021858e-05,0.0020732495468109846,2025-11-22 06:40:32.589427,,,,,,,,,
7.965975964907557e-05,0.002268688753247261,2025-11-22 06:40:32.825901,,,,,,,,,
7.95069572632201e-05,0.002348007634282112,2025-11-22 06:40:33.072905,,,,,,,,,
7.905748498160392e-05,0.002429127926006913,2025-11-22 06:40:33.327195,,,,,,,,,
,,2025-11-22 06:40:33.398428,8.116772460198263e-05,0.0021733396149809575,0.000375,,,,,,
,,2025-11-22 06:40:41.712381,,,,26.91013526916504,9.329012870788574,,,,
,,2025-11-22 06:40:41.713858,,,,,,8.213887485908344e-05,0.002092904836619989,26.91013526916504,9.329012870788574
8.213887485908344e-05,0.00211246102117002,2025-11-22 06:40:45.874885,,,,,,,,,
8.450882160104811e-05,0.0022858642041683197,2025-11-22 06:40:46.124630,,,,,,,,,
8.58492567203939e-05,0.0019351340597495437,2025-11-22 06:40:46.384085,,,,,,,,,
8.555904787499458e-05,0.002484868513420224,2025-11-22 06:40:46.615458,,,,,,,,,
8.569429337512702e-05,0.0016200736863538623,2025-11-22 06:40:46.861812,,,,,,,,,
8.408183202845976e-05,0.0022136911284178495,2025-11-22 06:40:47.108417,,,,,,,,,
8.300711488118395e-05,0.0021969866938889027,2025-11-22 06:40:47.353884,,,,,,,,,
8.267677912954241e-05,0.002003101631999016,2025-11-22 06:40:47.601085,,,,,,,,,
8.225985220633447e-05,0.0022483044303953648,2025-11-22 06:40:47.846936,,,,,,,,,
7.93400831753388e-05,0.0021348849404603243,2025-11-22 06:40:48.101705,,,,,,,,,
7.904516678536311e-05,0.002168146427720785,2025-11-22 06:40:48.349100,,,,,,,,,
7.931487198220566e-05,0.002079250756651163,2025-11-22 06:40:48.587821,,,,,,,,,
8.047351730056107e-05,0.002513342769816518,2025-11-22 06:40:48.832224,,,,,,,,,
8.163665916072205e-05,0.0023414925672113895,2025-11-22 06:40:49.081418,,,,,,,,,
8.127126056933776e-05,0.002374606439843774,2025-11-22 06:40:49.327533,,,,,,,,,
8.254120621131733e-05,0.0026426678523421288,2025-11-22 06:40:49.570111,,,,,,,,,
8.569447527406737e-05,0.002059204038232565,2025-11-22 06:40:49.812780,,,,,,,,,
8.673041156725958e-05,0.002061733976006508,2025-11-22 06:40:50.061398,,,,,,,,,
8.875320781953633e-05,0.0024173639249056578,2025-11-22 06:40:50.311808,,,,,,,,,
8.864665142027661e-05,0.002154752379283309,2025-11-22 06:40:50.554906,,,,,,,,,
8.67880298756063e-05,0.002380513586103916,2025-11-22 06:40:50.794268,,,,,,,,,
8.594692189944908e-05,0.0019488465040922165,2025-11-22 06:40:51.041787,,,,,,,,,
8.259804599219933e-05,0.0019492192659527063,2025-11-22 06:40:51.284480,,,,,,,,,
7.857050513848662e-05,0.002123171929270029,2025-11-22 06:40:51.532193,,,,,,,,,
7.788935909047723e-05,0.0022749267518520355,2025-11-22 06:40:51.776827,,,,,,,,,
7.915308378869668e-05,0.002479060087352991,2025-11-22 06:40:52.023650,,,,,,,,,
8.169613283826038e-05,0.0021107445936650038,2025-11-22 06:40:52.268339,,,,,,,,,
8.197504939744249e-05,0.002286113565787673,2025-11-22 06:40:52.513473,,,,,,,,,
8.177988638635725e-05,0.002045899396762252,2025-11-22 06:40:52.761260,,,,,,,,,
8.182686724467203e-05,0.002209521597251296,2025-11-22 06:40:53.006443,,,,,,,,,
8.376623009098694e-05,0.002151725348085165,2025-11-22 06:40:53.255185,,,,,,,,,
8.501147385686636e-05,0.001996189123019576,2025-11-22 06:40:53.509674,,,,,,,,,
8.341887587448582e-05,0.0021132677793502808,2025-11-22 06:40:53.751016,,,,,,,,,
8.120488928398117e-05,0.002268869196996093,2025-11-22 06:40:54.003665,,,,,,,,,
8.226918725995347e-05,0.0021978793665766716,2025-11-22 06:40:54.247652,,,,,,,,,
8.301838533952832e-05,0.0016183644765987992,2025-11-22 06:40:54.491823,,,,,,,,,
8.062973211053759e-05,0.0020357195753604174,2025-11-22 06:40:54.736012,,,,,,,,,
7.971680315677077e-05,0.002318615559488535,2025-11-22 06:40:54.979055,,,,,,,,,
8.151846850523725e-05,0.0021148885134607553,2025-11-22 06:40:55.225853,,,,,,,,,
8.183523459592834e-05,0.0015489936340600252,2025-11-22 06:40:55.469410,,,,,,,,,
7.882268982939422e-05,0.002326428424566984,2025-11-22 06:40:55.718028,,,,,,,,,
7.858519529690966e-05,0.002090881112962961,2025-11-22 06:40:55.958567,,,,,,,,,
7.887477113399655e-05,0.002293354133144021,2025-11-22 06:40:56.206147,,,,,,,,,
7.888179970905185e-05,0.0020924874115735292,2025-11-22 06:40:56.450159,,,,,,,,,
7.924990495666862e-05,0.002204266842454672,2025-11-22 06:40:56.696230,,,,,,,,,
8.064077701419592e-05,0.0017696870490908623,2025-11-22 06:40:56.943309,,,,,,,,,
7.941122021293268e-05,0.0025180925149470568,2025-11-22 06:40:57.194074,,,,,,,,,
8.181824523489922e-05,0.002065186621621251,2025-11-22 06:40:57.440323,,,,,,,,,
8.437781798420474e-05,0.0016602042596787214,2025-11-22 06:40:57.684338,,,,,,,,,
8.437866199528798e-05,0.0019369908841326833,2025-11-22 06:40:57.930197,,,,,,,,,
8.432722825091332e-05,0.001880943775177002,2025-11-22 06:40:58.197208,,,,,,,,,
8.516691741533577e-05,0.002257151063531637,2025-11-22 06:40:58.438835,,,,,,,,,
8.528904436388984e-05,0.0020899055525660515,2025-11-22 06:40:58.685474,,,,,,,,,
8.259591413661838e-05,0.002400555182248354,2025-11-22 06:40:58.919332,,,,,,,,,
8.160271681845188e-05,0.0021064472384750843,2025-11-22 06:40:59.164924,,,,,,,,,
8.050236647250131e-05,0.002652839059010148,2025-11-22 06:40:59.409975,,,,,,,,,
8.348030678462237e-05,0.0021636763121932745,2025-11-22 06:40:59.658233,,,,,,,,,
8.348403207492083e-05,0.0019517572363838553,2025-11-22 06:40:59.907557,,,,,,,,,
8.020425593713298e-05,0.002090195193886757,2025-11-22 06:41:00.158695,,,,,,,,,
8.006972348084673e-05,0.0017789907287806273,2025-11-22 06:41:00.399684,,,,,,,,,
8.010776218725368e-05,0.0021301296073943377,2025-11-22 06:41:00.645639,,,,,,,,,
8.121695282170549e-05,0.002013811143115163,2025-11-22 06:41:00.895416,,,,,,,,,
8.003906987141818e-05,0.0018934501567855477,2025-11-22 06:41:01.149229,,,,,,,,,
7.833751442376524e-05,0.002129133092239499,2025-11-22 06:41:01.395125,,,,,,,,,
7.802971231285483e-05,0.0027334843762218952,2025-11-22 06:41:01.657474,,,,,,,,,
8.053045894484967e-05,0.0025284213479608297,2025-11-22 06:41:01.900883,,,,,,,,,
8.212350803660229e-05,0.0023268864024430513,2025-11-22 06:41:02.150224,,,,,,,,,
8.241461910074577e-05,0.002002313733100891,2025-11-22 06:41:02.394816,,,,,,,,,
7.980955706443638e-05,0.002008336829021573,2025-11-22 06:41:02.640960,,,,,,,,,
7.728451600996777e-05,0.002002788707613945,2025-11-22 06:41:02.892872,,,,,,,,,
7.600684330100194e-05,0.002109639812260866,2025-11-22 06:41:03.136804,,,,,,,,,
7.650189218111336e-05,0.0021950576920062304,2025-11-22 06:41:03.390686,,,,,,,,,
7.928736886242405e-05,0.0021611121483147144,2025-11-22 06:41:03.628798,,,,,,,,,
8.11061036074534e-05,0.00225528865121305,2025-11-22 06:41:03.880709,,,,,,,,,
8.505172445438802e-05,0.002259995322674513,2025-11-22 06:41:04.144067,,,,,,,,,
8.780157804721966e-05,0.0023212446831166744,2025-11-22 06:41:04.383092,,,,,,,,,
8.820505172479898e-05,0.0020658178254961967,2025-11-22 06:41:04.636890,,,,,,,,,
8.69109426275827e-05,0.0021621230989694595,2025-11-22 06:41:04.894689,,,,,,,,,
8.645057096146047e-05,0.0022690496407449245,2025-11-22 06:41:05.135034,,,,,,,,,
8.491399785270914e-05,0.0026488699950277805,2025-11-22 06:41:05.379696,,,,,,,,,
8.767127292230725e-05,0.0021752468310296535,2025-11-22 06:41:05.651143,,,,,,,,,
8.697884186403826e-05,0.0022501740604639053,2025-11-22 06:41:05.880175,,,,,,,,,
8.579660061514005e-05,0.002253270009532571,2025-11-22 06:41:06.121302,,,,,,,,,
8.46824113978073e-05,0.0023559890687465668,2025-11-22 06:41:06.370088,,,,,,,,,
8.430886373389512e-05,0.002298822393640876,2025-11-22 06:41:06.618893,,,,,,,,,
8.366264228243381e-05,0.0021115089766681194,2025-11-22 06:41:06.872056,,,,,,,,,
8.187797357095405e-05,0.0018877162365242839,2025-11-22 06:41:07.113655,,,,,,,,,
8.005763083929196e-05,0.0021051205694675446,2025-11-22 06:41:07.365236,,,,,,,,,
7.938077033031732e-05,0.002426133258268237,2025-11-22 06:41:07.607210,,,,,,,,,
7.977891073096544e-05,0.00195773271843791,2025-11-22 06:41:07.847691,,,,,,,,,
7.869502587709576e-05,0.002026461297646165,2025-11-22 06:41:08.098118,,,,,,,,,
7.805768109392375e-05,0.0019963497761636972,2025-11-22 06:41:08.345080,,,,,,,,,
7.815202843630686e-05,0.0021777956280857325,2025-11-22 06:41:08.597673,,,,,,,,,
7.858489698264748e-05,0.002483110409229994,2025-11-22 06:41:08.834366,,,,,,,,,
7.922000804683194e-05,0.0020189087372273207,2025-11-22 06:41:09.089533,,,,,,,,,
7.798252772772685e-05,0.00230175768956542,2025-11-22 06:41:09.331445,,,,,,,,,
7.836899749236181e-05,0.0024244312662631273,2025-11-22 06:41:09.574575,,,,,,,,,
8.025649003684521e-05,0.001846596598625183,2025-11-22 06:41:09.821039,,,,,,,,,
8.171295485226437e-05,0.001966949552297592,2025-11-22 06:41:10.081432,,,,,,,,,
8.09963748906739e-05,0.0024698779452592134,2025-11-22 06:41:10.316821,,,,,,,,,
7.928291597636417e-05,0.0020807890687137842,2025-11-22 06:41:10.565421,,,,,,,,,
7.936658948892727e-05,0.002165859565138817,2025-11-22 06:41:10.808257,,,,,,,,,
8.274373976746574e-05,0.002155141904950142,2025-11-22 06:41:11.065616,,,,,,,,,
8.5234030848369e-05,0.0018228372791782022,2025-11-22 06:41:11.300698,,,,,,,,,
8.540276758139953e-05,0.0019466419471427798,2025-11-22 06:41:11.564221,,,,,,,,,
8.534594962839037e-05,0.0019317466067150235,2025-11-22 06:41:11.799736,,,,,,,,,
8.515948866261169e-05,0.0021722561214119196,2025-11-22 06:41:12.058413,,,,,,,,,
8.591639198129997e-05,0.001637197332456708,2025-11-22 06:41:12.308721,,,,,,,,,
8.27656767796725e-05,0.001939108013175428,2025-11-22 06:41:12.544413,,,,,,,,,
7.806115900166333e-05,0.0022323564626276493,2025-11-22 06:41:12.791386,,,,,,,,,
7.57380184950307e-05,0.002054043347015977,2025-11-22 06:41:13.035414,,,,,,,,,
7.772476237732917e-05,0.0021607335656881332,2025-11-22 06:41:13.284893,,,,,,,,,
7.889900734880939e-05,0.0021402903366833925,2025-11-22 06:41:13.527256,,,,,,,,,
7.707648182986304e-05,0.0017505475552752614,2025-11-22 06:41:13.773026,,,,,,,,,
7.516818004660308e-05,0.002355997683480382,2025-11-22 06:41:14.022588,,,,,,,,,
7.611780165461823e-05,0.0019320895662531257,2025-11-22 06:41:14.268366,,,,,,,,,
7.983452087501064e-05,0.002216907450929284,2025-11-22 06:41:14.520732,,,,,,,,,
8.171497756848112e-05,0.002093799179419875,2025-11-22 06:41:14.768768,,,,,,,,,
8.05948002380319e-05,0.0021355226635932922,2025-11-22 06:41:15.009662,,,,,,,,,
7.970586011651903e-05,0.002246845280751586,2025-11-22 06:41:15.261115,,,,,,,,,
7.909911801107228e-05,0.0022243927232921124,2025-11-22 06:41:15.546525,,,,,,,,,
8.036483632167801e-05,0.0021116763819009066,2025-11-22 06:41:15.765232,,,,,,,,,
8.04763549240306e-05,0.002443905919790268,2025-11-22 06:41:16.011449,,,,,,,,,
8.01176720415242e-05,0.0021678318735212088,2025-11-22 06:41:16.255266,,,,,,,,,
8.133368100970984e-05,0.00220703287050128,2025-11-22 06:41:16.504360,,,,,,,,,
8.345043170265853e-05,0.0023764667566865683,2025-11-22 06:41:16.763324,,,,,,,,,
8.591705409344286e-05,0.0019537783227860928,2025-11-22 06:41:16.996323,,,,,,,,,
8.35296232253313e-05,0.00208606687374413,2025-11-22 06:41:17.244346,,,,,,,,,
8.10806595836766e-05,0.0019268682226538658,2025-11-22 06:41:17.489496,,,,,,,,,
7.985094271134585e-05,0.0023318638559430838,2025-11-22 06:41:17.734874,,,,,,,,,
8.184181206161156e-05,0.002155597787350416,2025-11-22 06:41:17.993539,,,,,,,,,
8.32438818179071e-05,0.0024409182369709015,2025-11-22 06:41:18.231427,,,,,,,,,
8.242815965786576e-05,0.0020110653713345528,2025-11-22 06:41:18.476695,,,,,,,,,
8.063895802479237e-05,0.0019105917308479548,2025-11-22 06:41:18.726278,,,,,,,,,
8.165260805981234e-05,0.002153186360374093,2025-11-22 06:41:18.972189,,,,,,,,,
8.331736171385273e-05,0.001863734214566648,2025-11-22 06:41:19.224213,,,,,,,,,
8.136725955409929e-05,0.0026823331136256456,2025-11-22 06:41:19.470990,,,,,,,,,
8.124189480440691e-05,0.00208570365794003,2025-11-22 06:41:19.714022,,,,,,,,,
8.017421350814402e-05,0.002443342236801982,2025-11-22 06:41:19.960377,,,,,,,,,
8.144095772877336e-05,0.0024522412568330765,2025-11-22 06:41:20.233845,,,,,,,,,
8.238406735472381e-05,0.0021020693238824606,2025-11-22 06:41:20.457601,,,,,,,,,
8.195338887162507e-05,0.0020882112439721823,2025-11-22 06:41:20.704533,,,,,,,,,
8.079792314674705e-05,0.002189135178923607,2025-11-22 06:41:20.951542,,,,,,,,,
8.04575247457251e-05,0.0018079715082421899,2025-11-22 06:41:21.206661,,,,,,,,,
,,2025-11-22 06:41:21.308389,8.173587699881561e-05,0.0021506118411909686,0.000375,,,,,,
,,2025-11-22 06:41:30.127039,,,,27.038331985473633,9.372562408447266,,,,
,,2025-11-22 06:41:30.128819,,,,,,7.974967901156141e-05,0.002074197216783292,27.038331985473633,9.372562408447266
7.974967593327165e-05,0.00217874045483768,2025-11-22 06:41:34.653530,,,,,,,,,
7.988906145328656e-05,0.0018028790364041924,2025-11-22 06:41:34.903402,,,,,,,,,
7.872685819165781e-05,0.0021147350780665874,2025-11-22 06:41:35.140231,,,,,,,,,
7.773362449370325e-05,0.0018807228188961744,2025-11-22 06:41:35.382376,,,,,,,,,
7.728631317149848e-05,0.0020174256060272455,2025-11-22 06:41:35.630689,,,,,,,,,
7.710843783570454e-05,0.0020915085915476084,2025-11-22 06:41:35.877752,,,,,,,,,
7.788218499626964e-05,0.0023367430549114943,2025-11-22 06:41:36.121394,,,,,,,,,
8.002872345969081e-05,0.0018586426740512252,2025-11-22 06:41:36.367413,,,,,,,,,
8.060364052653313e-05,0.00198426959104836,2025-11-22 06:41:36.614456,,,,,,,,,
8.137740951497108e-05,0.0020576277747750282,2025-11-22 06:41:36.857017,,,,,,,,,
8.152960799634457e-05,0.002031324664130807,2025-11-22 06:41:37.107194,,,,,,,,,
8.02606955403462e-05,0.0019299191189929843,2025-11-22 06:41:37.348272,,,,,,,,,
7.801511674188077e-05,0.002156035043299198,2025-11-22 06:41:37.595677,,,,,,,,,
7.898694457253441e-05,0.0021772950422018766,2025-11-22 06:41:37.842673,,,,,,,,,
7.924080273369327e-05,0.001869062427431345,2025-11-22 06:41:38.088540,,,,,,,,,
7.641155389137566e-05,0.0021720565855503082,2025-11-22 06:41:38.334605,,,,,,,,,
7.448854012181982e-05,0.00244994112290442,2025-11-22 06:41:38.579237,,,,,,,,,
7.630741311004385e-05,0.0018481978913769126,2025-11-22 06:41:38.823087,,,,,,,,,
7.844328501960263e-05,0.002445752965286374,2025-11-22 06:41:39.068743,,,,,,,,,
8.148169581545517e-05,0.0016404961934313178,2025-11-22 06:41:39.314693,,,,,,,,,
7.959420327097178e-05,0.002209098543971777,2025-11-22 06:41:39.562333,,,,,,,,,
7.865660882089287e-05,0.0021091050002723932,2025-11-22 06:41:39.808194,,,,,,,,,
7.920421194285154e-05,0.002640848746523261,2025-11-22 06:41:40.050344,,,,,,,,,
8.199053263524547e-05,0.0023582051508128643,2025-11-22 06:41:40.305909,,,,,,,,,
8.594488463131711e-05,0.002259335480630398,2025-11-22 06:41:40.561361,,,,,,,,,
8.649704250274226e-05,0.002287148265168071,2025-11-22 06:41:40.813446,,,,,,,,,
8.435174822807312e-05,0.002103551523759961,2025-11-22 06:41:41.050347,,,,,,,,,
8.085987064987421e-05,0.0020106714218854904,2025-11-22 06:41:41.296128,,,,,,,,,
7.90484482422471e-05,0.001910993829369545,2025-11-22 06:41:41.541160,,,,,,,,,
7.879163604229689e-05,0.0017902543768286705,2025-11-22 06:41:41.792002,,,,,,,,,
7.874279981479049e-05,0.0019255275838077068,2025-11-22 06:41:42.047585,,,,,,,,,
7.74604341131635e-05,0.0025422328617423773,2025-11-22 06:41:42.283077,,,,,,,,,
7.832882693037391e-05,0.0026293841656297445,2025-11-22 06:41:42.528264,,,,,,,,,
7.96519307186827e-05,0.0023295318242162466,2025-11-22 06:41:42.770411,,,,,,,,,
8.159820572473109e-05,0.002414434915408492,2025-11-22 06:41:43.015660,,,,,,,,,
8.554202213417739e-05,0.0019958994816988707,2025-11-22 06:41:43.261149,,,,,,,,,
8.697125304024667e-05,0.0018079150468111038,2025-11-22 06:41:43.509143,,,,,,,,,
8.450723544228822e-05,0.00222464045509696,2025-11-22 06:41:43.753291,,,,,,,,,
8.250628161476925e-05,0.0018949243240058422,2025-11-22 06:41:44.001769,,,,,,,,,
8.219263690989465e-05,0.002360184909775853,2025-11-22 06:41:44.242138,,,,,,,,,
8.15931853139773e-05,0.002273011254146695,2025-11-22 06:41:44.492636,,,,,,,,,
8.090846677077934e-05,0.0020757613237947226,2025-11-22 06:41:44.734910,,,,,,,,,
8.004601841093972e-05,0.001981389708817005,2025-11-22 06:41:44.983569,,,,,,,,,
7.899120828369632e-05,0.0021718526259064674,2025-11-22 06:41:45.223341,,,,,,,,,
7.81488124630414e-05,0.002288577612489462,2025-11-22 06:41:45.471222,,,,,,,,,
7.98718465375714e-05,0.0019132503075525165,2025-11-22 06:41:45.718715,,,,,,,,,
8.201610762625933e-05,0.0024381750263273716,2025-11-22 06:41:45.974996,,,,,,,,,
8.385474939132109e-05,0.002497507492080331,2025-11-22 06:41:46.224466,,,,,,,,,
8.471540786558762e-05,0.001953952247276902,2025-11-22 06:41:46.469745,,,,,,,,,
8.471423643641174e-05,0.0019045742228627205,2025-11-22 06:41:46.715732,,,,,,,,,
8.456243813270703e-05,0.0021737341303378344,2025-11-22 06:41:46.964227,,,,,,,,,
8.607766358181834e-05,0.0021560227032750845,2025-11-22 06:41:47.208388,,,,,,,,,
8.596917905379087e-05,0.0020245856139808893,2025-11-22 06:41:47.460634,,,,,,,,,
8.424841507803649e-05,0.002413964830338955,2025-11-22 06:41:47.708697,,,,,,,,,
8.139041892718524e-05,0.0021913822274655104,2025-11-22 06:41:47.955866,,,,,,,,,
7.800535240676254e-05,0.002056398196145892,2025-11-22 06:41:48.205527,,,,,,,,,
7.694504165556282e-05,0.0018725398695096374,2025-11-22 06:41:48.452021,,,,,,,,,
7.682455179747194e-05,0.002360512735322118,2025-11-22 06:41:48.706705,,,,,,,,,
7.78457397245802e-05,0.0022360573057085276,2025-11-22 06:41:48.944339,,,,,,,,,
7.751330122118816e-05,0.0023999179247766733,2025-11-22 06:41:49.193302,,,,,,,,,
7.942150841699913e-05,0.0018218056065961719,2025-11-22 06:41:49.436340,,,,,,,,,
8.164771134033799e-05,0.001985263079404831,2025-11-22 06:41:49.683187,,,,,,,,,
8.603659080108628e-05,0.0019182533724233508,2025-11-22 06:41:49.926632,,,,,,,,,
8.806736877886578e-05,0.001750416588038206,2025-11-22 06:41:50.181605,,,,,,,,,
8.606459596194327e-05,0.0019810509402304888,2025-11-22 06:41:50.418034,,,,,,,,,
8.330521814059466e-05,0.002076253993436694,2025-11-22 06:41:50.683810,,,,,,,,,
8.038901432882994e-05,0.0023134411312639713,2025-11-22 06:41:50.926616,,,,,,,,,
7.838731835363433e-05,0.0021670113783329725,2025-11-22 06:41:51.161959,,,,,,,,,
7.918476330814883e-05,0.002170071005821228,2025-11-22 06:41:51.418749,,,,,,,,,
7.90918420534581e-05,0.0025005124043673277,2025-11-22 06:41:51.665522,,,,,,,,,
7.982870010891929e-05,0.0020494433119893074,2025-11-22 06:41:51.904561,,,,,,,,,
7.984679541550577e-05,0.0021921484731137753,2025-11-22 06:41:52.149647,,,,,,,,,
8.0508463724982e-05,0.002077493816614151,2025-11-22 06:41:52.399574,,,,,,,,,
8.367632108274847e-05,0.0024026583414524794,2025-11-22 06:41:52.657633,,,,,,,,,
8.789839193923399e-05,0.0017732842825353146,2025-11-22 06:41:52.897657,,,,,,,,,
8.754437294555828e-05,0.002212606370449066,2025-11-22 06:41:53.158589,,,,,,,,,
8.616167906438932e-05,0.0022858018055558205,2025-11-22 06:41:53.391673,,,,,,,,,
8.644401532365009e-05,0.002634873613715172,2025-11-22 06:41:53.640350,,,,,,,,,
8.910030737752095e-05,0.002184163546189666,2025-11-22 06:41:53.893162,,,,,,,,,
8.714914292795584e-05,0.001855252543464303,2025-11-22 06:41:54.147066,,,,,,,,,
8.3260762039572e-05,0.00199760589748621,2025-11-22 06:41:54.405099,,,,,,,,,
8.105422602966428e-05,0.0024789285380393267,2025-11-22 06:41:54.644359,,,,,,,,,
8.103081199806184e-05,0.002337568672373891,2025-11-22 06:41:54.890903,,,,,,,,,
8.093842916423455e-05,0.002179820789024234,2025-11-22 06:41:55.139707,,,,,,,,,
8.02426875452511e-05,0.0018295933259651065,2025-11-22 06:41:55.382721,,,,,,,,,
7.85996817285195e-05,0.0021188785322010517,2025-11-22 06:41:55.646054,,,,,,,,,
7.86892996984534e-05,0.0023496572393924,2025-11-22 06:41:55.877775,,,,,,,,,
8.12991929706186e-05,0.0019517773762345314,2025-11-22 06:41:56.123637,,,,,,,,,
8.06841635494493e-05,0.0021504967007786036,2025-11-22 06:41:56.372580,,,,,,,,,
8.161373989423737e-05,0.0017802502261474729,2025-11-22 06:41:56.619392,,,,,,,,,
8.07640390121378e-05,0.0020155117381364107,2025-11-22 06:41:56.863042,,,,,,,,,
8.055989746935666e-05,0.0018053974490612745,2025-11-22 06:41:57.108157,,,,,,,,,
8.059349784161896e-05,0.0019806991331279278,2025-11-22 06:41:57.359217,,,,,,,,,
8.057333616307005e-05,0.0021567698568105698,2025-11-22 06:41:57.604860,,,,,,,,,
8.16667452454567e-05,0.0024927828926593065,2025-11-22 06:41:57.850628,,,,,,,,,
8.283119677798823e-05,0.0019042795756831765,2025-11-22 06:41:58.099373,,,,,,,,,
7.934354653116316e-05,0.002417741110548377,2025-11-22 06:41:58.358325,,,,,,,,,
7.884619117248803e-05,0.0018305465346202254,2025-11-22 06:41:58.597279,,,,,,,,,
7.958265632623807e-05,0.002193289343267679,2025-11-22 06:41:58.841560,,,,,,,,,
7.981440285220742e-05,0.0020536791998893023,2025-11-22 06:41:59.091340,,,,,,,,,
7.82306888140738e-05,0.001949418568983674,2025-11-22 06:41:59.344441,,,,,,,,,
7.653103966731578e-05,0.00230292696505785,2025-11-22 06:41:59.582805,,,,,,,,,
7.827702211216092e-05,0.002200009999796748,2025-11-22 06:41:59.828389,,,,,,,,,
7.948857091832906e-05,0.002071838127449155,2025-11-22 06:42:00.078232,,,,,,,,,
8.122625877149403e-05,0.0022932670544832945,2025-11-22 06:42:00.326433,,,,,,,,,
8.334842277690768e-05,0.0023743584752082825,2025-11-22 06:42:00.568597,,,,,,,,,
8.427583088632673e-05,0.0019837806466966867,2025-11-22 06:42:00.814627,,,,,,,,,
8.374283788725734e-05,0.0023273113183677197,2025-11-22 06:42:01.065693,,,,,,,,,
8.22066213004291e-05,0.0018830287735909224,2025-11-22 06:42:01.310392,,,,,,,,,
8.197241550078616e-05,0.001638922025449574,2025-11-22 06:42:01.557148,,,,,,,,,
8.052901830524206e-05,0.0022511384449899197,2025-11-22 06:42:01.803781,,,,,,,,,
8.00651905592531e-05,0.0021343030966818333,2025-11-22 06:42:02.053511,,,,,,,,,
7.996724161785096e-05,0.0019364908803254366,2025-11-22 06:42:02.299678,,,,,,,,,
7.801879110047594e-05,0.0023918484803289175,2025-11-22 06:42:02.557181,,,,,,,,,
7.778881263220683e-05,0.0020108260214328766,2025-11-22 06:42:02.797491,,,,,,,,,
7.752244709990919e-05,0.0021291442681103945,2025-11-22 06:42:03.046943,,,,,,,,,
7.776390702929348e-05,0.0017934375209733844,2025-11-22 06:42:03.300706,,,,,,,,,
7.73076681070961e-05,0.002247613389045,2025-11-22 06:42:03.538847,,,,,,,,,
7.735323742963374e-05,0.0024687317200005054,2025-11-22 06:42:03.785795,,,,,,,,,
8.180404984159395e-05,0.0022626942954957485,2025-11-22 06:42:04.038636,,,,,,,,,
8.381379302591085e-05,0.001752491109073162,2025-11-22 06:42:04.285943,,,,,,,,,
8.213856926886365e-05,0.0023078499361872673,2025-11-22 06:42:04.530131,,,,,,,,,
8.247074583778158e-05,0.0018768899608403444,2025-11-22 06:42:04.779331,,,,,,,,,
8.350128337042406e-05,0.002185018267482519,2025-11-22 06:42:05.022952,,,,,,,,,
8.32601945148781e-05,0.0020831762813031673,2025-11-22 06:42:05.290699,,,,,,,,,
8.020176755962893e-05,0.0019470448605716228,2025-11-22 06:42:05.525618,,,,,,,,,
7.648779865121469e-05,0.002698485041037202,2025-11-22 06:42:05.775499,,,,,,,,,
7.601135439472273e-05,0.0020437634084373713,2025-11-22 06:42:06.020847,,,,,,,,,
7.68273021094501e-05,0.0018424789886921644,2025-11-22 06:42:06.271954,,,,,,,,,
7.737509440630674e-05,0.0023371228016912937,2025-11-22 06:42:06.517055,,,,,,,,,
7.66858720453456e-05,0.002747501479461789,2025-11-22 06:42:06.758325,,,,,,,,,
8.053754572756588e-05,0.001837321906350553,2025-11-22 06:42:07.012875,,,,,,,,,
8.104537118924782e-05,0.0021248413249850273,2025-11-22 06:42:07.268045,,,,,,,,,
7.928738341433927e-05,0.0021630318369716406,2025-11-22 06:42:07.503735,,,,,,,,,
8.296444138977677e-05,0.0023396341130137444,2025-11-22 06:42:07.755175,,,,,,,,,
8.690231334185228e-05,0.0023694175761193037,2025-11-22 06:42:07.992671,,,,,,,,,
9.019286517286673e-05,0.002184114418923855,2025-11-22 06:42:08.249284,,,,,,,,,
8.817516936687753e-05,0.0018920599250122905,2025-11-22 06:42:08.489620,,,,,,,,,
8.70191361173056e-05,0.002191619947552681,2025-11-22 06:42:08.738723,,,,,,,,,
8.737783355172724e-05,0.002233347622677684,2025-11-22 06:42:08.984900,,,,,,,,,
8.606896881246939e-05,0.0021316895727068186,2025-11-22 06:42:09.232429,,,,,,,,,
8.388299465877935e-05,0.0019666627049446106,2025-11-22 06:42:09.474938,,,,,,,,,
8.039798558456823e-05,0.0021393371280282736,2025-11-22 06:42:09.729071,,,,,,,,,
7.734153768979013e-05,0.0021780533716082573,2025-11-22 06:42:09.972291,,,,,,,,,
,,2025-11-22 06:42:10.074650,8.112058720952418e-05,0.002130774683286695,0.000375,,,,,,
,,2025-11-22 06:42:18.717209,,,,27.253589630126953,9.284331321716309,,,,
,,2025-11-22 06:42:18.719003,,,,,,7.589322922285646e-05,0.0021160688304987093,27.253589630126953,9.284331321716309
7.589322922285646e-05,0.0017582376021891832,2025-11-22 06:42:22.669578,,,,,,,,,
7.592205656692386e-05,0.002182577271014452,2025-11-22 06:42:22.915495,,,,,,,,,
7.77568420744501e-05,0.0020473510958254337,2025-11-22 06:42:23.158443,,,,,,,,,
7.916685717646033e-05,0.0019059928599745035,2025-11-22 06:42:23.404756,,,,,,,,,
8.021920075407252e-05,0.0022977832704782486,2025-11-22 06:42:23.647146,,,,,,,,,
8.102949504973367e-05,0.0022252718918025494,2025-11-22 06:42:23.896147,,,,,,,,,
8.243651973316446e-05,0.0021246348042041063,2025-11-22 06:42:24.141701,,,,,,,,,
8.38681444292888e-05,0.0023360743653029203,2025-11-22 06:42:24.386975,,,,,,,,,
8.54607205837965e-05,0.0017770908307284117,2025-11-22 06:42:24.630878,,,,,,,,,
8.400910155614838e-05,0.002090281108394265,2025-11-22 06:42:24.872935,,,,,,,,,
8.096225064946339e-05,0.0017498604720458388,2025-11-22 06:42:25.123090,,,,,,,,,
7.847775850677863e-05,0.002364194253459573,2025-11-22 06:42:25.373211,,,,,,,,,
7.807902875356376e-05,0.0019325441680848598,2025-11-22 06:42:25.612468,,,,,,,,,
7.880786142777652e-05,0.001873705885373056,2025-11-22 06:42:25.858877,,,,,,,,,
7.617618393851444e-05,0.002002170542255044,2025-11-22 06:42:26.104816,,,,,,,,,
7.545774133177474e-05,0.0021256641484797,2025-11-22 06:42:26.348546,,,,,,,,,
7.835506403353065e-05,0.0018580690957605839,2025-11-22 06:42:26.591551,,,,,,,,,
7.976518099894747e-05,0.0021194429136812687,2025-11-22 06:42:26.838286,,,,,,,,,
8.003599941730499e-05,0.0021549686789512634,2025-11-22 06:42:27.087081,,,,,,,,,
8.07914329925552e-05,0.0018914240645244718,2025-11-22 06:42:27.345778,,,,,,,,,
8.085135777946562e-05,0.002271713688969612,2025-11-22 06:42:27.591746,,,,,,,,,
8.273242565337569e-05,0.002111318288370967,2025-11-22 06:42:27.831284,,,,,,,,,
8.340406202478334e-05,0.0021986435167491436,2025-11-22 06:42:28.072518,,,,,,,,,
8.170637011062354e-05,0.0019704040605574846,2025-11-22 06:42:28.318545,,,,,,,,,
8.115694799926132e-05,0.0023717067670077085,2025-11-22 06:42:28.561370,,,,,,,,,
8.040203829295933e-05,0.002178789582103491,2025-11-22 06:42:28.809165,,,,,,,,,
7.962938252603635e-05,0.0019492409192025661,2025-11-22 06:42:29.053614,,,,,,,,,
7.869418914197013e-05,0.001603242359124124,2025-11-22 06:42:29.305222,,,,,,,,,
7.653827196918428e-05,0.0019799412693828344,2025-11-22 06:42:29.545134,,,,,,,,,
7.589090091641992e-05,0.0018679809290915728,2025-11-22 06:42:29.790224,,,,,,,,,
7.559496589237824e-05,0.002198317088186741,2025-11-22 06:42:30.036178,,,,,,,,,
7.631270273122936e-05,0.0019821457099169493,2025-11-22 06:42:30.285100,,,,,,,,,
7.582137186545879e-05,0.0024301863741129637,2025-11-22 06:42:30.529213,,,,,,,,,
7.847926463000476e-05,0.001994042657315731,2025-11-22 06:42:30.773182,,,,,,,,,
8.263542258646339e-05,0.002052406081929803,2025-11-22 06:42:31.017456,,,,,,,,,
8.176406845450401e-05,0.0019515503663569689,2025-11-22 06:42:31.266070,,,,,,,,,
8.02630020189099e-05,0.0023344107903540134,2025-11-22 06:42:31.511199,,,,,,,,,
8.60630243550986e-05,0.0019781209994107485,2025-11-22 06:42:31.755231,,,,,,,,,
8.856154454406351e-05,0.0020301751792430878,2025-11-22 06:42:32.001958,,,,,,,,,
8.573023660574108e-05,0.0022218842059373856,2025-11-22 06:42:32.270080,,,,,,,,,
8.250254904851317e-05,0.0021403362043201923,2025-11-22 06:42:32.511479,,,,,,,,,
8.137663826346397e-05,0.0021152810659259558,2025-11-22 06:42:32.749647,,,,,,,,,
8.347018592758104e-05,0.002401965670287609,2025-11-22 06:42:32.992751,,,,,,,,,
8.51720105856657e-05,0.0019290666095912457,2025-11-22 06:42:33.243129,,,,,,,,,
8.168077329173684e-05,0.002029870869591832,2025-11-22 06:42:33.492225,,,,,,,,,
8.03209695732221e-05,0.002139919437468052,2025-11-22 06:42:33.736500,,,,,,,,,
8.139346027746797e-05,0.0022234595380723476,2025-11-22 06:42:33.978399,,,,,,,,,
8.365326357306913e-05,0.0020747326780110598,2025-11-22 06:42:34.225932,,,,,,,,,
8.530302147846669e-05,0.002034140517935157,2025-11-22 06:42:34.471174,,,,,,,,,
8.365046232938766e-05,0.002250119112432003,2025-11-22 06:42:34.716739,,,,,,,,,
8.153265662258491e-05,0.002186897909268737,2025-11-22 06:42:34.975812,,,,,,,,,
8.110603812383488e-05,0.0023228456266224384,2025-11-22 06:42:35.213174,,,,,,,,,
8.167872874764726e-05,0.002206054050475359,2025-11-22 06:42:35.458555,,,,,,,,,
8.061259723035619e-05,0.0023572235368192196,2025-11-22 06:42:35.708944,,,,,,,,,
8.043796697165817e-05,0.0023075323551893234,2025-11-22 06:42:35.950946,,,,,,,,,
8.185598562704399e-05,0.0019319772254675627,2025-11-22 06:42:36.205457,,,,,,,,,
8.19042106741108e-05,0.002538669854402542,2025-11-22 06:42:36.446195,,,,,,,,,
8.507333404850215e-05,0.00194827641826123,2025-11-22 06:42:36.699916,,,,,,,,,
8.599064312875271e-05,0.0020677419379353523,2025-11-22 06:42:36.939069,,,,,,,,,
8.671094110468403e-05,0.0022525095846503973,2025-11-22 06:42:37.204678,,,,,,,,,
8.730318950256333e-05,0.0021437525283545256,2025-11-22 06:42:37.438911,,,,,,,,,
8.686161163495854e-05,0.002239968627691269,2025-11-22 06:42:37.682797,,,,,,,,,
8.642242755740881e-05,0.002232887549325824,2025-11-22 06:42:37.929880,,,,,,,,,
8.343474473804235e-05,0.002163263037800789,2025-11-22 06:42:38.176258,,,,,,,,,
8.356723992619663e-05,0.0022947131656110287,2025-11-22 06:42:38.428323,,,,,,,,,
8.405365224462003e-05,0.0021027710754424334,2025-11-22 06:42:38.669870,,,,,,,,,
8.33670565043576e-05,0.00207150774076581,2025-11-22 06:42:38.919142,,,,,,,,,
8.073215576587245e-05,0.0019228662131354213,2025-11-22 06:42:39.169603,,,,,,,,,
7.833619019947946e-05,0.001920285983942449,2025-11-22 06:42:39.417960,,,,,,,,,
7.736171392025426e-05,0.0021149690728634596,2025-11-22 06:42:39.669744,,,,,,,,,
7.771536184009165e-05,0.0023047178983688354,2025-11-22 06:42:39.909372,,,,,,,,,
7.824275962775573e-05,0.00199215323664248,2025-11-22 06:42:40.155879,,,,,,,,,
7.752985402476043e-05,0.0015892309602349997,2025-11-22 06:42:40.411431,,,,,,,,,
7.634983921889216e-05,0.002232360653579235,2025-11-22 06:42:40.653867,,,,,,,,,
7.684896991122514e-05,0.002437900984659791,2025-11-22 06:42:40.900852,,,,,,,,,
7.65874283388257e-05,0.0018959208391606808,2025-11-22 06:42:41.148849,,,,,,,,,
7.742879824945703e-05,0.002375344280153513,2025-11-22 06:42:41.398125,,,,,,,,,
8.102146966848522e-05,0.0019951725844293833,2025-11-22 06:42:41.647726,,,,,,,,,
8.196988346753642e-05,0.002248195931315422,2025-11-22 06:42:41.895639,,,,,,,,,
8.055811485974118e-05,0.0025627983268350363,2025-11-22 06:42:42.143061,,,,,,,,,
8.279794565169141e-05,0.002254517050459981,2025-11-22 06:42:42.396287,,,,,,,,,
8.558721310691908e-05,0.002112162299454212,2025-11-22 06:42:42.635664,,,,,,,,,
8.605188486399129e-05,0.002253594109788537,2025-11-22 06:42:42.881516,,,,,,,,,
8.575636456953362e-05,0.0021648742258548737,2025-11-22 06:42:43.132083,,,,,,,,,
8.466005965601653e-05,0.002371295588091016,2025-11-22 06:42:43.381749,,,,,,,,,
8.377066842513159e-05,0.002288141520693898,2025-11-22 06:42:43.620218,,,,,,,,,
8.407178393099457e-05,0.0019101027864962816,2025-11-22 06:42:43.869154,,,,,,,,,
8.10118144727312e-05,0.0025247354060411453,2025-11-22 06:42:44.125442,,,,,,,,,
8.058646926656365e-05,0.0024199262261390686,2025-11-22 06:42:44.360131,,,,,,,,,
8.05173403932713e-05,0.0018491331720724702,2025-11-22 06:42:44.609025,,,,,,,,,
7.88747493061237e-05,0.0022648030426353216,2025-11-22 06:42:44.855102,,,,,,,,,
8.003541006473824e-05,0.002819508546963334,2025-11-22 06:42:45.107578,,,,,,,,,
8.310066186822951e-05,0.002330227755010128,2025-11-22 06:42:45.352490,,,,,,,,,
8.342097862623632e-05,0.002348549896851182,2025-11-22 06:42:45.593389,,,,,,,,,
8.134283416438848e-05,0.00163077877368778,2025-11-22 06:42:45.851802,,,,,,,,,
7.85950105637312e-05,0.0021031370852142572,2025-11-22 06:42:46.088121,,,,,,,,,
7.782330794725567e-05,0.0019109317800030112,2025-11-22 06:42:46.340353,,,,,,,,,
7.846559310564771e-05,0.0017286465736106038,2025-11-22 06:42:46.587734,,,,,,,,,
7.720084977336228e-05,0.0019518292974680662,2025-11-22 06:42:46.829285,,,,,,,,,
7.50242979847826e-05,0.002310739830136299,2025-11-22 06:42:47.074296,,,,,,,,,
7.52453415771015e-05,0.002135087037459016,2025-11-22 06:42:47.332113,,,,,,,,,
7.889407424954697e-05,0.0022959504276514053,2025-11-22 06:42:47.579587,,,,,,,,,
8.189575601136312e-05,0.001873078173957765,2025-11-22 06:42:47.818232,,,,,,,,,
8.420788799412549e-05,0.002668980974704027,2025-11-22 06:42:48.065357,,,,,,,,,
8.805903053143993e-05,0.0019110975554212928,2025-11-22 06:42:48.314896,,,,,,,,,
8.789445564616472e-05,0.0025017661973834038,2025-11-22 06:42:48.567883,,,,,,,,,
8.946358866523951e-05,0.0021300911903381348,2025-11-22 06:42:48.808977,,,,,,,,,
8.811172301648185e-05,0.0018700143555179238,2025-11-22 06:42:49.069454,,,,,,,,,
8.385377441300079e-05,0.0020144369918853045,2025-11-22 06:42:49.314653,,,,,,,,,
8.227291255025193e-05,0.0017135158414021134,2025-11-22 06:42:49.554056,,,,,,,,,
7.866753730922937e-05,0.001969635486602783,2025-11-22 06:42:49.800960,,,,,,,,,
7.741153967799619e-05,0.002055681310594082,2025-11-22 06:42:50.046510,,,,,,,,,
7.823002670193091e-05,0.0021531302481889725,2025-11-22 06:42:50.296412,,,,,,,,,
7.834004645701498e-05,0.001848903950303793,2025-11-22 06:42:50.549690,,,,,,,,,
7.773259858367965e-05,0.0023516854271292686,2025-11-22 06:42:50.798647,,,,,,,,,
7.949856080813333e-05,0.0025347552727907896,2025-11-22 06:42:51.035182,,,,,,,,,
8.192776294890791e-05,0.0019539576023817062,2025-11-22 06:42:51.279336,,,,,,,,,
8.074334618868306e-05,0.0024218650069087744,2025-11-22 06:42:51.526778,,,,,,,,,
7.968604768393561e-05,0.0022947313264012337,2025-11-22 06:42:51.774309,,,,,,,,,
8.21558860479854e-05,0.0019863126799464226,2025-11-22 06:42:52.022259,,,,,,,,,
8.402867388213053e-05,0.002064804546535015,2025-11-22 06:42:52.274546,,,,,,,,,
8.452773909084499e-05,0.0019012689590454102,2025-11-22 06:42:52.523437,,,,,,,,,
8.366935071535408e-05,0.0019171802559867501,2025-11-22 06:42:52.763464,,,,,,,,,
8.144079038174823e-05,0.0022966701071709394,2025-11-22 06:42:53.008527,,,,,,,,,
8.193182293325663e-05,0.0021323568653315306,2025-11-22 06:42:53.257164,,,,,,,,,
8.155735122272745e-05,0.0020381093490868807,2025-11-22 06:42:53.503530,,,,,,,,,
8.00163034000434e-05,0.002118577715009451,2025-11-22 06:42:53.749055,,,,,,,,,
7.79493129812181e-05,0.0022066677920520306,2025-11-22 06:42:53.995382,,,,,,,,,
7.794838165864348e-05,0.001794441370293498,2025-11-22 06:42:54.246179,,,,,,,,,
7.783612090861425e-05,0.0021095338743180037,2025-11-22 06:42:54.492949,,,,,,,,,
7.812857802491635e-05,0.0019697772804647684,2025-11-22 06:42:54.753489,,,,,,,,,
7.758701394777745e-05,0.0022230264730751514,2025-11-22 06:42:54.987948,,,,,,,,,
7.922397344373167e-05,0.002026303205639124,2025-11-22 06:42:55.242873,,,,,,,,,
7.955980254337192e-05,0.0018451414071023464,2025-11-22 06:42:55.481446,,,,,,,,,
7.855204603401944e-05,0.002044109860435128,2025-11-22 06:42:55.733674,,,,,,,,,
7.927067781565711e-05,0.002387711312621832,2025-11-22 06:42:55.986816,,,,,,,,,
8.168185740942135e-05,0.0022079942282289267,2025-11-22 06:42:56.225544,,,,,,,,,
8.371252624783665e-05,0.0018164444481953979,2025-11-22 06:42:56.472040,,,,,,,,,
8.119568519759923e-05,0.0020325621590018272,2025-11-22 06:42:56.719002,,,,,,,,,
7.918047049315646e-05,0.0022194208577275276,2025-11-22 06:42:56.979594,,,,,,,,,
7.903177902335301e-05,0.0020416509360074997,2025-11-22 06:42:57.231929,,,,,,,,,
8.228883962146938e-05,0.0021048178896307945,2025-11-22 06:42:57.462516,,,,,,,,,
8.257021545432508e-05,0.0020000680815428495,2025-11-22 06:42:57.707531,,,,,,,,,
8.20151180960238e-05,0.0020834726747125387,2025-11-22 06:42:57.952991,,,,,,,,,
,,2025-11-22 06:42:58.006223,8.106883807259792e-05,0.002115329060567698,0.000375,,,,,,
,,2025-11-22 06:43:06.257506,,,,26.9912109375,9.396023750305176,,,,
,,2025-11-22 06:43:06.258816,,,,,,8.061964819297337e-05,0.002062303788709239,26.9912109375,9.396023750305176
8.061964763328433e-05,0.0022697357926517725,2025-11-22 06:43:10.828878,,,,,,,,,
7.964606629684567e-05,0.002076989272609353,2025-11-22 06:43:11.069847,,,,,,,,,
7.87831304478459e-05,0.0017235997365787625,2025-11-22 06:43:11.313593,,,,,,,,,
7.557775097666308e-05,0.0018567020306363702,2025-11-22 06:43:11.562466,,,,,,,,,
7.45969227864407e-05,0.0022910127881914377,2025-11-22 06:43:11.807083,,,,,,,,,
7.530555740231648e-05,0.0018300549127161503,2025-11-22 06:43:12.051010,,,,,,,,,
7.392682164208964e-05,0.0020454986952245235,2025-11-22 06:43:12.297809,,,,,,,,,
7.519336213590577e-05,0.0023944545537233353,2025-11-22 06:43:12.540306,,,,,,,,,
8.119850826915354e-05,0.002530089346691966,2025-11-22 06:43:12.788868,,,,,,,,,
8.88204958755523e-05,0.0019702590070664883,2025-11-22 06:43:13.033989,,,,,,,,,
8.983562292996794e-05,0.0020174095407128334,2025-11-22 06:43:13.282833,,,,,,,,,
8.807800622889772e-05,0.0021959810983389616,2025-11-22 06:43:13.529812,,,,,,,,,
8.673495176481083e-05,0.0024343603290617466,2025-11-22 06:43:13.785313,,,,,,,,,
8.832767343847081e-05,0.002201504074037075,2025-11-22 06:43:14.021556,,,,,,,,,
8.730534318601713e-05,0.0024675840977579355,2025-11-22 06:43:14.273114,,,,,,,,,
8.6884421762079e-05,0.001487074769102037,2025-11-22 06:43:14.519284,,,,,,,,,
8.223076292779297e-05,0.0018308432772755623,2025-11-22 06:43:14.761358,,,,,,,,,
7.926639955257997e-05,0.002364874118939042,2025-11-22 06:43:15.009734,,,,,,,,,
7.960032962728292e-05,0.0022413048427551985,2025-11-22 06:43:15.251721,,,,,,,,,
8.058787352638319e-05,0.002287806011736393,2025-11-22 06:43:15.498434,,,,,,,,,
8.111809438560158e-05,0.0017063951818272471,2025-11-22 06:43:15.742702,,,,,,,,,
8.042746048886329e-05,0.0018718276405707002,2025-11-22 06:43:15.996079,,,,,,,,,
7.7406621130649e-05,0.0019039638573303819,2025-11-22 06:43:16.231486,,,,,,,,,
7.706043106736615e-05,0.0022730317432433367,2025-11-22 06:43:16.478783,,,,,,,,,
7.794118573656306e-05,0.0021899284329265356,2025-11-22 06:43:16.733471,,,,,,,,,
7.956635090522468e-05,0.0022292621433734894,2025-11-22 06:43:16.984402,,,,,,,,,
8.058108505792916e-05,0.0020094006322324276,2025-11-22 06:43:17.225295,,,,,,,,,
8.148312190314755e-05,0.0018311251187697053,2025-11-22 06:43:17.461614,,,,,,,,,
8.116239769151434e-05,0.0017654974944889545,2025-11-22 06:43:17.712565,,,,,,,,,
8.024967974051833e-05,0.0020236619748175144,2025-11-22 06:43:17.952379,,,,,,,,,
8.234837150666863e-05,0.0018776790238916874,2025-11-22 06:43:18.198369,,,,,,,,,
8.321210043504834e-05,0.0018790819449350238,2025-11-22 06:43:18.444139,,,,,,,,,
8.114394586300477e-05,0.0023980517871677876,2025-11-22 06:43:18.692228,,,,,,,,,
7.906767132226378e-05,0.0019385649356991053,2025-11-22 06:43:18.944529,,,,,,,,,
7.759409345453605e-05,0.002428067149594426,2025-11-22 06:43:19.186134,,,,,,,,,
7.905011443654075e-05,0.001978176413103938,2025-11-22 06:43:19.427049,,,,,,,,,
7.894705777289346e-05,0.00237712892703712,2025-11-22 06:43:19.674054,,,,,,,,,
7.98575856606476e-05,0.0023019106592983007,2025-11-22 06:43:19.919485,,,,,,,,,
8.128840272547677e-05,0.0022748271003365517,2025-11-22 06:43:20.167907,,,,,,,,,
8.20196873974055e-05,0.002122999634593725,2025-11-22 06:43:20.410079,,,,,,,,,
8.213778346544132e-05,0.001998439198359847,2025-11-22 06:43:20.659444,,,,,,,,,
8.28278498374857e-05,0.0020775441080331802,2025-11-22 06:43:20.903315,,,,,,,,,
8.49131538416259e-05,0.002307862974703312,2025-11-22 06:43:21.152000,,,,,,,,,
8.653030818095431e-05,0.0019989663269370794,2025-11-22 06:43:21.394730,,,,,,,,,
8.337088365806267e-05,0.0017588005866855383,2025-11-22 06:43:21.644237,,,,,,,,,
7.884024671511725e-05,0.0021784903947263956,2025-11-22 06:43:21.889338,,,,,,,,,
7.877300231484696e-05,0.0021072514355182648,2025-11-22 06:43:22.134145,,,,,,,,,
8.089281618595123e-05,0.0020215907134115696,2025-11-22 06:43:22.380384,,,,,,,,,
8.071800402831286e-05,0.0018943396862596273,2025-11-22 06:43:22.621319,,,,,,,,,
7.854316936573014e-05,0.0018343342235311866,2025-11-22 06:43:22.866021,,,,,,,,,
7.728741184109822e-05,0.0017390040447935462,2025-11-22 06:43:23.123551,,,,,,,,,
7.592096517328173e-05,0.0023105985019356012,2025-11-22 06:43:23.363303,,,,,,,,,
7.62430063332431e-05,0.002178129041567445,2025-11-22 06:43:23.609437,,,,,,,,,
7.855793955968693e-05,0.0021231789141893387,2025-11-22 06:43:23.860991,,,,,,,,,
7.94610969023779e-05,0.0022692186757922173,2025-11-22 06:43:24.099465,,,,,,,,,
8.267666271422058e-05,0.002134386682882905,2025-11-22 06:43:24.344280,,,,,,,,,
8.352981967618689e-05,0.0021993794944137335,2025-11-22 06:43:24.590968,,,,,,,,,
8.247156802099198e-05,0.0019974287133663893,2025-11-22 06:43:24.838120,,,,,,,,,
8.17050677142106e-05,0.0020821390207856894,2025-11-22 06:43:25.088073,,,,,,,,,
8.42130248202011e-05,0.0022981318179517984,2025-11-22 06:43:25.342992,,,,,,,,,
8.522775897290558e-05,0.0019304633606225252,2025-11-22 06:43:25.588425,,,,,,,,,
8.241904288297519e-05,0.0021501986775547266,2025-11-22 06:43:25.837114,,,,,,,,,
8.018279186217114e-05,0.0023806411772966385,2025-11-22 06:43:26.082283,,,,,,,,,
8.157698903232813e-05,0.0019353199750185013,2025-11-22 06:43:26.328166,,,,,,,,,
8.212703687604517e-05,0.002032018033787608,2025-11-22 06:43:26.573321,,,,,,,,,
7.95971427578479e-05,0.00197388743981719,2025-11-22 06:43:26.819774,,,,,,,,,
7.87838944233954e-05,0.001975862542167306,2025-11-22 06:43:27.081223,,,,,,,,,
7.956745685078204e-05,0.001933130668476224,2025-11-22 06:43:27.320915,,,,,,,,,
7.973115134518594e-05,0.002455673646181822,2025-11-22 06:43:27.561693,,,,,,,,,
8.01714850240387e-05,0.0016711307689547539,2025-11-22 06:43:27.811777,,,,,,,,,
7.856434967834502e-05,0.0023627716582268476,2025-11-22 06:43:28.054407,,,,,,,,,
8.092889038380235e-05,0.0018768544541671872,2025-11-22 06:43:28.300885,,,,,,,,,
8.29844138934277e-05,0.002000391250476241,2025-11-22 06:43:28.562429,,,,,,,,,
8.293434075312689e-05,0.001959803281351924,2025-11-22 06:43:28.797689,,,,,,,,,
8.023438567761332e-05,0.002024638233706355,2025-11-22 06:43:29.046478,,,,,,,,,
8.008611621335149e-05,0.0021913000382483006,2025-11-22 06:43:29.290689,,,,,,,,,
8.162728772731498e-05,0.0020799299236387014,2025-11-22 06:43:29.535325,,,,,,,,,
8.273158891825005e-05,0.001954693580046296,2025-11-22 06:43:29.781378,,,,,,,,,
8.141654689097777e-05,0.0023370757699012756,2025-11-22 06:43:30.028206,,,,,,,,,
8.043790876399726e-05,0.002154281362891197,2025-11-22 06:43:30.273689,,,,,,,,,
7.929687853902578e-05,0.0023509454913437366,2025-11-22 06:43:30.520167,,,,,,,,,
8.087922469712794e-05,0.001914178836159408,2025-11-22 06:43:30.765135,,,,,,,,,
8.250011160271242e-05,0.0021566879004240036,2025-11-22 06:43:31.013491,,,,,,,,,
8.465332939522341e-05,0.0016054949956014752,2025-11-22 06:43:31.259662,,,,,,,,,
8.221712050726637e-05,0.0020770602859556675,2025-11-22 06:43:31.514907,,,,,,,,,
8.186403283616528e-05,0.0020053680054843426,2025-11-22 06:43:31.751057,,,,,,,,,
8.270349644590169e-05,0.0018853491637855768,2025-11-22 06:43:32.003310,,,,,,,,,
8.23902155389078e-05,0.002390011213719845,2025-11-22 06:43:32.259336,,,,,,,,,
8.052779594436288e-05,0.0020583902951329947,2025-11-22 06:43:32.501767,,,,,,,,,
7.884938531788066e-05,0.002259603701531887,2025-11-22 06:43:32.771902,,,,,,,,,
8.018333755899221e-05,0.0025867102667689323,2025-11-22 06:43:32.992907,,,,,,,,,
8.194222755264491e-05,0.0017377794720232487,2025-11-22 06:43:33.236630,,,,,,,,,
8.092794450931251e-05,0.0023858884815126657,2025-11-22 06:43:33.488733,,,,,,,,,
8.282720955321565e-05,0.0022707658354192972,2025-11-22 06:43:33.732348,,,,,,,,,
8.292882557725534e-05,0.0019110982539132237,2025-11-22 06:43:33.982158,,,,,,,,,
8.012765465537086e-05,0.0020639935974031687,2025-11-22 06:43:34.232296,,,,,,,,,
7.750954682705924e-05,0.0023320107720792294,2025-11-22 06:43:34.484148,,,,,,,,,
7.831653056200594e-05,0.0023120625410228968,2025-11-22 06:43:34.731473,,,,,,,,,
8.047456503845751e-05,0.0019277689279988408,2025-11-22 06:43:34.968848,,,,,,,,,
7.96683962107636e-05,0.0021212799474596977,2025-11-22 06:43:35.222007,,,,,,,,,
7.836047007003799e-05,0.0018986946670338511,2025-11-22 06:43:35.469091,,,,,,,,,
7.778697181493044e-05,0.0022592409513890743,2025-11-22 06:43:35.720023,,,,,,,,,
8.08800759841688e-05,0.002233664970844984,2025-11-22 06:43:35.956382,,,,,,,,,
8.439341763732955e-05,0.002389045897871256,2025-11-22 06:43:36.206864,,,,,,,,,
8.441263344138861e-05,0.0018843912985175848,2025-11-22 06:43:36.449382,,,,,,,,,
8.329768752446398e-05,0.0018392695346847177,2025-11-22 06:43:36.695728,,,,,,,,,
8.246859215432778e-05,0.0019210655009374022,2025-11-22 06:43:36.944353,,,,,,,,,
8.215133857447654e-05,0.0023137181997299194,2025-11-22 06:43:37.187226,,,,,,,,,
8.171381341526285e-05,0.001850720727816224,2025-11-22 06:43:37.443233,,,,,,,,,
8.127366891130805e-05,0.0021237973123788834,2025-11-22 06:43:37.682279,,,,,,,,,
8.163429447449744e-05,0.0023098515812307596,2025-11-22 06:43:37.941867,,,,,,,,,
8.033937047002837e-05,0.0021603270433843136,2025-11-22 06:43:38.177683,,,,,,,,,
8.066726149991155e-05,0.0019866288639605045,2025-11-22 06:43:38.420556,,,,,,,,,
8.030353637877852e-05,0.0018770666792988777,2025-11-22 06:43:38.667828,,,,,,,,,
8.047278970479965e-05,0.0022558937780559063,2025-11-22 06:43:38.936055,,,,,,,,,
8.203262405004352e-05,0.0022679264657199383,2025-11-22 06:43:39.169779,,,,,,,,,
8.190341759473085e-05,0.002068417612463236,2025-11-22 06:43:39.427912,,,,,,,,,
8.14667873783037e-05,0.002169787883758545,2025-11-22 06:43:39.673479,,,,,,,,,
8.068748138612136e-05,0.00220087100751698,2025-11-22 06:43:39.914413,,,,,,,,,
8.246741344919428e-05,0.0019233620259910822,2025-11-22 06:43:40.179829,,,,,,,,,
8.166774205164984e-05,0.0022008854430168867,2025-11-22 06:43:40.414020,,,,,,,,,
7.874141010688618e-05,0.002239434514194727,2025-11-22 06:43:40.673806,,,,,,,,,
7.587591971969232e-05,0.00237125507555902,2025-11-22 06:43:40.908376,,,,,,,,,
7.51313054934144e-05,0.0019262242130935192,2025-11-22 06:43:41.153978,,,,,,,,,
7.388608355540782e-05,0.0020959668327122927,2025-11-22 06:43:41.402557,,,,,,,,,
7.414542778860778e-05,0.0022856048308312893,2025-11-22 06:43:41.647636,,,,,,,,,
7.53671265556477e-05,0.00206508650444448,2025-11-22 06:43:41.894710,,,,,,,,,
7.617126539116725e-05,0.001779488637112081,2025-11-22 06:43:42.138129,,,,,,,,,
7.612462650286034e-05,0.0022697621025145054,2025-11-22 06:43:42.390362,,,,,,,,,
7.892530993558466e-05,0.00256571383215487,2025-11-22 06:43:42.631636,,,,,,,,,
8.317966421600431e-05,0.002136132214218378,2025-11-22 06:43:42.884091,,,,,,,,,
8.49417774588801e-05,0.002369330730289221,2025-11-22 06:43:43.128674,,,,,,,,,
8.79046565387398e-05,0.0020040881354361773,2025-11-22 06:43:43.377278,,,,,,,,,
8.817251364234835e-05,0.0020733948331326246,2025-11-22 06:43:43.621113,,,,,,,,,
8.42600638861768e-05,0.002059264574199915,2025-11-22 06:43:43.866880,,,,,,,,,
8.182171586668119e-05,0.0022127411793917418,2025-11-22 06:43:44.114953,,,,,,,,,
7.970831211423501e-05,0.002193740801885724,2025-11-22 06:43:44.370476,,,,,,,,,
7.955082401167601e-05,0.001788314082659781,2025-11-22 06:43:44.614405,,,,,,,,,
7.694951636949554e-05,0.0024233306758105755,2025-11-22 06:43:44.853102,,,,,,,,,
7.561089296359569e-05,0.0018250553403049707,2025-11-22 06:43:45.106870,,,,,,,,,
7.632365304743871e-05,0.002224936615675688,2025-11-22 06:43:45.359417,,,,,,,,,
7.79308975324966e-05,0.0020235765259712934,2025-11-22 06:43:45.594865,,,,,,,,,
7.873828144511208e-05,0.0019100403878837824,2025-11-22 06:43:45.841180,,,,,,,,,
7.920991629362106e-05,0.0017955043585970998,2025-11-22 06:43:46.091011,,,,,,,,,
,,2025-11-22 06:43:46.157663,8.072798502528005e-05,0.002096611548040528,0.000375,,,,,,
,,2025-11-22 06:43:54.175256,,,,27.108299255371094,9.411871910095215,,,,
,,2025-11-22 06:43:54.176999,,,,,,7.847516098991036e-05,0.0020553737189262533,27.108299255371094,9.411871910095215
7.847516098991036e-05,0.0022793763782829046,2025-11-22 06:43:58.388545,,,,,,,,,
7.89938640082255e-05,0.0024589032400399446,2025-11-22 06:43:58.633076,,,,,,,,,
8.03257935331203e-05,0.0021580280736088753,2025-11-22 06:43:58.865357,,,,,,,,,
8.078549581114203e-05,0.002039644867181778,2025-11-22 06:43:59.118058,,,,,,,,,
8.223629993153736e-05,0.001895472058095038,2025-11-22 06:43:59.371193,,,,,,,,,
8.087790774879977e-05,0.002406718907877803,2025-11-22 06:43:59.614134,,,,,,,,,
8.212365355575457e-05,0.0018743767868727446,2025-11-22 06:43:59.860964,,,,,,,,,
8.067641465459019e-05,0.0024729007855057716,2025-11-22 06:44:00.099554,,,,,,,,,
8.215790876420215e-05,0.0022381891030818224,2025-11-22 06:44:00.350424,,,,,,,,,
8.520970732206479e-05,0.0021739283110946417,2025-11-22 06:44:00.597705,,,,,,,,,
8.690384129295126e-05,0.001902664895169437,2025-11-22 06:44:00.843148,,,,,,,,,
8.482354314764962e-05,0.0025270339101552963,2025-11-22 06:44:01.099376,,,,,,,,,
8.487297600368038e-05,0.0019099536584690213,2025-11-22 06:44:01.346704,,,,,,,,,
8.358500053873286e-05,0.0022101099602878094,2025-11-22 06:44:01.586773,,,,,,,,,
8.391069422941655e-05,0.00205582519993186,2025-11-22 06:44:01.831896,,,,,,,,,
8.455391798634082e-05,0.0020868326537311077,2025-11-22 06:44:02.086003,,,,,,,,,
8.36039544083178e-05,0.002040385501459241,2025-11-22 06:44:02.327002,,,,,,,,,
8.188345964299515e-05,0.0017789622070267797,2025-11-22 06:44:02.576285,,,,,,,,,
8.104900916805491e-05,0.002074472140520811,2025-11-22 06:44:02.815456,,,,,,,,,
8.109165355563164e-05,0.0020314310677349567,2025-11-22 06:44:03.061013,,,,,,,,,
7.774300320306793e-05,0.0021794463973492384,2025-11-22 06:44:03.309332,,,,,,,,,
7.542582170572132e-05,0.0021625948138535023,2025-11-22 06:44:03.555607,,,,,,,,,
7.582949911011383e-05,0.0018534368136897683,2025-11-22 06:44:03.800894,,,,,,,,,
7.625074795214459e-05,0.002364904386922717,2025-11-22 06:44:04.047232,,,,,,,,,
7.8773227869533e-05,0.001973615027964115,2025-11-22 06:44:04.296414,,,,,,,,,
8.114003139780834e-05,0.0018760055536404252,2025-11-22 06:44:04.542518,,,,,,,,,
8.18946209619753e-05,0.002034553326666355,2025-11-22 06:44:04.785433,,,,,,,,,
8.254065323853865e-05,0.002153062727302313,2025-11-22 06:44:05.032446,,,,,,,,,
8.172723755706102e-05,0.002089568879455328,2025-11-22 06:44:05.280881,,,,,,,,,
8.361385698663071e-05,0.0021657145116478205,2025-11-22 06:44:05.537890,,,,,,,,,
8.215464185923338e-05,0.002101606922224164,2025-11-22 06:44:05.774644,,,,,,,,,
8.091204654192552e-05,0.001831702538765967,2025-11-22 06:44:06.021855,,,,,,,,,
7.895367161836475e-05,0.002480070572346449,2025-11-22 06:44:06.276968,,,,,,,,,
7.894726149970666e-05,0.002037585712969303,2025-11-22 06:44:06.512038,,,,,,,,,
7.853264105506241e-05,0.0018974333070218563,2025-11-22 06:44:06.757638,,,,,,,,,
7.942446245579049e-05,0.0019651856273412704,2025-11-22 06:44:07.009181,,,,,,,,,
7.8804929216858e-05,0.0020247935317456722,2025-11-22 06:44:07.260246,,,,,,,,,
7.834505959181115e-05,0.0019704552832990885,2025-11-22 06:44:07.498227,,,,,,,,,
7.811059185769409e-05,0.0019359231228008866,2025-11-22 06:44:07.753758,,,,,,,,,
7.701069989707321e-05,0.002257897285744548,2025-11-22 06:44:07.998843,,,,,,,,,
7.727994670858607e-05,0.002380355494096875,2025-11-22 06:44:08.246951,,,,,,,,,
7.957655179779977e-05,0.002010389929637313,2025-11-22 06:44:08.488937,,,,,,,,,
7.91191851021722e-05,0.0017729870742186904,2025-11-22 06:44:08.732589,,,,,,,,,
7.808904774719849e-05,0.002552070887759328,2025-11-22 06:44:08.985407,,,,,,,,,
7.832601113477722e-05,0.0015934089897200465,2025-11-22 06:44:09.229462,,,,,,,,,
7.699921116000041e-05,0.0019444976933300495,2025-11-22 06:44:09.476409,,,,,,,,,
7.625556463608518e-05,0.0022268753964453936,2025-11-22 06:44:09.732691,,,,,,,,,
7.741674198769033e-05,0.0018081211019307375,2025-11-22 06:44:09.969640,,,,,,,,,
7.662584539502859e-05,0.0019751815125346184,2025-11-22 06:44:10.215015,,,,,,,,,
7.543941319454461e-05,0.0022014824207872152,2025-11-22 06:44:10.461396,,,,,,,,,
7.603249105159193e-05,0.0020692318212240934,2025-11-22 06:44:10.726876,,,,,,,,,
7.681984425289556e-05,0.002003107685595751,2025-11-22 06:44:10.972394,,,,,,,,,
7.794201519573107e-05,0.0020480446983128786,2025-11-22 06:44:11.215661,,,,,,,,,
7.537508645327762e-05,0.002381583210080862,2025-11-22 06:44:11.458874,,,,,,,,,
7.631970220245421e-05,0.0018267377745360136,2025-11-22 06:44:11.713775,,,,,,,,,
7.76311062509194e-05,0.0021241691429167986,2025-11-22 06:44:11.961248,,,,,,,,,
8.029479067772627e-05,0.001855036010965705,2025-11-22 06:44:12.220531,,,,,,,,,
8.102144784061238e-05,0.0019497643224895,2025-11-22 06:44:12.465082,,,,,,,,,
8.190992230083793e-05,0.002499061869457364,2025-11-22 06:44:12.703422,,,,,,,,,
8.248708763858303e-05,0.0017288365634158254,2025-11-22 06:44:12.951042,,,,,,,,,
8.12583530205302e-05,0.002485605189576745,2025-11-22 06:44:13.197945,,,,,,,,,
8.311341662192717e-05,0.0018561433535069227,2025-11-22 06:44:13.444299,,,,,,,,,
8.293645805679262e-05,0.0017831037985160947,2025-11-22 06:44:13.686196,,,,,,,,,
8.057867671595886e-05,0.0024214794393628836,2025-11-22 06:44:13.936672,,,,,,,,,
7.824177737347782e-05,0.001939532463438809,2025-11-22 06:44:14.185595,,,,,,,,,
7.658558752154931e-05,0.0019423447083681822,2025-11-22 06:44:14.427747,,,,,,,,,
7.491270662285388e-05,0.001998638268560171,2025-11-22 06:44:14.677149,,,,,,,,,
7.515589095419273e-05,0.0021203223150223494,2025-11-22 06:44:14.919606,,,,,,,,,
7.616321090608835e-05,0.0023287732619792223,2025-11-22 06:44:15.168361,,,,,,,,,
7.68318132031709e-05,0.0020686218049377203,2025-11-22 06:44:15.415612,,,,,,,,,
7.887047831900418e-05,0.00200388440862298,2025-11-22 06:44:15.661729,,,,,,,,,
8.032859477680176e-05,0.002226721029728651,2025-11-22 06:44:15.910530,,,,,,,,,
8.083858847385272e-05,0.002035981509834528,2025-11-22 06:44:16.153800,,,,,,,,,
8.342078945133835e-05,0.0022784587927162647,2025-11-22 06:44:16.399285,,,,,,,,,
8.817026537144557e-05,0.0016726821195334196,2025-11-22 06:44:16.646718,,,,,,,,,
8.59776118886657e-05,0.0025922683998942375,2025-11-22 06:44:16.893029,,,,,,,,,
8.486627484671772e-05,0.002253734041005373,2025-11-22 06:44:17.141436,,,,,,,,,
8.500845433445647e-05,0.001966050360351801,2025-11-22 06:44:17.393244,,,,,,,,,
8.242280455306172e-05,0.0021437264513224363,2025-11-22 06:44:17.634999,,,,,,,,,
7.984810508787632e-05,0.0021212550345808268,2025-11-22 06:44:17.882052,,,,,,,,,
7.745503535261378e-05,0.001984936883673072,2025-11-22 06:44:18.130410,,,,,,,,,
7.606811414007097e-05,0.002007324481382966,2025-11-22 06:44:18.383057,,,,,,,,,
7.582864054711536e-05,0.0020443645771592855,2025-11-22 06:44:18.626503,,,,,,,,,
7.758767605992034e-05,0.002119380747899413,2025-11-22 06:44:18.870982,,,,,,,,,
7.873716822359711e-05,0.001978242537006736,2025-11-22 06:44:19.119618,,,,,,,,,
8.015658386284485e-05,0.002479270799085498,2025-11-22 06:44:19.370718,,,,,,,,,
8.148603228619322e-05,0.0017094562062993646,2025-11-22 06:44:19.636710,,,,,,,,,
7.859048491809517e-05,0.0021991024259477854,2025-11-22 06:44:19.883038,,,,,,,,,
8.078308746917173e-05,0.0021413632202893496,2025-11-22 06:44:20.120147,,,,,,,,,
8.230235107475892e-05,0.0019942696671932936,2025-11-22 06:44:20.363652,,,,,,,,,
8.22638685349375e-05,0.0022324847523123026,2025-11-22 06:44:20.611767,,,,,,,,,
8.1639300333336e-05,0.00267393933609128,2025-11-22 06:44:20.868985,,,,,,,,,
8.429553417954594e-05,0.001810545683838427,2025-11-22 06:44:21.108105,,,,,,,,,
8.488457388011739e-05,0.0022689613979309797,2025-11-22 06:44:21.352208,,,,,,,,,
8.560962305637076e-05,0.001956287771463394,2025-11-22 06:44:21.631760,,,,,,,,,
8.658739534439519e-05,0.001979720313102007,2025-11-22 06:44:21.861543,,,,,,,,,
8.401322702411562e-05,0.0017314560245722532,2025-11-22 06:44:22.113663,,,,,,,,,
8.049661119002849e-05,0.0022715504746884108,2025-11-22 06:44:22.366953,,,,,,,,,
8.027515286812559e-05,0.002209228929132223,2025-11-22 06:44:22.607906,,,,,,,,,
8.252941188402474e-05,0.0023505825083702803,2025-11-22 06:44:22.870339,,,,,,,,,
8.32129007903859e-05,0.0025619594380259514,2025-11-22 06:44:23.104790,,,,,,,,,
8.419686491834e-05,0.0020462500397115946,2025-11-22 06:44:23.349966,,,,,,,,,
8.305927622132003e-05,0.002181584946811199,2025-11-22 06:44:23.597259,,,,,,,,,
8.199467265512794e-05,0.0018631465500220656,2025-11-22 06:44:23.852979,,,,,,,,,
8.029703167267144e-05,0.001812924281693995,2025-11-22 06:44:24.099176,,,,,,,,,
7.88337056292221e-05,0.002126599894836545,2025-11-22 06:44:24.350508,,,,,,,,,
7.874399307183921e-05,0.002398223616182804,2025-11-22 06:44:24.587976,,,,,,,,,
7.904571975814179e-05,0.002005976624786854,2025-11-22 06:44:24.832853,,,,,,,,,
7.870431727496907e-05,0.0018924782052636147,2025-11-22 06:44:25.081195,,,,,,,,,
8.004860865185037e-05,0.0018280887743458152,2025-11-22 06:44:25.326488,,,,,,,,,
8.310873818118125e-05,0.0019073501462116838,2025-11-22 06:44:25.573359,,,,,,,,,
8.394255564780906e-05,0.001781914383172989,2025-11-22 06:44:25.818995,,,,,,,,,
8.069805335253477e-05,0.002026211703196168,2025-11-22 06:44:26.077500,,,,,,,,,
7.941344665596262e-05,0.002087977947667241,2025-11-22 06:44:26.316049,,,,,,,,,
8.263875497505069e-05,0.0023222733289003372,2025-11-22 06:44:26.568183,,,,,,,,,
8.396839257329702e-05,0.0019777927082031965,2025-11-22 06:44:26.809209,,,,,,,,,
8.305509254569188e-05,0.002017812803387642,2025-11-22 06:44:27.058100,,,,,,,,,
8.16976316855289e-05,0.0017334572039544582,2025-11-22 06:44:27.305608,,,,,,,,,
8.097427780739963e-05,0.001990707591176033,2025-11-22 06:44:27.553927,,,,,,,,,
8.177651034202427e-05,0.002182811964303255,2025-11-22 06:44:27.806805,,,,,,,,,
8.153716044034809e-05,0.0023120352998375893,2025-11-22 06:44:28.046246,,,,,,,,,
8.067327144090086e-05,0.0019541385117918253,2025-11-22 06:44:28.299718,,,,,,,,,
8.087296737357974e-05,0.0017469404265284538,2025-11-22 06:44:28.542548,,,,,,,,,
7.986110722413287e-05,0.002256921958178282,2025-11-22 06:44:28.786809,,,,,,,,,
8.167183113982901e-05,0.0016929892590269446,2025-11-22 06:44:29.052297,,,,,,,,,
7.99213521531783e-05,0.002196158515289426,2025-11-22 06:44:29.300258,,,,,,,,,
8.050987526075915e-05,0.0021951531525701284,2025-11-22 06:44:29.549692,,,,,,,,,
8.01460919319652e-05,0.001917109009809792,2025-11-22 06:44:29.798285,,,,,,,,,
7.943446689750999e-05,0.0019409738015383482,2025-11-22 06:44:30.042782,,,,,,,,,
8.023862028494477e-05,0.002101696329191327,2025-11-22 06:44:30.299028,,,,,,,,,
7.988052675500512e-05,0.0018166410736739635,2025-11-22 06:44:30.542093,,,,,,,,,
7.871292473282665e-05,0.0019607802387326956,2025-11-22 06:44:30.784509,,,,,,,,,
7.780739542795345e-05,0.0020358539186418056,2025-11-22 06:44:31.033936,,,,,,,,,
7.850307883927599e-05,0.002162250690162182,2025-11-22 06:44:31.281401,,,,,,,,,
7.929310231702402e-05,0.0021667720284312963,2025-11-22 06:44:31.535104,,,,,,,,,
7.805188943166286e-05,0.002148353960365057,2025-11-22 06:44:31.783161,,,,,,,,,
8.004560368135571e-05,0.0020036050118505955,2025-11-22 06:44:32.028098,,,,,,,,,
8.137481199810281e-05,0.0017217880813404918,2025-11-22 06:44:32.280965,,,,,,,,,
8.027272269828245e-05,0.0022704240400344133,2025-11-22 06:44:32.531777,,,,,,,,,
7.99140107119456e-05,0.002113207709044218,2025-11-22 06:44:32.780975,,,,,,,,,
7.9518293205183e-05,0.0019621183164417744,2025-11-22 06:44:33.022259,,,,,,,,,
7.791383541189134e-05,0.0024022955913096666,2025-11-22 06:44:33.268340,,,,,,,,,
7.793511031195521e-05,0.001907028374262154,2025-11-22 06:44:33.523439,,,,,,,,,
7.93593208072707e-05,0.001950018689967692,2025-11-22 06:44:33.771977,,,,,,,,,
,,2025-11-22 06:44:33.892937,8.03834418042647e-05,0.002076279869975729,0.000375,,,,,,
,,2025-11-22 06:44:42.421171,,,,27.102863311767578,9.468029975891113,,,,
,,2025-11-22 06:44:42.423022,,,,,,7.857344462536275e-05,0.002029115208782829,27.102863311767578,9.468029975891113
7.857344462536275e-05,0.002204577438533306,2025-11-22 06:44:46.291773,,,,,,,,,
7.840907346690074e-05,0.002038550330325961,2025-11-22 06:44:46.535788,,,,,,,,,
8.036240615183488e-05,0.0018429964547976851,2025-11-22 06:44:46.786879,,,,,,,,,
7.957526395330206e-05,0.0017246744828298688,2025-11-22 06:44:47.035344,,,,,,,,,
7.70842598285526e-05,0.0021369121968746185,2025-11-22 06:44:47.284453,,,,,,,,,
7.761281449347734e-05,0.001937577617354691,2025-11-22 06:44:47.520899,,,,,,,,,
7.878447650000453e-05,0.002210248727351427,2025-11-22 06:44:47.764274,,,,,,,,,
7.891785207903013e-05,0.00184004963375628,2025-11-22 06:44:48.029398,,,,,,,,,
7.821754843462259e-05,0.0021152226254343987,2025-11-22 06:44:48.262692,,,,,,,,,
7.832622941350564e-05,0.0017236341955140233,2025-11-22 06:44:48.507205,,,,,,,,,
7.726706098765135e-05,0.0016903865616768599,2025-11-22 06:44:48.753352,,,,,,,,,
7.593348709633574e-05,0.0023735074792057276,2025-11-22 06:44:49.000599,,,,,,,,,
7.52428823034279e-05,0.001675924751907587,2025-11-22 06:44:49.247140,,,,,,,,,
7.56480876589194e-05,0.002227432793006301,2025-11-22 06:44:49.497547,,,,,,,,,
7.735189865343273e-05,0.002259876113384962,2025-11-22 06:44:49.739454,,,,,,,,,
7.914644083939493e-05,0.0024205173831433058,2025-11-22 06:44:49.990949,,,,,,,,,
8.156015974236652e-05,0.0022518306504935026,2025-11-22 06:44:50.233083,,,,,,,,,
8.464551501674578e-05,0.0017176776891574264,2025-11-22 06:44:50.488084,,,,,,,,,
8.51111180963926e-05,0.0018396738450974226,2025-11-22 06:44:50.726594,,,,,,,,,
8.469465683447197e-05,0.0023083845153450966,2025-11-22 06:44:50.972986,,,,,,,,,
8.371704461751506e-05,0.0018125458154827356,2025-11-22 06:44:51.219918,,,,,,,,,
8.141525904648006e-05,0.0019990087021142244,2025-11-22 06:44:51.467157,,,,,,,,,
7.882947829784825e-05,0.001964638940989971,2025-11-22 06:44:51.705945,,,,,,,,,
7.730090146651492e-05,0.002256418578326702,2025-11-22 06:44:51.958006,,,,,,,,,
7.82945571700111e-05,0.0018267665291205049,2025-11-22 06:44:52.202188,,,,,,,,,
7.860476762289181e-05,0.002037499798461795,2025-11-22 06:44:52.443262,,,,,,,,,
7.780529995216057e-05,0.001821855315938592,2025-11-22 06:44:52.693248,,,,,,,,,
7.7379125286825e-05,0.0017866032430902123,2025-11-22 06:44:52.935022,,,,,,,,,
7.658947288291529e-05,0.0019054451258853078,2025-11-22 06:44:53.183658,,,,,,,,,
7.546528649982065e-05,0.0019258983666077256,2025-11-22 06:44:53.426748,,,,,,,,,
7.402120536426082e-05,0.00218051765114069,2025-11-22 06:44:53.675730,,,,,,,,,
7.287502376129851e-05,0.0022191836033016443,2025-11-22 06:44:53.922285,,,,,,,,,
7.214509969344363e-05,0.0022869757376611233,2025-11-22 06:44:54.162962,,,,,,,,,
7.491705036954954e-05,0.002094356343150139,2025-11-22 06:44:54.406639,,,,,,,,,
7.870246190577745e-05,0.002126406179741025,2025-11-22 06:44:54.655360,,,,,,,,,
8.189439540728927e-05,0.002344053238630295,2025-11-22 06:44:54.904774,,,,,,,,,
8.321869245264679e-05,0.0025741944555193186,2025-11-22 06:44:55.148446,,,,,,,,,
8.863533730618656e-05,0.0022442080080509186,2025-11-22 06:44:55.394703,,,,,,,,,
9.313716145697981e-05,0.0019338390557095408,2025-11-22 06:44:55.644310,,,,,,,,,
9.264847176382318e-05,0.001920872600749135,2025-11-22 06:44:55.888946,,,,,,,,,
8.758882904658094e-05,0.0021011054050177336,2025-11-22 06:44:56.131560,,,,,,,,,
8.300029003294185e-05,0.0021037438418716192,2025-11-22 06:44:56.394497,,,,,,,,,
8.008916483959183e-05,0.0018783152336254716,2025-11-22 06:44:56.627690,,,,,,,,,
7.529132562922314e-05,0.002515908097848296,2025-11-22 06:44:56.889036,,,,,,,,,
7.525752880610526e-05,0.002200585324317217,2025-11-22 06:44:57.125925,,,,,,,,,
7.535803888458759e-05,0.0020490989554673433,2025-11-22 06:44:57.374721,,,,,,,,,
7.773940888000652e-05,0.002136325230821967,2025-11-22 06:44:57.622718,,,,,,,,,
7.9793157055974e-05,0.0018661516951397061,2025-11-22 06:44:57.871270,,,,,,,,,
8.164433529600501e-05,0.0021020290441811085,2025-11-22 06:44:58.113033,,,,,,,,,
8.101049024844542e-05,0.0022117525804787874,2025-11-22 06:44:58.361580,,,,,,,,,
8.07321339379996e-05,0.0018576483707875013,2025-11-22 06:44:58.616416,,,,,,,,,
8.183628233382478e-05,0.002750295214354992,2025-11-22 06:44:58.853917,,,,,,,,,
8.310312841786072e-05,0.0019345260225236416,2025-11-22 06:44:59.098552,,,,,,,,,
8.163767779478803e-05,0.0017563359579071403,2025-11-22 06:44:59.347573,,,,,,,,,
7.930260471766815e-05,0.0021908199414610863,2025-11-22 06:44:59.590982,,,,,,,,,
7.800626190146431e-05,0.002475593239068985,2025-11-22 06:44:59.857675,,,,,,,,,
8.149848144967109e-05,0.0020911111496388912,2025-11-22 06:45:00.092859,,,,,,,,,
8.190346125047654e-05,0.0022987714037299156,2025-11-22 06:45:00.343145,,,,,,,,,
8.24096568976529e-05,0.0026907999999821186,2025-11-22 06:45:00.587823,,,,,,,,,
8.587520278524607e-05,0.002023950219154358,2025-11-22 06:45:00.837237,,,,,,,,,
8.636095299152657e-05,0.0021140193566679955,2025-11-22 06:45:01.093261,,,,,,,,,
8.436956704827026e-05,0.0024801616091281176,2025-11-22 06:45:01.333055,,,,,,,,,
8.904271089704707e-05,0.0021615519654005766,2025-11-22 06:45:01.588192,,,,,,,,,
9.24211781239137e-05,0.0021755616180598736,2025-11-22 06:45:01.821934,,,,,,,,,
8.990817877929658e-05,0.0021172831766307354,2025-11-22 06:45:02.067109,,,,,,,,,
8.48674972075969e-05,0.0018515032716095448,2025-11-22 06:45:02.326585,,,,,,,,,
8.146629261318594e-05,0.001496193348430097,2025-11-22 06:45:02.565471,,,,,,,,,
7.961290975799784e-05,0.0022435670252889395,2025-11-22 06:45:02.812161,,,,,,,,,
7.943812670418993e-05,0.00200632237829268,2025-11-22 06:45:03.066445,,,,,,,,,
7.781030581099913e-05,0.0017341537168249488,2025-11-22 06:45:03.312487,,,,,,,,,
7.458954496541992e-05,0.0020933039486408234,2025-11-22 06:45:03.555101,,,,,,,,,
7.392401312245056e-05,0.0020613265223801136,2025-11-22 06:45:03.801415,,,,,,,,,
7.966173143358901e-05,0.001982484245672822,2025-11-22 06:45:04.051540,,,,,,,,,
8.48046038299799e-05,0.0017439096700400114,2025-11-22 06:45:04.299004,,,,,,,,,
8.59697101986967e-05,0.001793581759557128,2025-11-22 06:45:04.542680,,,,,,,,,
8.483873534714803e-05,0.0021096717100590467,2025-11-22 06:45:04.788187,,,,,,,,,
8.439132943749428e-05,0.0020263739861547947,2025-11-22 06:45:05.032809,,,,,,,,,
8.423731196671724e-05,0.0016958080232143402,2025-11-22 06:45:05.278744,,,,,,,,,
8.332823927048594e-05,0.0017661445308476686,2025-11-22 06:45:05.536031,,,,,,,,,
8.009928569663316e-05,0.0021717615891247988,2025-11-22 06:45:05.774129,,,,,,,,,
7.784756598994136e-05,0.002258935710415244,2025-11-22 06:45:06.036103,,,,,,,,,
7.443105278071016e-05,0.0018576275324448943,2025-11-22 06:45:06.269723,,,,,,,,,
7.268617628142238e-05,0.0026562476996332407,2025-11-22 06:45:06.515057,,,,,,,,,
7.678331166971475e-05,0.001923087751492858,2025-11-22 06:45:06.769582,,,,,,,,,
8.307036478072405e-05,0.0017495148349553347,2025-11-22 06:45:07.016594,,,,,,,,,
8.487679588142782e-05,0.0023293085396289825,2025-11-22 06:45:07.269916,,,,,,,,,
8.334645099239424e-05,0.0023488604929298162,2025-11-22 06:45:07.508037,,,,,,,,,
8.509711915394291e-05,0.0018627509707584977,2025-11-22 06:45:07.751107,,,,,,,,,
8.66153059178032e-05,0.0018495166441425681,2025-11-22 06:45:08.001337,,,,,,,,,
8.707471715752035e-05,0.0021130298264324665,2025-11-22 06:45:08.245146,,,,,,,,,
8.414107287535444e-05,0.002200140617787838,2025-11-22 06:45:08.491450,,,,,,,,,
7.996547356015071e-05,0.002015913836658001,2025-11-22 06:45:08.737755,,,,,,,,,
7.713971717748791e-05,0.0018563204212114215,2025-11-22 06:45:08.984784,,,,,,,,,
7.597205694764853e-05,0.0024818629026412964,2025-11-22 06:45:09.230957,,,,,,,,,
7.809411908965558e-05,0.0020529956091195345,2025-11-22 06:45:09.478740,,,,,,,,,
7.917820767033845e-05,0.0019524774979799986,2025-11-22 06:45:09.729248,,,,,,,,,
7.778149301884696e-05,0.0022017802111804485,2025-11-22 06:45:09.974928,,,,,,,,,
7.78121902840212e-05,0.0024602964986115694,2025-11-22 06:45:10.223792,,,,,,,,,
7.869485125411302e-05,0.0022393257822841406,2025-11-22 06:45:10.475956,,,,,,,,,
8.19358101580292e-05,0.0018536646384745836,2025-11-22 06:45:10.723433,,,,,,,,,
8.152878581313416e-05,0.0021622502245008945,2025-11-22 06:45:10.977609,,,,,,,,,
8.134375821100548e-05,0.0019365668995305896,2025-11-22 06:45:11.215548,,,,,,,,,
8.21545982034877e-05,0.0018829824402928352,2025-11-22 06:45:11.461081,,,,,,,,,
8.090502524282783e-05,0.0019128272542729974,2025-11-22 06:45:11.712500,,,,,,,,,
7.870356785133481e-05,0.0024393750354647636,2025-11-22 06:45:11.961047,,,,,,,,,
7.953747262945399e-05,0.0018507237546145916,2025-11-22 06:45:12.207040,,,,,,,,,
7.960022776387632e-05,0.002112677786499262,2025-11-22 06:45:12.469717,,,,,,,,,
7.947959238663316e-05,0.0021094237454235554,2025-11-22 06:45:12.710191,,,,,,,,,
7.753003592370078e-05,0.002319329883903265,2025-11-22 06:45:12.954371,,,,,,,,,
7.603002450196072e-05,0.0020705759525299072,2025-11-22 06:45:13.201530,,,,,,,,,
7.790183735778555e-05,0.0021099639125168324,2025-11-22 06:45:13.452291,,,,,,,,,
7.921637006802484e-05,0.0019501663045957685,2025-11-22 06:45:13.699377,,,,,,,,,
7.830591493984684e-05,0.001978459535166621,2025-11-22 06:45:13.948964,,,,,,,,,
7.786411151755601e-05,0.002168126869946718,2025-11-22 06:45:14.190099,,,,,,,,,
7.908525731181726e-05,0.001956084044650197,2025-11-22 06:45:14.440965,,,,,,,,,
8.028822048800066e-05,0.0020953984931111336,2025-11-22 06:45:14.690365,,,,,,,,,
8.05343734100461e-05,0.002040176885202527,2025-11-22 06:45:14.936657,,,,,,,,,
8.238341979449615e-05,0.001910175895318389,2025-11-22 06:45:15.184323,,,,,,,,,
8.280346082756296e-05,0.0022137074265629053,2025-11-22 06:45:15.424512,,,,,,,,,
8.180733857443556e-05,0.0020625737961381674,2025-11-22 06:45:15.672085,,,,,,,,,
7.951963925734162e-05,0.0016301760915666819,2025-11-22 06:45:15.918958,,,,,,,,,
7.781478780088946e-05,0.0023533832281827927,2025-11-22 06:45:16.170758,,,,,,,,,
7.911242573754862e-05,0.0023815222084522247,2025-11-22 06:45:16.416243,,,,,,,,,
8.100808190647513e-05,0.002244507661089301,2025-11-22 06:45:16.661861,,,,,,,,,
7.910326530691236e-05,0.0021080966107547283,2025-11-22 06:45:16.908454,,,,,,,,,
7.961241499288008e-05,0.0022980496287345886,2025-11-22 06:45:17.158766,,,,,,,,,
8.385559340240434e-05,0.0016706455498933792,2025-11-22 06:45:17.405258,,,,,,,,,
8.525697921868414e-05,0.0019976876210421324,2025-11-22 06:45:17.648803,,,,,,,,,
8.39667409309186e-05,0.0016797836869955063,2025-11-22 06:45:17.899008,,,,,,,,,
8.009333396330476e-05,0.0018648826517164707,2025-11-22 06:45:18.141584,,,,,,,,,
7.824064960004762e-05,0.00204293429851532,2025-11-22 06:45:18.389202,,,,,,,,,
7.866833038860932e-05,0.0019216126529499888,2025-11-22 06:45:18.632726,,,,,,,,,
7.653555803699419e-05,0.0018605480436235666,2025-11-22 06:45:18.885370,,,,,,,,,
7.343089964706451e-05,0.0024887665640562773,2025-11-22 06:45:19.136788,,,,,,,,,
7.412427657982334e-05,0.0022891114931553602,2025-11-22 06:45:19.375751,,,,,,,,,
7.86705786595121e-05,0.002083791885524988,2025-11-22 06:45:19.619753,,,,,,,,,
8.110149792628363e-05,0.0021799616515636444,2025-11-22 06:45:19.868083,,,,,,,,,
8.211573731387034e-05,0.002012861194089055,2025-11-22 06:45:20.120485,,,,,,,,,
8.07217147666961e-05,0.0018809959292411804,2025-11-22 06:45:20.362970,,,,,,,,,
8.078913378994912e-05,0.002265319461002946,2025-11-22 06:45:20.611379,,,,,,,,,
8.519145922036842e-05,0.0020514423958957195,2025-11-22 06:45:20.858746,,,,,,,,,
8.526055898983032e-05,0.0018159495666623116,2025-11-22 06:45:21.105431,,,,,,,,,
8.111355418805033e-05,0.0018349768361076713,2025-11-22 06:45:21.349265,,,,,,,,,
7.760869630146772e-05,0.002496858360245824,2025-11-22 06:45:21.598603,,,,,,,,,
,,2025-11-22 06:45:21.672338,8.03940528284228e-05,0.0020684693235024395,0.000375,,,,,,
,,2025-11-22 06:45:30.120051,,,,27.057514190673828,9.425493240356445,,,,
,,2025-11-22 06:45:30.121254,,,,,,7.939822059527684e-05,0.0020480568637140095,27.057514190673828,9.425493240356445
7.939822535263374e-05,0.0021123397164046764,2025-11-22 06:45:34.551094,,,,,,,,,
8.002569666132331e-05,0.002099832287058234,2025-11-22 06:45:34.799012,,,,,,,,,
7.707250188104808e-05,0.00224838824942708,2025-11-22 06:45:35.045569,,,,,,,,,
7.904827361926436e-05,0.0021073867101222277,2025-11-22 06:45:35.292782,,,,,,,,,
8.076171070570126e-05,0.00196584640070796,2025-11-22 06:45:35.548166,,,,,,,,,
8.0124955275096e-05,0.0020504312124103308,2025-11-22 06:45:35.786584,,,,,,,,,
7.93023791629821e-05,0.0019730902276933193,2025-11-22 06:45:36.028271,,,,,,,,,
8.139259443851188e-05,0.002089586341753602,2025-11-22 06:45:36.272347,,,,,,,,,
8.457866351818666e-05,0.0019975504837930202,2025-11-22 06:45:36.517263,,,,,,,,,
8.411811722908169e-05,0.0016302226576954126,2025-11-22 06:45:36.766512,,,,,,,,,
8.044797141337767e-05,0.0019016156438738108,2025-11-22 06:45:37.024238,,,,,,,,,
7.735329563729465e-05,0.0022352056112140417,2025-11-22 06:45:37.256502,,,,,,,,,
7.83807408879511e-05,0.0018953109392896295,2025-11-22 06:45:37.514307,,,,,,,,,
7.81958078732714e-05,0.001877815229818225,2025-11-22 06:45:37.751423,,,,,,,,,
7.695603562751785e-05,0.001811488182283938,2025-11-22 06:45:38.008207,,,,,,,,,
7.674710650462657e-05,0.002215860178694129,2025-11-22 06:45:38.242050,,,,,,,,,
8.05976742412895e-05,0.0023965248838067055,2025-11-22 06:45:38.488469,,,,,,,,,
8.58659332152456e-05,0.0018275183392688632,2025-11-22 06:45:38.734003,,,,,,,,,
8.836664346745238e-05,0.0019800725858658552,2025-11-22 06:45:38.984786,,,,,,,,,
8.731649722903967e-05,0.0021656970493495464,2025-11-22 06:45:39.236369,,,,,,,,,
8.489416359225288e-05,0.0021409671753644943,2025-11-22 06:45:39.472018,,,,,,,,,
8.364395034732297e-05,0.0019882405176758766,2025-11-22 06:45:39.733088,,,,,,,,,
8.011944009922445e-05,0.002041916362941265,2025-11-22 06:45:39.994769,,,,,,,,,
7.680804264964536e-05,0.002149367704987526,2025-11-22 06:45:40.218394,,,,,,,,,
7.629592437297106e-05,0.0023641963489353657,2025-11-22 06:45:40.466483,,,,,,,,,
7.744276808807626e-05,0.0021230815909802914,2025-11-22 06:45:40.714128,,,,,,,,,
7.94487350503914e-05,0.002023083157837391,2025-11-22 06:45:40.962987,,,,,,,,,
8.031089237192646e-05,0.002505033742636442,2025-11-22 06:45:41.201694,,,,,,,,,
8.430857997154817e-05,0.0019110165303573012,2025-11-22 06:45:41.446652,,,,,,,,,
8.566262840759009e-05,0.0020575367379933596,2025-11-22 06:45:41.695845,,,,,,,,,
8.547170727979392e-05,0.0021181153133511543,2025-11-22 06:45:41.941689,,,,,,,,,
8.306520612677559e-05,0.0018896724795922637,2025-11-22 06:45:42.187414,,,,,,,,,
8.082993736024946e-05,0.002186042023822665,2025-11-22 06:45:42.432624,,,,,,,,,
8.109764894470572e-05,0.002212157705798745,2025-11-22 06:45:42.685271,,,,,,,,,
8.240481110988185e-05,0.0020798128098249435,2025-11-22 06:45:42.928464,,,,,,,,,
8.225472993217409e-05,0.0017953274073079228,2025-11-22 06:45:43.177234,,,,,,,,,
7.930720312288031e-05,0.001902358140796423,2025-11-22 06:45:43.425613,,,,,,,,,
8.00895068095997e-05,0.0021169674582779408,2025-11-22 06:45:43.666478,,,,,,,,,
8.321581844938919e-05,0.0018595942528918386,2025-11-22 06:45:43.913340,,,,,,,,,
8.23322479845956e-05,0.0019777421839535236,2025-11-22 06:45:44.161140,,,,,,,,,
7.865302904974669e-05,0.0019450089894235134,2025-11-22 06:45:44.407014,,,,,,,,,
7.638005627086386e-05,0.002154144225642085,2025-11-22 06:45:44.650749,,,,,,,,,
7.865949010010809e-05,0.002335849218070507,2025-11-22 06:45:44.898118,,,,,,,,,
7.886487583164126e-05,0.00206706952303648,2025-11-22 06:45:45.142589,,,,,,,,,
7.80432383180596e-05,0.0019656275399029255,2025-11-22 06:45:45.391687,,,,,,,,,
7.607165025547147e-05,0.002076436299830675,2025-11-22 06:45:45.635393,,,,,,,,,
7.857620221329853e-05,0.0018786677392199636,2025-11-22 06:45:45.881718,,,,,,,,,
8.038969826884568e-05,0.0019702359568327665,2025-11-22 06:45:46.128097,,,,,,,,,
7.87465542089194e-05,0.002108929678797722,2025-11-22 06:45:46.374564,,,,,,,,,
7.88303223089315e-05,0.00224931794218719,2025-11-22 06:45:46.624083,,,,,,,,,
8.079334656940773e-05,0.0017159711569547653,2025-11-22 06:45:46.867686,,,,,,,,,
8.031624020077288e-05,0.0022153158206492662,2025-11-22 06:45:47.110067,,,,,,,,,
8.070547482930124e-05,0.001938998932018876,2025-11-22 06:45:47.356397,,,,,,,,,
8.033940684981644e-05,0.002069760113954544,2025-11-22 06:45:47.604773,,,,,,,,,
8.10700876172632e-05,0.002256262581795454,2025-11-22 06:45:47.849656,,,,,,,,,
8.202945900848135e-05,0.0015931858215481043,2025-11-22 06:45:48.092284,,,,,,,,,
7.926599937491119e-05,0.002122356090694666,2025-11-22 06:45:48.355413,,,,,,,,,
7.617100345669314e-05,0.0020351826678961515,2025-11-22 06:45:48.605229,,,,,,,,,
7.576475763926283e-05,0.0023962920531630516,2025-11-22 06:45:48.835086,,,,,,,,,
7.927404658403248e-05,0.0023860670626163483,2025-11-22 06:45:49.096146,,,,,,,,,
8.37011612020433e-05,0.0020638129208236933,2025-11-22 06:45:49.353692,,,,,,,,,
8.557015826227143e-05,0.002006744034588337,2025-11-22 06:45:49.590343,,,,,,,,,
8.472207991871983e-05,0.0023671151138842106,2025-11-22 06:45:49.827906,,,,,,,,,
8.599712600698695e-05,0.0018647311953827739,2025-11-22 06:45:50.083471,,,,,,,,,
8.621277083875611e-05,0.0017445115372538567,2025-11-22 06:45:50.332405,,,,,,,,,
8.340838394360617e-05,0.0017946755979210138,2025-11-22 06:45:50.577989,,,,,,,,,
7.797686703270301e-05,0.0021991729736328125,2025-11-22 06:45:50.822436,,,,,,,,,
7.561458187410608e-05,0.0021086190827190876,2025-11-22 06:45:51.074071,,,,,,,,,
7.576795178465545e-05,0.0023628752678632736,2025-11-22 06:45:51.320822,,,,,,,,,
7.373419066425413e-05,0.0022632020991295576,2025-11-22 06:45:51.567434,,,,,,,,,
7.599303353345022e-05,0.002395283430814743,2025-11-22 06:45:51.815332,,,,,,,,,
8.045206050155684e-05,0.0021747215650975704,2025-11-22 06:45:52.068592,,,,,,,,,
8.321194763993844e-05,0.001990275690332055,2025-11-22 06:45:52.310903,,,,,,,,,
8.404237451031804e-05,0.0018993440316990018,2025-11-22 06:45:52.553475,,,,,,,,,
8.327110845129937e-05,0.0017814674647524953,2025-11-22 06:45:52.811194,,,,,,,,,
8.120124402921647e-05,0.0021260888315737247,2025-11-22 06:45:53.055021,,,,,,,,,
8.099810656858608e-05,0.001494505093432963,2025-11-22 06:45:53.313550,,,,,,,,,
7.749592623440549e-05,0.002082706429064274,2025-11-22 06:45:53.556698,,,,,,,,,
7.378026930382475e-05,0.001784675638191402,2025-11-22 06:45:53.802745,,,,,,,,,
7.342700700974092e-05,0.0024838526733219624,2025-11-22 06:45:54.050928,,,,,,,,,
7.516276673413813e-05,0.0017277117585763335,2025-11-22 06:45:54.296997,,,,,,,,,
7.505136454710737e-05,0.002527101431041956,2025-11-22 06:45:54.541310,,,,,,,,,
7.767415081616491e-05,0.0023849550634622574,2025-11-22 06:45:54.789588,,,,,,,,,
8.159233402693644e-05,0.0023142455611377954,2025-11-22 06:45:55.034292,,,,,,,,,
8.799719216767699e-05,0.0018716747872531414,2025-11-22 06:45:55.293611,,,,,,,,,
8.623156463727355e-05,0.0016663259593769908,2025-11-22 06:45:55.537714,,,,,,,,,
8.462400728603825e-05,0.002070864662528038,2025-11-22 06:45:55.780131,,,,,,,,,
8.700296166352928e-05,0.0017500113463029265,2025-11-22 06:45:56.038233,,,,,,,,,
8.60768705024384e-05,0.0023925243876874447,2025-11-22 06:45:56.288307,,,,,,,,,
8.011006138985977e-05,0.0020681514870375395,2025-11-22 06:45:56.535788,,,,,,,,,
7.465408998541534e-05,0.0022214939817786217,2025-11-22 06:45:56.774427,,,,,,,,,
7.472652214346454e-05,0.001861182856373489,2025-11-22 06:45:57.019424,,,,,,,,,
7.675006054341793e-05,0.002277171239256859,2025-11-22 06:45:57.264733,,,,,,,,,
7.606414874317124e-05,0.0021157949231565,2025-11-22 06:45:57.508762,,,,,,,,,
7.726345211267471e-05,0.0022360491566359997,2025-11-22 06:45:57.755689,,,,,,,,,
8.005116251297295e-05,0.002181833377107978,2025-11-22 06:45:58.008694,,,,,,,,,
8.208653162000701e-05,0.0018714595353230834,2025-11-22 06:45:58.251823,,,,,,,,,
8.34114762255922e-05,0.001954515464603901,2025-11-22 06:45:58.498500,,,,,,,,,
8.26747709652409e-05,0.0019328136695548892,2025-11-22 06:45:58.742573,,,,,,,,,
8.107435860438272e-05,0.001889221603050828,2025-11-22 06:45:58.988467,,,,,,,,,
8.096157398540527e-05,0.001752446056343615,2025-11-22 06:45:59.237964,,,,,,,,,
8.022617839742452e-05,0.0019282161956653,2025-11-22 06:45:59.484833,,,,,,,,,
7.738784188404679e-05,0.001816951553337276,2025-11-22 06:45:59.740977,,,,,,,,,
7.633638597326353e-05,0.002073670970275998,2025-11-22 06:45:59.980977,,,,,,,,,
7.823421765351668e-05,0.0019726776517927647,2025-11-22 06:46:00.225341,,,,,,,,,
8.006756979739293e-05,0.0018787742592394352,2025-11-22 06:46:00.471701,,,,,,,,,
7.919159543234855e-05,0.0021662567742168903,2025-11-22 06:46:00.717826,,,,,,,,,
7.934945460874587e-05,0.0019866330549120903,2025-11-22 06:46:00.968711,,,,,,,,,
7.93886065366678e-05,0.0021538930013775826,2025-11-22 06:46:01.222728,,,,,,,,,
7.935937901493162e-05,0.0019803354516625404,2025-11-22 06:46:01.466117,,,,,,,,,
7.834582356736064e-05,0.0020635006949305534,2025-11-22 06:46:01.709923,,,,,,,,,
7.628418097738177e-05,0.0020552712958306074,2025-11-22 06:46:01.954555,,,,,,,,,
7.44174249120988e-05,0.0021782510448247194,2025-11-22 06:46:02.203231,,,,,,,,,
7.481467764591798e-05,0.0023180190473794937,2025-11-22 06:46:02.450204,,,,,,,,,
7.847115193726495e-05,0.001775330980308354,2025-11-22 06:46:02.690793,,,,,,,,,
7.866991654736921e-05,0.002177940448746085,2025-11-22 06:46:02.939656,,,,,,,,,
8.028277807170525e-05,0.0020161860156804323,2025-11-22 06:46:03.200012,,,,,,,,,
8.273045386886224e-05,0.002336471574380994,2025-11-22 06:46:03.432446,,,,,,,,,
8.497659291606396e-05,0.0016532649751752615,2025-11-22 06:46:03.679673,,,,,,,,,
8.379732025787234e-05,0.0020023470278829336,2025-11-22 06:46:03.922977,,,,,,,,,
7.958695641718805e-05,0.0021102146711200476,2025-11-22 06:46:04.172365,,,,,,,,,
7.716144318692386e-05,0.001884855912066996,2025-11-22 06:46:04.422151,,,,,,,,,
7.692605868214741e-05,0.002494767541065812,2025-11-22 06:46:04.664307,,,,,,,,,
7.615504728164524e-05,0.002013790188357234,2025-11-22 06:46:04.910943,,,,,,,,,
7.392062252620235e-05,0.002461169846355915,2025-11-22 06:46:05.167337,,,,,,,,,
7.713353988947347e-05,0.0020035714842379093,2025-11-22 06:46:05.413888,,,,,,,,,
7.943916716612875e-05,0.001720606000162661,2025-11-22 06:46:05.662556,,,,,,,,,
8.078777318587527e-05,0.0018477679695934057,2025-11-22 06:46:05.906040,,,,,,,,,
8.290324331028387e-05,0.002117291558533907,2025-11-22 06:46:06.151706,,,,,,,,,
8.452344627585262e-05,0.0015929844230413437,2025-11-22 06:46:06.398566,,,,,,,,,
8.224172779591754e-05,0.0017284350469708443,2025-11-22 06:46:06.651122,,,,,,,,,
7.883625221438706e-05,0.002160061849281192,2025-11-22 06:46:06.891206,,,,,,,,,
7.791036478010938e-05,0.0024825462605804205,2025-11-22 06:46:07.138198,,,,,,,,,
7.937540067359805e-05,0.002150059211999178,2025-11-22 06:46:07.395176,,,,,,,,,
7.80192349338904e-05,0.0017827742267400026,2025-11-22 06:46:07.655261,,,,,,,,,
7.53571221139282e-05,0.0021076775155961514,2025-11-22 06:46:07.887328,,,,,,,,,
7.607718725921586e-05,0.0021013158839195967,2025-11-22 06:46:08.141501,,,,,,,,,
7.823008490959182e-05,0.0021197739988565445,2025-11-22 06:46:08.388891,,,,,,,,,
8.345844980794936e-05,0.002337487880140543,2025-11-22 06:46:08.640729,,,,,,,,,
8.551543578505516e-05,0.0019532721489667892,2025-11-22 06:46:08.880479,,,,,,,,,
8.55717808008194e-05,0.001885458710603416,2025-11-22 06:46:09.131116,,,,,,,,,
8.402398088946939e-05,0.002037811791524291,2025-11-22 06:46:09.378899,,,,,,,,,
8.322753274114802e-05,0.0018836380913853645,2025-11-22 06:46:09.625018,,,,,,,,,
8.131912181852385e-05,0.002205212600529194,2025-11-22 06:46:09.869032,,,,,,,,,
,,2025-11-22 06:46:09.926885,8.015174999955989e-05,0.00205053581804451,0.000375,,,,,,
,,2025-11-22 06:46:17.619672,,,,27.061443328857422,9.521430969238281,,,,
,,2025-11-22 06:46:17.622194,,,,,,7.932639122233153e-05,0.00200440300306162,27.061443328857422,9.521430969238281
7.932638982310891e-05,0.0016935825115069747,2025-11-22 06:46:22.744512,,,,,,,,,
7.614595233462751e-05,0.0022065432276576757,2025-11-22 06:46:22.997377,,,,,,,,,
7.587116851937026e-05,0.0023407761473208666,2025-11-22 06:46:23.242415,,,,,,,,,
7.75051667005755e-05,0.0018438861006870866,2025-11-22 06:46:23.481439,,,,,,,,,
7.777359132887796e-05,0.0020355242304503918,2025-11-22 06:46:23.728107,,,,,,,,,
7.752754027023911e-05,0.002315366407856345,2025-11-22 06:46:23.979156,,,,,,,,,
8.155853720381856e-05,0.0020485338754951954,2025-11-22 06:46:24.223925,,,,,,,,,
8.225443889386952e-05,0.002359350910410285,2025-11-22 06:46:24.464998,,,,,,,,,
7.969781290739775e-05,0.0022411367390304804,2025-11-22 06:46:24.708440,,,,,,,,,
8.051457552937791e-05,0.0019182534888386726,2025-11-22 06:46:24.954644,,,,,,,,,
8.389860158786178e-05,0.0018613538704812527,2025-11-22 06:46:25.217606,,,,,,,,,
8.460413664579391e-05,0.0018770038150250912,2025-11-22 06:46:25.453044,,,,,,,,,
7.942726369947195e-05,0.0015640206402167678,2025-11-22 06:46:25.716165,,,,,,,,,
7.485086098313332e-05,0.0021979822777211666,2025-11-22 06:46:25.961475,,,,,,,,,
7.676134555367753e-05,0.0018758021760731936,2025-11-22 06:46:26.199572,,,,,,,,,
7.976498454809189e-05,0.001885401550680399,2025-11-22 06:46:26.445429,,,,,,,,,
8.051798795349896e-05,0.0015714237233623862,2025-11-22 06:46:26.698861,,,,,,,,,
7.89180921856314e-05,0.0022766762413084507,2025-11-22 06:46:26.941971,,,,,,,,,
7.999848457984626e-05,0.0020192882511764765,2025-11-22 06:46:27.196402,,,,,,,,,
7.984844705788419e-05,0.0017672657268121839,2025-11-22 06:46:27.433908,,,,,,,,,
7.864176586735994e-05,0.0024186361115425825,2025-11-22 06:46:27.691025,,,,,,,,,
8.011824684217572e-05,0.0020582189317792654,2025-11-22 06:46:27.929800,,,,,,,,,
8.019160304684192e-05,0.001777585013769567,2025-11-22 06:46:28.179197,,,,,,,,,
7.970612205099314e-05,0.0019397446885704994,2025-11-22 06:46:28.433236,,,,,,,,,
7.928288687253371e-05,0.0020344331860542297,2025-11-22 06:46:28.669172,,,,,,,,,
7.780862506479025e-05,0.0018911139341071248,2025-11-22 06:46:28.948321,,,,,,,,,
7.563739927718416e-05,0.0022298279218375683,2025-11-22 06:46:29.195210,,,,,,,,,
7.693942461628467e-05,0.002072465606033802,2025-11-22 06:46:29.435506,,,,,,,,,
7.930908031994477e-05,0.0019448853563517332,2025-11-22 06:46:29.672875,,,,,,,,,
7.889478001743555e-05,0.0022217081859707832,2025-11-22 06:46:29.918522,,,,,,,,,
8.09741104603745e-05,0.002072065370157361,2025-11-22 06:46:30.163547,,,,,,,,,
8.13257647678256e-05,0.0018847398459911346,2025-11-22 06:46:30.408315,,,,,,,,,
8.0021025496535e-05,0.0022487163078039885,2025-11-22 06:46:30.654571,,,,,,,,,
8.126103057293221e-05,0.0017051573377102613,2025-11-22 06:46:30.898821,,,,,,,,,
8.070434705587104e-05,0.0022130627185106277,2025-11-22 06:46:31.157674,,,,,,,,,
8.02051363280043e-05,0.002003342378884554,2025-11-22 06:46:31.391076,,,,,,,,,
7.881326746428385e-05,0.0021943908650428057,2025-11-22 06:46:31.649655,,,,,,,,,
7.792846008669585e-05,0.0019490570994094014,2025-11-22 06:46:31.910615,,,,,,,,,
7.608333544339985e-05,0.0021336155477911234,2025-11-22 06:46:32.143272,,,,,,,,,
7.674880180275068e-05,0.0019656054209917784,2025-11-22 06:46:32.385232,,,,,,,,,
7.691441714996472e-05,0.002091107191517949,2025-11-22 06:46:32.631942,,,,,,,,,
7.925710087874904e-05,0.0022086140234023333,2025-11-22 06:46:32.888428,,,,,,,,,
7.959551294334233e-05,0.002052687108516693,2025-11-22 06:46:33.131242,,,,,,,,,
7.902205106802285e-05,0.002018076367676258,2025-11-22 06:46:33.375733,,,,,,,,,
8.022208203328773e-05,0.001880891271866858,2025-11-22 06:46:33.621288,,,,,,,,,
8.19974229671061e-05,0.0017746820813044906,2025-11-22 06:46:33.865012,,,,,,,,,
8.112522482406348e-05,0.0019029317190870643,2025-11-22 06:46:34.125612,,,,,,,,,
7.871568232076243e-05,0.0024252384901046753,2025-11-22 06:46:34.360670,,,,,,,,,
8.09171688160859e-05,0.0021388859022408724,2025-11-22 06:46:34.609018,,,,,,,,,
8.01537826191634e-05,0.002228653756901622,2025-11-22 06:46:34.856458,,,,,,,,,
8.339707710547373e-05,0.002121555618941784,2025-11-22 06:46:35.102005,,,,,,,,,
8.628825889900327e-05,0.0021299945656210184,2025-11-22 06:46:35.353996,,,,,,,,,
8.594232349423692e-05,0.0020751338452100754,2025-11-22 06:46:35.607857,,,,,,,,,
8.265534415841103e-05,0.0015744187403470278,2025-11-22 06:46:35.853936,,,,,,,,,
7.997048669494689e-05,0.0015927173662930727,2025-11-22 06:46:36.090093,,,,,,,,,
7.882428326411173e-05,0.0018732987809926271,2025-11-22 06:46:36.335870,,,,,,,,,
7.698169065406546e-05,0.0019552235025912523,2025-11-22 06:46:36.582982,,,,,,,,,
7.487218681490049e-05,0.0016056634485721588,2025-11-22 06:46:36.832228,,,,,,,,,
7.147983706090599e-05,0.002562882611528039,2025-11-22 06:46:37.074658,,,,,,,,,
7.197049853857607e-05,0.002144377212971449,2025-11-22 06:46:37.320604,,,,,,,,,
7.686237222515047e-05,0.0022201852407306433,2025-11-22 06:46:37.572612,,,,,,,,,
7.943598757265136e-05,0.0024538463912904263,2025-11-22 06:46:37.812424,,,,,,,,,
8.017112850211561e-05,0.0021644514054059982,2025-11-22 06:46:38.059110,,,,,,,,,
8.115694799926132e-05,0.002124085556715727,2025-11-22 06:46:38.306676,,,,,,,,,
8.226709178416058e-05,0.0021926620975136757,2025-11-22 06:46:38.556328,,,,,,,,,
8.284490468213335e-05,0.0022601336240768433,2025-11-22 06:46:38.797957,,,,,,,,,
8.174906542990357e-05,0.0021978786680847406,2025-11-22 06:46:39.043279,,,,,,,,,
8.115948003251106e-05,0.0021566750947386026,2025-11-22 06:46:39.295729,,,,,,,,,
8.148516644723713e-05,0.0025195523630827665,2025-11-22 06:46:39.535867,,,,,,,,,
8.04055598564446e-05,0.0019142597448080778,2025-11-22 06:46:39.787077,,,,,,,,,
7.758917490718886e-05,0.0023132641799747944,2025-11-22 06:46:40.032671,,,,,,,,,
7.809754606569186e-05,0.0019332751398906112,2025-11-22 06:46:40.273634,,,,,,,,,
8.014831109903753e-05,0.0018064141040667892,2025-11-22 06:46:40.544879,,,,,,,,,
7.824282511137426e-05,0.0020026718266308308,2025-11-22 06:46:40.776260,,,,,,,,,
7.805813220329583e-05,0.0021426831372082233,2025-11-22 06:46:41.012942,,,,,,,,,
8.072722994256765e-05,0.0018136417493224144,2025-11-22 06:46:41.260402,,,,,,,,,
8.197068382287398e-05,0.0022623997647315264,2025-11-22 06:46:41.515075,,,,,,,,,
8.210638770833611e-05,0.0018170190742239356,2025-11-22 06:46:41.755278,,,,,,,,,
8.076762605924159e-05,0.0014889901503920555,2025-11-22 06:46:42.003285,,,,,,,,,
7.620848919032142e-05,0.002061809878796339,2025-11-22 06:46:42.257591,,,,,,,,,
7.397808076348156e-05,0.0021973750554025173,2025-11-22 06:46:42.494879,,,,,,,,,
7.392028055619448e-05,0.0020453506149351597,2025-11-22 06:46:42.742358,,,,,,,,,
7.362876931438223e-05,0.001992280362173915,2025-11-22 06:46:43.002543,,,,,,,,,
7.454711885657161e-05,0.0016478272154927254,2025-11-22 06:46:43.239678,,,,,,,,,
7.275760435732082e-05,0.0019035384757444263,2025-11-22 06:46:43.490969,,,,,,,,,
7.411105616483837e-05,0.0019447087543085217,2025-11-22 06:46:43.741472,,,,,,,,,
7.898223702795804e-05,0.0022678968962281942,2025-11-22 06:46:43.979082,,,,,,,,,
8.102603896986693e-05,0.0023440569639205933,2025-11-22 06:46:44.236319,,,,,,,,,
8.313560101669282e-05,0.0020619623828679323,2025-11-22 06:46:44.476033,,,,,,,,,
8.583978342358023e-05,0.0017667588545009494,2025-11-22 06:46:44.726110,,,,,,,,,
8.693509153090417e-05,0.0020129659678786993,2025-11-22 06:46:44.965278,,,,,,,,,
8.691725815879181e-05,0.0018283993704244494,2025-11-22 06:46:45.213656,,,,,,,,,
8.502764831064269e-05,0.002398812910541892,2025-11-22 06:46:45.462947,,,,,,,,,
8.446526771876961e-05,0.0018167438684031367,2025-11-22 06:46:45.706641,,,,,,,,,
8.258879097411409e-05,0.0021143360063433647,2025-11-22 06:46:45.952027,,,,,,,,,
8.110065391520038e-05,0.0019336258992552757,2025-11-22 06:46:46.199937,,,,,,,,,
7.99811678007245e-05,0.001891055959276855,2025-11-22 06:46:46.443952,,,,,,,,,
7.966970588313416e-05,0.0024015081580728292,2025-11-22 06:46:46.692903,,,,,,,,,
8.102944411803037e-05,0.0019288831390440464,2025-11-22 06:46:46.961089,,,,,,,,,
8.113389048958197e-05,0.0016859035240486264,2025-11-22 06:46:47.207756,,,,,,,,,
7.905123493401334e-05,0.0017904754495248199,2025-11-22 06:46:47.454037,,,,,,,,,
7.929276762297377e-05,0.0021403913851827383,2025-11-22 06:46:47.688416,,,,,,,,,
7.990409358171746e-05,0.0017820482607930899,2025-11-22 06:46:47.934854,,,,,,,,,
8.131775393849239e-05,0.002430134220048785,2025-11-22 06:46:48.181345,,,,,,,,,
8.309571421705186e-05,0.002127621788531542,2025-11-22 06:46:48.432225,,,,,,,,,
8.382230589631945e-05,0.002228191588073969,2025-11-22 06:46:48.683187,,,,,,,,,
8.39637650642544e-05,0.001970522338524461,2025-11-22 06:46:48.929335,,,,,,,,,
8.209055522456765e-05,0.002265263581648469,2025-11-22 06:46:49.174068,,,,,,,,,
8.316778257722035e-05,0.0020120672415941954,2025-11-22 06:46:49.426940,,,,,,,,,
8.292221900774166e-05,0.0021160347387194633,2025-11-22 06:46:49.675177,,,,,,,,,
8.032872574403882e-05,0.002516442211344838,2025-11-22 06:46:49.917872,,,,,,,,,
7.915173046058044e-05,0.0017653820104897022,2025-11-22 06:46:50.169581,,,,,,,,,
7.864839426474646e-05,0.0022036186419427395,2025-11-22 06:46:50.412072,,,,,,,,,
7.774966798024252e-05,0.002549324184656143,2025-11-22 06:46:50.656630,,,,,,,,,
7.619778625667095e-05,0.0014902481343597174,2025-11-22 06:46:50.906810,,,,,,,,,
7.33987326384522e-05,0.002134605310857296,2025-11-22 06:46:51.150580,,,,,,,,,
7.442948844982311e-05,0.0016209098976105452,2025-11-22 06:46:51.403422,,,,,,,,,
7.582308899145573e-05,0.002226009499281645,2025-11-22 06:46:51.647225,,,,,,,,,
7.787808863213286e-05,0.0017101134872063994,2025-11-22 06:46:51.896398,,,,,,,,,
7.738104613963515e-05,0.002366253873333335,2025-11-22 06:46:52.141746,,,,,,,,,
8.069860632531345e-05,0.0016965129179880023,2025-11-22 06:46:52.392355,,,,,,,,,
8.69775321916677e-05,0.002213014056906104,2025-11-22 06:46:52.639792,,,,,,,,,
8.981401333585382e-05,0.0022630903404206038,2025-11-22 06:46:52.886936,,,,,,,,,
8.754765440244228e-05,0.0021338274236768484,2025-11-22 06:46:53.138420,,,,,,,,,
8.342246292158961e-05,0.0021352528128772974,2025-11-22 06:46:53.383180,,,,,,,,,
8.13743463368155e-05,0.001873948029242456,2025-11-22 06:46:53.653583,,,,,,,,,
7.824835483916104e-05,0.002135806018486619,2025-11-22 06:46:53.881808,,,,,,,,,
7.655558147234842e-05,0.002240571193397045,2025-11-22 06:46:54.124339,,,,,,,,,
7.44463104638271e-05,0.0019693560898303986,2025-11-22 06:46:54.370120,,,,,,,,,
7.32821281417273e-05,0.001974128419533372,2025-11-22 06:46:54.616155,,,,,,,,,
7.436922169290483e-05,0.00200065434910357,2025-11-22 06:46:54.864196,,,,,,,,,
7.602904224768281e-05,0.00182064576074481,2025-11-22 06:46:55.116556,,,,,,,,,
7.729123899480328e-05,0.0019650189206004143,2025-11-22 06:46:55.361686,,,,,,,,,
7.75360967963934e-05,0.0021193325519561768,2025-11-22 06:46:55.608337,,,,,,,,,
7.919650670373812e-05,0.002541090128943324,2025-11-22 06:46:55.854005,,,,,,,,,
8.164038445102051e-05,0.0018207691609859467,2025-11-22 06:46:56.096358,,,,,,,,,
8.321014320245013e-05,0.002189847407862544,2025-11-22 06:46:56.344623,,,,,,,,,
8.327580144396052e-05,0.001874997979030013,2025-11-22 06:46:56.599627,,,,,,,,,
8.551465725759044e-05,0.002174634952098131,2025-11-22 06:46:56.843025,,,,,,,,,
8.614508988102898e-05,0.001969526521861553,2025-11-22 06:46:57.093417,,,,,,,,,
8.296154555864632e-05,0.0015876108082011342,2025-11-22 06:46:57.333445,,,,,,,,,
7.942655793158337e-05,0.0018624254735186696,2025-11-22 06:46:57.579947,,,,,,,,,
7.858026947360486e-05,0.0020839464850723743,2025-11-22 06:46:57.828169,,,,,,,,,
8.025998977245763e-05,0.0019360955338925123,2025-11-22 06:46:58.085495,,,,,,,,,
,,2025-11-22 06:46:58.171613,7.977299376054564e-05,0.0020366126951153595,0.000375,,,,,,
,,2025-11-22 06:47:06.394019,,,,27.100374221801758,9.510565757751465,,,,
,,2025-11-22 06:47:06.395412,,,,,,7.861847552703694e-05,0.002008846410227796,27.100374221801758,9.510565757751465
7.861847552703694e-05,0.0017720411997288465,2025-11-22 06:47:10.913097,,,,,,,,,
7.441195339197293e-05,0.0020352143328636885,2025-11-22 06:47:11.157881,,,,,,,,,
7.437026943080127e-05,0.0020505485590547323,2025-11-22 06:47:11.401484,,,,,,,,,
7.692037615925074e-05,0.0023692920804023743,2025-11-22 06:47:11.645920,,,,,,,,,
7.997827196959406e-05,0.0023181047290563583,2025-11-22 06:47:11.891521,,,,,,,,,
8.042482659220695e-05,0.002380595775321126,2025-11-22 06:47:12.137786,,,,,,,,,
7.948251732159406e-05,0.0020840615034103394,2025-11-22 06:47:12.407821,,,,,,,,,
7.946372352307662e-05,0.002203060081228614,2025-11-22 06:47:12.667783,,,,,,,,,
8.468417217954993e-05,0.0020075454376637936,2025-11-22 06:47:12.908572,,,,,,,,,
8.705453365109861e-05,0.002142532030120492,2025-11-22 06:47:13.159331,,,,,,,,,
8.788562990957871e-05,0.0018960190936923027,2025-11-22 06:47:13.395810,,,,,,,,,
8.782028453424573e-05,0.002097899094223976,2025-11-22 06:47:13.642073,,,,,,,,,
8.720753248780966e-05,0.00189964659512043,2025-11-22 06:47:13.898300,,,,,,,,,
8.247773803304881e-05,0.0023023036774247885,2025-11-22 06:47:14.137510,,,,,,,,,
8.153924136422575e-05,0.0020061167888343334,2025-11-22 06:47:14.384302,,,,,,,,,
7.910698332125321e-05,0.0020479923114180565,2025-11-22 06:47:14.627785,,,,,,,,,
7.72233834140934e-05,0.0022517594043165445,2025-11-22 06:47:14.885238,,,,,,,,,
7.710331556154415e-05,0.0019300357671454549,2025-11-22 06:47:15.120809,,,,,,,,,
7.566303247585893e-05,0.0019446158548817039,2025-11-22 06:47:15.368398,,,,,,,,,
7.57193483877927e-05,0.001710443408228457,2025-11-22 06:47:15.622458,,,,,,,,,
7.723010639892891e-05,0.001899610972031951,2025-11-22 06:47:15.861376,,,,,,,,,
8.013348269741982e-05,0.001518477569334209,2025-11-22 06:47:16.110398,,,,,,,,,
8.122867438942194e-05,0.002139786724001169,2025-11-22 06:47:16.365827,,,,,,,,,
8.096211968222633e-05,0.0017991940258070827,2025-11-22 06:47:16.601402,,,,,,,,,
7.86543678259477e-05,0.0021005161106586456,2025-11-22 06:47:16.851011,,,,,,,,,
7.819213351467624e-05,0.0020896720234304667,2025-11-22 06:47:17.101331,,,,,,,,,
7.835382712073624e-05,0.0019335377728566527,2025-11-22 06:47:17.342678,,,,,,,,,
7.626707520103082e-05,0.0023387435358017683,2025-11-22 06:47:17.587311,,,,,,,,,
8.015481580514461e-05,0.0017991700442507863,2025-11-22 06:47:17.840235,,,,,,,,,
8.100243576336652e-05,0.0023059258237481117,2025-11-22 06:47:18.084429,,,,,,,,,
8.145556785166264e-05,0.0014186193002387881,2025-11-22 06:47:18.325498,,,,,,,,,
7.941213698359206e-05,0.0019545643590390682,2025-11-22 06:47:18.570854,,,,,,,,,
7.958275091368705e-05,0.0022024884819984436,2025-11-22 06:47:18.817970,,,,,,,,,
8.328100375365466e-05,0.0019270601915195584,2025-11-22 06:47:19.063957,,,,,,,,,
8.34797028801404e-05,0.0019143631216138601,2025-11-22 06:47:19.309750,,,,,,,,,
7.942233060020953e-05,0.0021710956934839487,2025-11-22 06:47:19.568195,,,,,,,,,
7.657235983060673e-05,0.002059770980849862,2025-11-22 06:47:19.807986,,,,,,,,,
7.770699448883533e-05,0.0018653717124834657,2025-11-22 06:47:20.055883,,,,,,,,,
7.81513808760792e-05,0.0019555522594600916,2025-11-22 06:47:20.298459,,,,,,,,,
7.71679769968614e-05,0.0026884232647717,2025-11-22 06:47:20.542423,,,,,,,,,
8.071398042375222e-05,0.0020466770511120558,2025-11-22 06:47:20.793990,,,,,,,,,
8.108020847430453e-05,0.0015681454678997397,2025-11-22 06:47:21.037615,,,,,,,,,
8.021417306736112e-05,0.0021171639673411846,2025-11-22 06:47:21.283369,,,,,,,,,
8.168443309841678e-05,0.002003669971600175,2025-11-22 06:47:21.535547,,,,,,,,,
8.265375072369352e-05,0.0021382002159953117,2025-11-22 06:47:21.779242,,,,,,,,,
8.171815716195852e-05,0.002278137719258666,2025-11-22 06:47:22.037618,,,,,,,,,
7.702806033194065e-05,0.0018991251708939672,2025-11-22 06:47:22.271828,,,,,,,,,
7.351610838668421e-05,0.0020361263304948807,2025-11-22 06:47:22.517159,,,,,,,,,
7.183381239883602e-05,0.0024277593474835157,2025-11-22 06:47:22.764623,,,,,,,,,
7.53945714677684e-05,0.002167600207030773,2025-11-22 06:47:23.010277,,,,,,,,,
7.901605567894876e-05,0.0021784217096865177,2025-11-22 06:47:23.258325,,,,,,,,,
8.051496843108907e-05,0.0020082357805222273,2025-11-22 06:47:23.504290,,,,,,,,,
8.11484205769375e-05,0.00206838664598763,2025-11-22 06:47:23.751459,,,,,,,,,
8.349400741280988e-05,0.0019307145848870277,2025-11-22 06:47:23.998113,,,,,,,,,
8.592752419644967e-05,0.0021542932372540236,2025-11-22 06:47:24.246085,,,,,,,,,
8.719613106222823e-05,0.002246530493721366,2025-11-22 06:47:24.495783,,,,,,,,,
8.63221357576549e-05,0.0020428199786692858,2025-11-22 06:47:24.747768,,,,,,,,,
8.425505802733824e-05,0.0019337217090651393,2025-11-22 06:47:24.990564,,,,,,,,,
8.047027222346514e-05,0.0020502391271293163,2025-11-22 06:47:25.234578,,,,,,,,,
7.746193296043202e-05,0.002161346608772874,2025-11-22 06:47:25.480398,,,,,,,,,
7.817293226253241e-05,0.0018810718320310116,2025-11-22 06:47:25.732673,,,,,,,,,
7.852065755287185e-05,0.002150121843442321,2025-11-22 06:47:25.972942,,,,,,,,,
7.68759855418466e-05,0.002048073336482048,2025-11-22 06:47:26.224747,,,,,,,,,
7.471007120329887e-05,0.002097918651998043,2025-11-22 06:47:26.466867,,,,,,,,,
7.651875057490543e-05,0.0024112022947520018,2025-11-22 06:47:26.712509,,,,,,,,,
8.120512211462483e-05,0.0019362628227099776,2025-11-22 06:47:26.967193,,,,,,,,,
8.321388304466382e-05,0.0022646046709269285,2025-11-22 06:47:27.206547,,,,,,,,,
8.299262844957411e-05,0.0016743919113650918,2025-11-22 06:47:27.450832,,,,,,,,,
8.07085307314992e-05,0.0020824025850743055,2025-11-22 06:47:27.705271,,,,,,,,,
8.112403156701475e-05,0.002259594388306141,2025-11-22 06:47:27.948006,,,,,,,,,
8.116046956274658e-05,0.0019895127043128014,2025-11-22 06:47:28.206935,,,,,,,,,
7.896358147263527e-05,0.0018621762283146381,2025-11-22 06:47:28.446944,,,,,,,,,
7.69719626987353e-05,0.002161095617339015,2025-11-22 06:47:28.698478,,,,,,,,,
7.568799628643319e-05,0.0019859839230775833,2025-11-22 06:47:28.937283,,,,,,,,,
7.631597691215575e-05,0.0018786181462928653,2025-11-22 06:47:29.188322,,,,,,,,,
7.577837095595896e-05,0.0019087949767708778,2025-11-22 06:47:29.435895,,,,,,,,,
7.629548053955659e-05,0.002391287824138999,2025-11-22 06:47:29.692258,,,,,,,,,
7.754308899166062e-05,0.0019360797014087439,2025-11-22 06:47:29.931609,,,,,,,,,
7.775618723826483e-05,0.001762764877639711,2025-11-22 06:47:30.176388,,,,,,,,,
7.751706289127469e-05,0.001831158297136426,2025-11-22 06:47:30.421940,,,,,,,,,
7.746806659270078e-05,0.001845314633101225,2025-11-22 06:47:30.673387,,,,,,,,,
7.805065251886845e-05,0.0019738194532692432,2025-11-22 06:47:30.915046,,,,,,,,,
7.717306289123371e-05,0.0021396989468485117,2025-11-22 06:47:31.171809,,,,,,,,,
7.605183782288805e-05,0.0016804017359390855,2025-11-22 06:47:31.414325,,,,,,,,,
7.580872625112534e-05,0.001736328937113285,2025-11-22 06:47:31.656596,,,,,,,,,
7.667382305953652e-05,0.001999744912609458,2025-11-22 06:47:31.898503,,,,,,,,,
7.809886301402003e-05,0.0020965272560715675,2025-11-22 06:47:32.148192,,,,,,,,,
7.860852201702073e-05,0.0024151760153472424,2025-11-22 06:47:32.395201,,,,,,,,,
8.114214870147407e-05,0.002278747269883752,2025-11-22 06:47:32.640886,,,,,,,,,
8.265998621936888e-05,0.0018534052651375532,2025-11-22 06:47:32.887982,,,,,,,,,
8.31319484859705e-05,0.0019281420391052961,2025-11-22 06:47:33.134481,,,,,,,,,
8.296519808936864e-05,0.0019341947045177221,2025-11-22 06:47:33.376850,,,,,,,,,
8.429681474808604e-05,0.00188646896276623,2025-11-22 06:47:33.626330,,,,,,,,,
8.227456419263035e-05,0.002622161293402314,2025-11-22 06:47:33.872217,,,,,,,,,
8.550455095246434e-05,0.001865405822172761,2025-11-22 06:47:34.132906,,,,,,,,,
8.536374662071466e-05,0.0022134752944111824,2025-11-22 06:47:34.376218,,,,,,,,,
8.264710049843416e-05,0.0021437308751046658,2025-11-22 06:47:34.623946,,,,,,,,,
8.221231837524101e-05,0.0017811766592785716,2025-11-22 06:47:34.870724,,,,,,,,,
8.258695743279532e-05,0.0022308859042823315,2025-11-22 06:47:35.121135,,,,,,,,,
8.198691648431122e-05,0.0020573388319462538,2025-11-22 06:47:35.375598,,,,,,,,,
7.737760461168364e-05,0.002245647134259343,2025-11-22 06:47:35.614779,,,,,,,,,
7.60820257710293e-05,0.0020449734292924404,2025-11-22 06:47:35.858073,,,,,,,,,
7.490885764127597e-05,0.001886297482997179,2025-11-22 06:47:36.107076,,,,,,,,,
7.63424759497866e-05,0.0021123874466866255,2025-11-22 06:47:36.351651,,,,,,,,,
7.952176383696496e-05,0.0024276203475892544,2025-11-22 06:47:36.609553,,,,,,,,,
8.115547097986564e-05,0.001539893331937492,2025-11-22 06:47:36.849520,,,,,,,,,
7.794568227836862e-05,0.0020077507942914963,2025-11-22 06:47:37.093526,,,,,,,,,
7.711051875958219e-05,0.0014807693660259247,2025-11-22 06:47:37.340109,,,,,,,,,
7.753487443551421e-05,0.002312787575647235,2025-11-22 06:47:37.588347,,,,,,,,,
8.174838876584545e-05,0.001706979121081531,2025-11-22 06:47:37.860357,,,,,,,,,
8.169947977876291e-05,0.0019839066080749035,2025-11-22 06:47:38.103687,,,,,,,,,
8.033916674321517e-05,0.0020268179941922426,2025-11-22 06:47:38.353418,,,,,,,,,
8.068438910413533e-05,0.001962004229426384,2025-11-22 06:47:38.593087,,,,,,,,,
8.017455547815189e-05,0.0018754471093416214,2025-11-22 06:47:38.841494,,,,,,,,,
8.021532266866416e-05,0.002114345086738467,2025-11-22 06:47:39.088540,,,,,,,,,
8.153298404067755e-05,0.0020384779199957848,2025-11-22 06:47:39.350649,,,,,,,,,
8.288726530736312e-05,0.0017060879617929459,2025-11-22 06:47:39.610566,,,,,,,,,
8.2152706454508e-05,0.002312036929652095,2025-11-22 06:47:39.836143,,,,,,,,,
8.457588410237804e-05,0.0018936286214739084,2025-11-22 06:47:40.082505,,,,,,,,,
8.505696314387023e-05,0.0016587597783654928,2025-11-22 06:47:40.329025,,,,,,,,,
8.494858775520697e-05,0.001825698302127421,2025-11-22 06:47:40.579412,,,,,,,,,
8.173602691385895e-05,0.0017186487093567848,2025-11-22 06:47:40.837251,,,,,,,,,
7.770123920636252e-05,0.002091597532853484,2025-11-22 06:47:41.076150,,,,,,,,,
7.480139174731448e-05,0.0018510479712858796,2025-11-22 06:47:41.325971,,,,,,,,,
7.212652417365462e-05,0.002061061793938279,2025-11-22 06:47:41.572519,,,,,,,,,
7.18926457921043e-05,0.0024043619632720947,2025-11-22 06:47:41.823298,,,,,,,,,
7.349711086135358e-05,0.002125021768733859,2025-11-22 06:47:42.063336,,,,,,,,,
7.353391265496612e-05,0.0024318292271345854,2025-11-22 06:47:42.311862,,,,,,,,,
7.646073936484754e-05,0.0019799466244876385,2025-11-22 06:47:42.561567,,,,,,,,,
8.18077169242315e-05,0.0019885075744241476,2025-11-22 06:47:42.810231,,,,,,,,,
8.805131074041128e-05,0.0016901466296985745,2025-11-22 06:47:43.053329,,,,,,,,,
8.529613842256367e-05,0.0018722924869507551,2025-11-22 06:47:43.299243,,,,,,,,,
8.058345702011138e-05,0.0018892728257924318,2025-11-22 06:47:43.545574,,,,,,,,,
7.758726133033633e-05,0.001852769055403769,2025-11-22 06:47:43.795205,,,,,,,,,
7.612097397213802e-05,0.002111929003149271,2025-11-22 06:47:44.039788,,,,,,,,,
7.340693264268339e-05,0.002221974777057767,2025-11-22 06:47:44.290897,,,,,,,,,
7.186457514762878e-05,0.002172075444832444,2025-11-22 06:47:44.533844,,,,,,,,,
7.139035005820915e-05,0.0021600541658699512,2025-11-22 06:47:44.782796,,,,,,,,,
7.480102794943377e-05,0.001605336437933147,2025-11-22 06:47:45.029637,,,,,,,,,
7.587255095131695e-05,0.001960777211934328,2025-11-22 06:47:45.284500,,,,,,,,,
7.522203668486327e-05,0.002288606483489275,2025-11-22 06:47:45.528560,,,,,,,,,
7.886620733188465e-05,0.0017499551177024841,2025-11-22 06:47:45.774708,,,,,,,,,
7.982030365383253e-05,0.002140941098332405,2025-11-22 06:47:46.021976,,,,,,,,,
7.951209408929572e-05,0.001866495586000383,2025-11-22 06:47:46.270947,,,,,,,,,
,,2025-11-22 06:47:46.327374,7.94853936491159e-05,0.0020248702397414795,0.000375,,,,,,
,,2025-11-22 06:47:54.152463,,,,27.063987731933594,9.573156356811523,,,,
,,2025-11-22 06:47:54.153828,,,,,,7.927993563218758e-05,0.001979785734035361,27.063987731933594,9.573156356811523
7.927993283374235e-05,0.00215032696723938,2025-11-22 06:47:58.403369,,,,,,,,,
7.945176912471652e-05,0.0019397243158891797,2025-11-22 06:47:58.644156,,,,,,,,,
7.896653551142663e-05,0.0018114513950422406,2025-11-22 06:47:58.895729,,,,,,,,,
7.874766743043438e-05,0.0019382542232051492,2025-11-22 06:47:59.138413,,,,,,,,,
7.738873682683334e-05,0.0015984472120180726,2025-11-22 06:47:59.396151,,,,,,,,,
7.607591396663338e-05,0.0020418576896190643,2025-11-22 06:47:59.644593,,,,,,,,,
7.541242666775361e-05,0.0016917125321924686,2025-11-22 06:47:59.883973,,,,,,,,,
7.508559065172449e-05,0.002213450614362955,2025-11-22 06:48:00.130474,,,,,,,,,
7.571309106424451e-05,0.002087361877784133,2025-11-22 06:48:00.380196,,,,,,,,,
7.748109055683017e-05,0.002184354467317462,2025-11-22 06:48:00.623009,,,,,,,,,
7.844118226785213e-05,0.002050749957561493,2025-11-22 06:48:00.869025,,,,,,,,,
8.068568422459066e-05,0.001968447584658861,2025-11-22 06:48:01.114153,,,,,,,,,
8.107732719508931e-05,0.0016387098003178835,2025-11-22 06:48:01.368253,,,,,,,,,
8.060874097282067e-05,0.002148446161299944,2025-11-22 06:48:01.610177,,,,,,,,,
8.014590275706723e-05,0.0021722109522670507,2025-11-22 06:48:01.850285,,,,,,,,,
8.023951522773132e-05,0.001894783810712397,2025-11-22 06:48:02.099184,,,,,,,,,
7.768964132992551e-05,0.0018308005528524518,2025-11-22 06:48:02.356569,,,,,,,,,
7.428985554724932e-05,0.002024599350988865,2025-11-22 06:48:02.614624,,,,,,,,,
7.69491380196996e-05,0.0019559767097234726,2025-11-22 06:48:02.848185,,,,,,,,,
7.819317397661507e-05,0.0017258002189919353,2025-11-22 06:48:03.103275,,,,,,,,,
7.561363599961624e-05,0.0023109251633286476,2025-11-22 06:48:03.338670,,,,,,,,,
7.419346366077662e-05,0.0018892859807237983,2025-11-22 06:48:03.589251,,,,,,,,,
7.397854642476887e-05,0.001915263244882226,2025-11-22 06:48:03.834230,,,,,,,,,
7.439472392434254e-05,0.0018972583347931504,2025-11-22 06:48:04.084810,,,,,,,,,
7.47434314689599e-05,0.0017996939131990075,2025-11-22 06:48:04.325493,,,,,,,,,
7.536383054684848e-05,0.002340053441002965,2025-11-22 06:48:04.570746,,,,,,,,,
7.675176311749965e-05,0.0022103183437138796,2025-11-22 06:48:04.832910,,,,,,,,,
7.810307579347864e-05,0.0015054941177368164,2025-11-22 06:48:05.070864,,,,,,,,,
7.641533738933504e-05,0.001854870468378067,2025-11-22 06:48:05.311954,,,,,,,,,
7.66738667152822e-05,0.002039611805230379,2025-11-22 06:48:05.557332,,,,,,,,,
7.617778464918956e-05,0.0019433657871559262,2025-11-22 06:48:05.803395,,,,,,,,,
7.659322000108659e-05,0.0020061293616890907,2025-11-22 06:48:06.058003,,,,,,,,,
7.788478251313791e-05,0.002046300796791911,2025-11-22 06:48:06.294256,,,,,,,,,
7.800250023137778e-05,0.001954339211806655,2025-11-22 06:48:06.542042,,,,,,,,,
7.751319208182395e-05,0.0024254366289824247,2025-11-22 06:48:06.794414,,,,,,,,,
7.870872650528327e-05,0.0019534449093043804,2025-11-22 06:48:07.032753,,,,,,,,,
7.901567005319521e-05,0.001986392308026552,2025-11-22 06:48:07.278213,,,,,,,,,
7.721734436927363e-05,0.0021906925830990076,2025-11-22 06:48:07.526227,,,,,,,,,
7.493248995160684e-05,0.002107663545757532,2025-11-22 06:48:07.786025,,,,,,,,,
7.591840403620154e-05,0.002192836254835129,2025-11-22 06:48:08.022005,,,,,,,,,
7.700762216700241e-05,0.0024708120618015528,2025-11-22 06:48:08.272322,,,,,,,,,
7.823428313713521e-05,0.002140257740393281,2025-11-22 06:48:08.512972,,,,,,,,,
8.078505197772756e-05,0.0021671047434210777,2025-11-22 06:48:08.759614,,,,,,,,,
8.585138130001724e-05,0.0019364486215636134,2025-11-22 06:48:09.005846,,,,,,,,,
8.804423123365268e-05,0.0019444999052211642,2025-11-22 06:48:09.252072,,,,,,,,,
8.869833254721016e-05,0.0019545715767890215,2025-11-22 06:48:09.499583,,,,,,,,,
8.682191401021555e-05,0.00195741793140769,2025-11-22 06:48:09.752481,,,,,,,,,
8.455533679807559e-05,0.0020076967775821686,2025-11-22 06:48:09.995626,,,,,,,,,
7.936683687148616e-05,0.001985841430723667,2025-11-22 06:48:10.242482,,,,,,,,,
7.552039460279047e-05,0.002141884993761778,2025-11-22 06:48:10.483328,,,,,,,,,
7.427371019730344e-05,0.0017690835520625114,2025-11-22 06:48:10.733055,,,,,,,,,
7.418468885589391e-05,0.002071419497951865,2025-11-22 06:48:10.979238,,,,,,,,,
7.372634718194604e-05,0.0023756197188049555,2025-11-22 06:48:11.228792,,,,,,,,,
7.579066732432693e-05,0.0020056741777807474,2025-11-22 06:48:11.469511,,,,,,,,,
7.722742157056928e-05,0.002081260085105896,2025-11-22 06:48:11.719123,,,,,,,,,
7.760626613162458e-05,0.0018504413310438395,2025-11-22 06:48:11.963109,,,,,,,,,
8.091653580777347e-05,0.0018687276169657707,2025-11-22 06:48:12.224939,,,,,,,,,
8.33566373330541e-05,0.002404277678579092,2025-11-22 06:48:12.475719,,,,,,,,,
8.190717198885977e-05,0.0019029600080102682,2025-11-22 06:48:12.700916,,,,,,,,,
8.351555879926309e-05,0.0017508500022813678,2025-11-22 06:48:12.949914,,,,,,,,,
8.37649786262773e-05,0.0019060118356719613,2025-11-22 06:48:13.193942,,,,,,,,,
8.289251854876056e-05,0.0018588005332276225,2025-11-22 06:48:13.451673,,,,,,,,,
8.049762254813686e-05,0.002054169774055481,2025-11-22 06:48:13.694620,,,,,,,,,
7.890488632256165e-05,0.0022060491610318422,2025-11-22 06:48:13.942678,,,,,,,,,
7.929467392386869e-05,0.001873075612820685,2025-11-22 06:48:14.198999,,,,,,,,,
7.793815166223794e-05,0.001840323442593217,2025-11-22 06:48:14.451008,,,,,,,,,
7.512397860409692e-05,0.002031005220487714,2025-11-22 06:48:14.684102,,,,,,,,,
7.551978342235088e-05,0.0021172191482037306,2025-11-22 06:48:14.931704,,,,,,,,,
7.891781569924206e-05,0.0020053538028150797,2025-11-22 06:48:15.175821,,,,,,,,,
8.186570630641654e-05,0.0021817712113261223,2025-11-22 06:48:15.425503,,,,,,,,,
8.210915984818712e-05,0.0021313056349754333,2025-11-22 06:48:15.671365,,,,,,,,,
8.555062231607735e-05,0.002193126827478409,2025-11-22 06:48:15.920421,,,,,,,,,
8.756292663747445e-05,0.001820053206756711,2025-11-22 06:48:16.163641,,,,,,,,,
8.694339339854196e-05,0.0021109427325427532,2025-11-22 06:48:16.423215,,,,,,,,,
8.606397022958845e-05,0.0018787081353366375,2025-11-22 06:48:16.660871,,,,,,,,,
8.495408110320568e-05,0.002030619652941823,2025-11-22 06:48:16.906572,,,,,,,,,
8.45986942294985e-05,0.001768432673998177,2025-11-22 06:48:17.150982,,,,,,,,,
7.959005597513169e-05,0.0021025233436375856,2025-11-22 06:48:17.399514,,,,,,,,,
7.545593689428642e-05,0.0023002487141638994,2025-11-22 06:48:17.652673,,,,,,,,,
7.58872483856976e-05,0.0020229921210557222,2025-11-22 06:48:17.887768,,,,,,,,,
8.06977623142302e-05,0.0018218799959868193,2025-11-22 06:48:18.137484,,,,,,,,,
7.96181702753529e-05,0.002102157799527049,2025-11-22 06:48:18.385625,,,,,,,,,
7.879085751483217e-05,0.001977544277906418,2025-11-22 06:48:18.626596,,,,,,,,,
8.038344094529748e-05,0.0017489620950073004,2025-11-22 06:48:18.875971,,,,,,,,,
8.478898234898224e-05,0.002136737573891878,2025-11-22 06:48:19.123214,,,,,,,,,
8.687433000886813e-05,0.0017861670348793268,2025-11-22 06:48:19.370884,,,,,,,,,
8.599301509093493e-05,0.0015365026192739606,2025-11-22 06:48:19.617599,,,,,,,,,
8.178695134120062e-05,0.0016746094916015863,2025-11-22 06:48:19.865433,,,,,,,,,
7.906462269602343e-05,0.0023281581234186888,2025-11-22 06:48:20.114072,,,,,,,,,
7.723429735051468e-05,0.0020868994761258364,2025-11-22 06:48:20.417255,,,,,,,,,
7.675249071326107e-05,0.002256593434140086,2025-11-22 06:48:20.675176,,,,,,,,,
7.543732499470934e-05,0.0021846129093319178,2025-11-22 06:48:20.929488,,,,,,,,,
7.54306820454076e-05,0.002039210870862007,2025-11-22 06:48:21.165398,,,,,,,,,
7.61211194912903e-05,0.0020177667029201984,2025-11-22 06:48:21.412324,,,,,,,,,
7.812455442035571e-05,0.0017498828237876296,2025-11-22 06:48:21.667349,,,,,,,,,
7.986669515958056e-05,0.0019725789315998554,2025-11-22 06:48:21.910276,,,,,,,,,
8.166119368979707e-05,0.00232148845680058,2025-11-22 06:48:22.153233,,,,,,,,,
8.120186976157129e-05,0.002107000444084406,2025-11-22 06:48:22.404571,,,,,,,,,
7.868368265917525e-05,0.0023578712716698647,2025-11-22 06:48:22.657564,,,,,,,,,
7.910276326583698e-05,0.0018742772517725825,2025-11-22 06:48:22.897844,,,,,,,,,
8.052942575886846e-05,0.0021825553849339485,2025-11-22 06:48:23.166235,,,,,,,,,
8.222593169193715e-05,0.0017126131569966674,2025-11-22 06:48:23.395521,,,,,,,,,
7.91184211266227e-05,0.0020715773571282625,2025-11-22 06:48:23.644403,,,,,,,,,
7.682733848923817e-05,0.001486198860220611,2025-11-22 06:48:23.892868,,,,,,,,,
7.521307998104021e-05,0.0017593394732102752,2025-11-22 06:48:24.143636,,,,,,,,,
7.733146048849449e-05,0.002116364659741521,2025-11-22 06:48:24.385914,,,,,,,,,
7.9613302659709e-05,0.0021346439607441425,2025-11-22 06:48:24.635233,,,,,,,,,
8.016721403691918e-05,0.0020589050836861134,2025-11-22 06:48:24.878157,,,,,,,,,
8.051089389482513e-05,0.0019899390172213316,2025-11-22 06:48:25.125214,,,,,,,,,
7.898765034042299e-05,0.0018491644877940416,2025-11-22 06:48:25.370793,,,,,,,,,
7.774819096084684e-05,0.001955079846084118,2025-11-22 06:48:25.615528,,,,,,,,,
7.706755422987044e-05,0.0018986845389008522,2025-11-22 06:48:25.860436,,,,,,,,,
7.637620728928596e-05,0.0022570283617824316,2025-11-22 06:48:26.121467,,,,,,,,,
7.744848699076101e-05,0.002298148814588785,2025-11-22 06:48:26.356490,,,,,,,,,
7.794934208504856e-05,0.0018323768163099885,2025-11-22 06:48:26.607471,,,,,,,,,
7.918478513602167e-05,0.0015875654062256217,2025-11-22 06:48:26.858032,,,,,,,,,
8.06615425972268e-05,0.0015332835027948022,2025-11-22 06:48:27.110116,,,,,,,,,
8.073584467638284e-05,0.002070581540465355,2025-11-22 06:48:27.349312,,,,,,,,,
8.067433373071253e-05,0.002495330758392811,2025-11-22 06:48:27.595698,,,,,,,,,
7.90315170888789e-05,0.0017218302236869931,2025-11-22 06:48:27.841315,,,,,,,,,
7.556901982752606e-05,0.0022630312014371157,2025-11-22 06:48:28.100362,,,,,,,,,
7.764516340103e-05,0.001671134028583765,2025-11-22 06:48:28.336176,,,,,,,,,
7.847708184272051e-05,0.002359372563660145,2025-11-22 06:48:28.583595,,,,,,,,,
8.045534195844084e-05,0.0017794123850762844,2025-11-22 06:48:28.830232,,,,,,,,,
7.804579945513979e-05,0.001938269124366343,2025-11-22 06:48:29.076781,,,,,,,,,
7.644754805369303e-05,0.002215457847341895,2025-11-22 06:48:29.322526,,,,,,,,,
7.775433914503083e-05,0.0020036406349390745,2025-11-22 06:48:29.571658,,,,,,,,,
7.89650875958614e-05,0.0021642777137458324,2025-11-22 06:48:29.818283,,,,,,,,,
7.940002251416445e-05,0.0022928169928491116,2025-11-22 06:48:30.068914,,,,,,,,,
7.799611194059253e-05,0.0023593611549586058,2025-11-22 06:48:30.319212,,,,,,,,,
7.833093695808202e-05,0.00204170192591846,2025-11-22 06:48:30.561550,,,,,,,,,
7.914814341347665e-05,0.0018183371284976602,2025-11-22 06:48:30.808648,,,,,,,,,
8.074493962340057e-05,0.0019314239034429193,2025-11-22 06:48:31.060604,,,,,,,,,
8.142639853758737e-05,0.001989307813346386,2025-11-22 06:48:31.305444,,,,,,,,,
8.10208439361304e-05,0.0020164037123322487,2025-11-22 06:48:31.555244,,,,,,,,,
8.303528738906607e-05,0.0021735301706939936,2025-11-22 06:48:31.803399,,,,,,,,,
8.393561438424513e-05,0.0016006692312657833,2025-11-22 06:48:32.050473,,,,,,,,,
8.19010820123367e-05,0.0019578514620661736,2025-11-22 06:48:32.300993,,,,,,,,,
8.14875093055889e-05,0.002112453803420067,2025-11-22 06:48:32.543478,,,,,,,,,
8.163042366504669e-05,0.0024725007824599743,2025-11-22 06:48:32.791027,,,,,,,,,
7.951448060339317e-05,0.0018067661439999938,2025-11-22 06:48:33.042799,,,,,,,,,
7.628084131283686e-05,0.0018718380015343428,2025-11-22 06:48:33.288260,,,,,,,,,
7.651426858501509e-05,0.0022463963832706213,2025-11-22 06:48:33.530781,,,,,,,,,
7.927247497718781e-05,0.0016542423982173204,2025-11-22 06:48:33.776787,,,,,,,,,
,,2025-11-22 06:48:33.833452,7.91733429852886e-05,0.0020047828762067687,0.000375,,,,,,
,,2025-11-22 06:48:41.933175,,,,27.056440353393555,9.63640308380127,,,,
,,2025-11-22 06:48:41.934367,,,,,,7.941782762197993e-05,0.0019518219722578158,27.056440353393555,9.63640308380127
7.941782678244635e-05,0.001816176576539874,2025-11-22 06:48:45.727750,,,,,,,,,
7.857983291614801e-05,0.0018945604097098112,2025-11-22 06:48:45.975465,,,,,,,,,
7.914259913377464e-05,0.002029831288382411,2025-11-22 06:48:46.217212,,,,,,,,,
7.940395880723372e-05,0.0022054638247936964,2025-11-22 06:48:46.461542,,,,,,,,,
7.87597382441163e-05,0.001929040183313191,2025-11-22 06:48:46.706997,,,,,,,,,
7.517135236412287e-05,0.0020330531988292933,2025-11-22 06:48:46.956605,,,,,,,,,
7.375031418632716e-05,0.0021847037132829428,2025-11-22 06:48:47.199952,,,,,,,,,
7.64190626796335e-05,0.0022957392502576113,2025-11-22 06:48:47.447163,,,,,,,,,
7.980410009622574e-05,0.0020051233004778624,2025-11-22 06:48:47.691408,,,,,,,,,
7.991426537046209e-05,0.002376811346039176,2025-11-22 06:48:47.945470,,,,,,,,,
7.99449990154244e-05,0.0017313524149358273,2025-11-22 06:48:48.187199,,,,,,,,,
7.959751383168623e-05,0.002105558989569545,2025-11-22 06:48:48.440158,,,,,,,,,
8.076649100985378e-05,0.0017884690314531326,2025-11-22 06:48:48.675701,,,,,,,,,
7.98738474259153e-05,0.0016471102135255933,2025-11-22 06:48:48.920625,,,,,,,,,
7.707146141910926e-05,0.0021125373896211386,2025-11-22 06:48:49.169492,,,,,,,,,
7.599014497827739e-05,0.00201497133821249,2025-11-22 06:48:49.417280,,,,,,,,,
7.654870569240302e-05,0.0017980762058869004,2025-11-22 06:48:49.673030,,,,,,,,,
7.597592048114166e-05,0.0020755010191351175,2025-11-22 06:48:49.923680,,,,,,,,,
7.803051266819239e-05,0.002163422992452979,2025-11-22 06:48:50.168713,,,,,,,,,
8.021058602025732e-05,0.0018671161960810423,2025-11-22 06:48:50.413916,,,,,,,,,
8.032292680582032e-05,0.0017297471640631557,2025-11-22 06:48:50.661114,,,,,,,,,
7.95994492364116e-05,0.002044250490143895,2025-11-22 06:48:50.905908,,,,,,,,,
7.94008155935444e-05,0.002222286770120263,2025-11-22 06:48:51.147766,,,,,,,,,
8.058655657805502e-05,0.002328021451830864,2025-11-22 06:48:51.393681,,,,,,,,,
8.029654418351129e-05,0.0019292958313599229,2025-11-22 06:48:51.642236,,,,,,,,,
7.816596917109564e-05,0.0018048485508188605,2025-11-22 06:48:51.892931,,,,,,,,,
7.558720244560391e-05,0.001961764879524708,2025-11-22 06:48:52.151234,,,,,,,,,
7.576512871310115e-05,0.001871120766736567,2025-11-22 06:48:52.387038,,,,,,,,,
7.591922621941194e-05,0.00199233484454453,2025-11-22 06:48:52.631959,,,,,,,,,
7.642098353244364e-05,0.0018153202254325151,2025-11-22 06:48:52.880833,,,,,,,,,
7.834041025489569e-05,0.0017529538599774241,2025-11-22 06:48:53.130808,,,,,,,,,
7.75781154516153e-05,0.002037655794993043,2025-11-22 06:48:53.371712,,,,,,,,,
7.804125925758854e-05,0.001802277285605669,2025-11-22 06:48:53.636492,,,,,,,,,
7.864228973630816e-05,0.0022012200206518173,2025-11-22 06:48:53.872906,,,,,,,,,
8.034862548811361e-05,0.001756357611157,2025-11-22 06:48:54.113065,,,,,,,,,
7.864611689001322e-05,0.001917324960231781,2025-11-22 06:48:54.357894,,,,,,,,,
7.706537144258618e-05,0.0019386170897632837,2025-11-22 06:48:54.605172,,,,,,,,,
7.600562094012275e-05,0.0021254338789731264,2025-11-22 06:48:54.849854,,,,,,,,,
7.819270103937015e-05,0.00197150488384068,2025-11-22 06:48:55.100426,,,,,,,,,
8.045290451264009e-05,0.002282771049067378,2025-11-22 06:48:55.343484,,,,,,,,,
8.064814755925909e-05,0.0019193091429769993,2025-11-22 06:48:55.592415,,,,,,,,,
7.870284025557339e-05,0.001789618982002139,2025-11-22 06:48:55.850877,,,,,,,,,
7.698364061070606e-05,0.0022229179739952087,2025-11-22 06:48:56.092014,,,,,,,,,
7.71164704929106e-05,0.0017599330749362707,2025-11-22 06:48:56.338943,,,,,,,,,
7.659589755348861e-05,0.0018738816725090146,2025-11-22 06:48:56.590020,,,,,,,,,
7.47369704185985e-05,0.002228011842817068,2025-11-22 06:48:56.840096,,,,,,,,,
7.465702219633386e-05,0.002194043016061187,2025-11-22 06:48:57.082800,,,,,,,,,
7.615164940943941e-05,0.0022565608378499746,2025-11-22 06:48:57.324677,,,,,,,,,
7.902814832050353e-05,0.0016654519131407142,2025-11-22 06:48:57.570712,,,,,,,,,
7.974917389219627e-05,0.0020913577172905207,2025-11-22 06:48:57.817704,,,,,,,,,
8.154661190928891e-05,0.0020248412620276213,2025-11-22 06:48:58.073289,,,,,,,,,
7.950454892124981e-05,0.0018470920622348785,2025-11-22 06:48:58.313844,,,,,,,,,
7.712145452387631e-05,0.00197180500254035,2025-11-22 06:48:58.558600,,,,,,,,,
7.610770262544975e-05,0.002042934997007251,2025-11-22 06:48:58.801306,,,,,,,,,
7.739144348306581e-05,0.0023882826790213585,2025-11-22 06:48:59.055332,,,,,,,,,
7.76153028709814e-05,0.0019796048291027546,2025-11-22 06:48:59.298013,,,,,,,,,
7.6398799137678e-05,0.00200293050147593,2025-11-22 06:48:59.556015,,,,,,,,,
7.805501809343696e-05,0.0021973326802253723,2025-11-22 06:48:59.793285,,,,,,,,,
8.240225724875927e-05,0.002096518874168396,2025-11-22 06:49:00.035684,,,,,,,,,
8.283916395157576e-05,0.0020640981383621693,2025-11-22 06:49:00.284764,,,,,,,,,
8.305775554617867e-05,0.0022693839855492115,2025-11-22 06:49:00.539948,,,,,,,,,
8.427823195233941e-05,0.0020145869348198175,2025-11-22 06:49:00.795114,,,,,,,,,
8.497977250954136e-05,0.0017268588999286294,2025-11-22 06:49:01.033282,,,,,,,,,
8.204051846405491e-05,0.002357886405661702,2025-11-22 06:49:01.285888,,,,,,,,,
8.008296572370455e-05,0.0019179163500666618,2025-11-22 06:49:01.527690,,,,,,,,,
7.829971582395956e-05,0.001974384766072035,2025-11-22 06:49:01.774821,,,,,,,,,
7.604569691466168e-05,0.0022984861861914396,2025-11-22 06:49:02.020615,,,,,,,,,
7.514444587286562e-05,0.0017238787841051817,2025-11-22 06:49:02.278853,,,,,,,,,
7.557368371635675e-05,0.0017533006612211466,2025-11-22 06:49:02.515854,,,,,,,,,
7.640934200026095e-05,0.0018900773720815778,2025-11-22 06:49:02.766987,,,,,,,,,
7.742507295915857e-05,0.0023865895345807076,2025-11-22 06:49:03.013370,,,,,,,,,
7.944600656628609e-05,0.0018970954697579145,2025-11-22 06:49:03.263427,,,,,,,,,
7.881940837251022e-05,0.0018645832315087318,2025-11-22 06:49:03.513331,,,,,,,,,
7.932664448162541e-05,0.001907286699861288,2025-11-22 06:49:03.754684,,,,,,,,,
8.159225399140269e-05,0.002057982375845313,2025-11-22 06:49:04.005040,,,,,,,,,
8.259607420768589e-05,0.001697992323897779,2025-11-22 06:49:04.259094,,,,,,,,,
8.136175165418535e-05,0.002226056531071663,2025-11-22 06:49:04.496209,,,,,,,,,
8.16425890661776e-05,0.0018647005781531334,2025-11-22 06:49:04.753148,,,,,,,,,
8.075385994743556e-05,0.0017790022538974881,2025-11-22 06:49:04.993132,,,,,,,,,
7.865943916840479e-05,0.002199305919930339,2025-11-22 06:49:05.242677,,,,,,,,,
7.594156340928748e-05,0.002042717533186078,2025-11-22 06:49:05.491238,,,,,,,,,
7.572640606667846e-05,0.0025016593281179667,2025-11-22 06:49:05.736254,,,,,,,,,
7.99130939412862e-05,0.0020055468194186687,2025-11-22 06:49:05.982406,,,,,,,,,
7.874332368373871e-05,0.0018394592916592956,2025-11-22 06:49:06.227891,,,,,,,,,
7.813098636688665e-05,0.0020709519740194082,2025-11-22 06:49:06.477579,,,,,,,,,
7.956675835885108e-05,0.0019623443949967623,2025-11-22 06:49:06.722299,,,,,,,,,
8.091363997664303e-05,0.0018298599170520902,2025-11-22 06:49:06.967238,,,,,,,,,
8.040544344112277e-05,0.0021309182047843933,2025-11-22 06:49:07.213237,,,,,,,,,
7.949920109240338e-05,0.0018616875167936087,2025-11-22 06:49:07.459402,,,,,,,,,
7.847606320865452e-05,0.0020965011790394783,2025-11-22 06:49:07.718097,,,,,,,,,
8.006177085917443e-05,0.0014841948868706822,2025-11-22 06:49:07.957653,,,,,,,,,
7.737259147688746e-05,0.0018074029358103871,2025-11-22 06:49:08.205129,,,,,,,,,
7.744981849100441e-05,0.0016539194621145725,2025-11-22 06:49:08.466996,,,,,,,,,
7.927415572339669e-05,0.001850020489655435,2025-11-22 06:49:08.715267,,,,,,,,,
7.979365182109177e-05,0.001709792180918157,2025-11-22 06:49:08.951061,,,,,,,,,
7.626082515344024e-05,0.0019526073010638356,2025-11-22 06:49:09.201949,,,,,,,,,
7.365438068518415e-05,0.0017850176664069295,2025-11-22 06:49:09.444316,,,,,,,,,
7.358498987741768e-05,0.002108996734023094,2025-11-22 06:49:09.708885,,,,,,,,,
7.750729855615646e-05,0.0016678429674357176,2025-11-22 06:49:09.946058,,,,,,,,,
7.643597928108647e-05,0.002159806666895747,2025-11-22 06:49:10.188320,,,,,,,,,
7.515145262004808e-05,0.001963735790923238,2025-11-22 06:49:10.435033,,,,,,,,,
7.746408664388582e-05,0.002285248599946499,2025-11-22 06:49:10.691613,,,,,,,,,
7.879786426201463e-05,0.0017177435802295804,2025-11-22 06:49:10.929451,,,,,,,,,
8.027267904253677e-05,0.0018884445307776332,2025-11-22 06:49:11.184312,,,,,,,,,
8.084496948868036e-05,0.001758237718604505,2025-11-22 06:49:11.423325,,,,,,,,,
8.039094973355532e-05,0.0020916673820465803,2025-11-22 06:49:11.669122,,,,,,,,,
8.211806562030688e-05,0.0018506271298974752,2025-11-22 06:49:11.916606,,,,,,,,,
8.083049033302814e-05,0.0017488591838628054,2025-11-22 06:49:12.166273,,,,,,,,,
7.940506475279108e-05,0.0021668528206646442,2025-11-22 06:49:12.414632,,,,,,,,,
8.14151790109463e-05,0.002158859744668007,2025-11-22 06:49:12.659104,,,,,,,,,
8.277904271380976e-05,0.001753155142068863,2025-11-22 06:49:12.903979,,,,,,,,,
8.022732072276995e-05,0.0018085719784721732,2025-11-22 06:49:13.156595,,,,,,,,,
7.891103450674564e-05,0.0018765885615721345,2025-11-22 06:49:13.398302,,,,,,,,,
7.926706894068047e-05,0.0019602871034294367,2025-11-22 06:49:13.644858,,,,,,,,,
8.006762072909623e-05,0.0021707869600504637,2025-11-22 06:49:13.898906,,,,,,,,,
7.807285874150693e-05,0.0023077204823493958,2025-11-22 06:49:14.148936,,,,,,,,,
7.718574488535523e-05,0.0023502276744693518,2025-11-22 06:49:14.400406,,,,,,,,,
7.974633626872674e-05,0.0019886475056409836,2025-11-22 06:49:14.646017,,,,,,,,,
8.122038707369938e-05,0.001531556248664856,2025-11-22 06:49:14.889620,,,,,,,,,
7.958342030178756e-05,0.0019345664186403155,2025-11-22 06:49:15.140027,,,,,,,,,
7.901741628302261e-05,0.0016569640720263124,2025-11-22 06:49:15.397639,,,,,,,,,
7.850825932109728e-05,0.0019630466122180223,2025-11-22 06:49:15.632968,,,,,,,,,
7.830130198271945e-05,0.0023582829162478447,2025-11-22 06:49:15.880318,,,,,,,,,
7.77793102315627e-05,0.001682316418737173,2025-11-22 06:49:16.127492,,,,,,,,,
7.673081563552842e-05,0.0020102604757994413,2025-11-22 06:49:16.375837,,,,,,,,,
7.52599080442451e-05,0.0019003527704626322,2025-11-22 06:49:16.622563,,,,,,,,,
7.564037514384836e-05,0.0017762754578143358,2025-11-22 06:49:16.868927,,,,,,,,,
7.611450564581901e-05,0.0018209506524726748,2025-11-22 06:49:17.117021,,,,,,,,,
7.753186946501955e-05,0.002157744485884905,2025-11-22 06:49:17.362131,,,,,,,,,
7.875979645177722e-05,0.002670964691787958,2025-11-22 06:49:17.613723,,,,,,,,,
8.259724563686177e-05,0.001882038894109428,2025-11-22 06:49:17.861432,,,,,,,,,
8.438065560767427e-05,0.001791726564988494,2025-11-22 06:49:18.101637,,,,,,,,,
8.136347605613992e-05,0.0016481931088492274,2025-11-22 06:49:18.362022,,,,,,,,,
7.876490417402238e-05,0.002127183135598898,2025-11-22 06:49:18.611364,,,,,,,,,
7.720103894826025e-05,0.0018843618454411626,2025-11-22 06:49:18.861178,,,,,,,,,
7.475930760847405e-05,0.00214006332680583,2025-11-22 06:49:19.104269,,,,,,,,,
7.366664794972166e-05,0.0020903421100229025,2025-11-22 06:49:19.352851,,,,,,,,,
7.426769298035651e-05,0.0018838874530047178,2025-11-22 06:49:19.605127,,,,,,,,,
7.359351002378389e-05,0.0019134986214339733,2025-11-22 06:49:19.843941,,,,,,,,,
7.462946086889133e-05,0.0020396115723997355,2025-11-22 06:49:20.096033,,,,,,,,,
7.66416997066699e-05,0.002243389841169119,2025-11-22 06:49:20.362585,,,,,,,,,
8.121370046865195e-05,0.0024730153381824493,2025-11-22 06:49:20.606850,,,,,,,,,
8.317769970744848e-05,0.0021470694337040186,2025-11-22 06:49:20.856530,,,,,,,,,
8.616414561402053e-05,0.002114257775247097,2025-11-22 06:49:21.096445,,,,,,,,,
,,2025-11-22 06:49:21.175807,7.86053282253205e-05,0.001987451655117588,0.000375,,,,,,
,,2025-11-22 06:49:29.698124,,,,26.722110748291016,9.740461349487305,,,,
,,2025-11-22 06:49:29.700409,,,,,,8.577307016821578e-05,0.0019055513951640863,26.722110748291016,9.740461349487305
8.577307016821578e-05,0.0020434667821973562,2025-11-22 06:49:34.093380,,,,,,,,,
8.627509669167921e-05,0.001850714674219489,2025-11-22 06:49:34.331943,,,,,,,,,
8.4195016825106e-05,0.0020878107752650976,2025-11-22 06:49:34.578642,,,,,,,,,
7.990853191586211e-05,0.002237655920907855,2025-11-22 06:49:34.823266,,,,,,,,,
7.733168604318053e-05,0.002068130299448967,2025-11-22 06:49:35.076317,,,,,,,,,
7.66129742260091e-05,0.0017695651622489095,2025-11-22 06:49:35.319434,,,,,,,,,
7.513142918469384e-05,0.002362465253099799,2025-11-22 06:49:35.562943,,,,,,,,,
7.579791417811066e-05,0.0018252218142151833,2025-11-22 06:49:35.804892,,,,,,,,,
7.589358574477956e-05,0.0022716368548572063,2025-11-22 06:49:36.061732,,,,,,,,,
7.511548028560355e-05,0.001809699460864067,2025-11-22 06:49:36.314215,,,,,,,,,
7.680112321395427e-05,0.002344559645280242,2025-11-22 06:49:36.559157,,,,,,,,,
7.989276491571218e-05,0.0021390593610703945,2025-11-22 06:49:36.794494,,,,,,,,,
8.149387576850131e-05,0.001957228407263756,2025-11-22 06:49:37.044135,,,,,,,,,
7.96227905084379e-05,0.0017376916948705912,2025-11-22 06:49:37.289875,,,,,,,,,
7.709311466896906e-05,0.002122149569913745,2025-11-22 06:49:37.531871,,,,,,,,,
8.002688264241442e-05,0.001950570149347186,2025-11-22 06:49:37.786415,,,,,,,,,
8.140914724208415e-05,0.001998292747884989,2025-11-22 06:49:38.025743,,,,,,,,,
7.978631765581667e-05,0.002166212536394596,2025-11-22 06:49:38.278108,,,,,,,,,
7.884152000769973e-05,0.002283618552610278,2025-11-22 06:49:38.518839,,,,,,,,,
7.729046774329618e-05,0.001856073853559792,2025-11-22 06:49:38.780031,,,,,,,,,
7.473721052519977e-05,0.0021720302756875753,2025-11-22 06:49:39.030368,,,,,,,,,
7.651763735339046e-05,0.002199069829657674,2025-11-22 06:49:39.264567,,,,,,,,,
7.858412573114038e-05,0.0019071752903982997,2025-11-22 06:49:39.509319,,,,,,,,,
7.675073720747605e-05,0.0022012637928128242,2025-11-22 06:49:39.760806,,,,,,,,,
7.640755211468786e-05,0.0018258410273119807,2025-11-22 06:49:40.005023,,,,,,,,,
7.733960956102237e-05,0.001895196852274239,2025-11-22 06:49:40.255862,,,,,,,,,
7.882303179940209e-05,0.002329729264602065,2025-11-22 06:49:40.502633,,,,,,,,,
8.128881745506078e-05,0.0015679484931752086,2025-11-22 06:49:40.742418,,,,,,,,,
8.093546784948558e-05,0.001631722436286509,2025-11-22 06:49:41.004162,,,,,,,,,
7.92128048487939e-05,0.002174170222133398,2025-11-22 06:49:41.237905,,,,,,,,,
8.025336137507111e-05,0.0019413671689108014,2025-11-22 06:49:41.486459,,,,,,,,,
8.018649532459676e-05,0.0017567152390256524,2025-11-22 06:49:41.728857,,,,,,,,,
7.723503949819133e-05,0.0020657789427787066,2025-11-22 06:49:41.984522,,,,,,,,,
7.438632019329816e-05,0.0020531548652797937,2025-11-22 06:49:42.221167,,,,,,,,,
7.219872350106016e-05,0.001986301736906171,2025-11-22 06:49:42.469595,,,,,,,,,
7.200005347840488e-05,0.002005774760618806,2025-11-22 06:49:42.710111,,,,,,,,,
7.300869765458629e-05,0.0019997525960206985,2025-11-22 06:49:42.961390,,,,,,,,,
7.447795360349119e-05,0.002083398634567857,2025-11-22 06:49:43.205399,,,,,,,,,
7.621659460710362e-05,0.001938780420459807,2025-11-22 06:49:43.449023,,,,,,,,,
7.697594992350787e-05,0.00226199789904058,2025-11-22 06:49:43.706812,,,,,,,,,
7.77853638282977e-05,0.0016725941095501184,2025-11-22 06:49:43.945872,,,,,,,,,
7.71398626966402e-05,0.0021874941885471344,2025-11-22 06:49:44.192030,,,,,,,,,
7.841122715035453e-05,0.002126355655491352,2025-11-22 06:49:44.436432,,,,,,,,,
7.910832937341183e-05,0.001907562487758696,2025-11-22 06:49:44.684077,,,,,,,,,
7.611998444190249e-05,0.002118708798661828,2025-11-22 06:49:44.931196,,,,,,,,,
7.370852108579129e-05,0.0021049880888313055,2025-11-22 06:49:45.186165,,,,,,,,,
7.391066174022853e-05,0.002163830678910017,2025-11-22 06:49:45.425646,,,,,,,,,
7.421552436426282e-05,0.0021577749866992235,2025-11-22 06:49:45.681985,,,,,,,,,
7.75233274907805e-05,0.0018478777492418885,2025-11-22 06:49:45.925317,,,,,,,,,
7.925001409603283e-05,0.0015641379868611693,2025-11-22 06:49:46.169283,,,,,,,,,
7.808284863131121e-05,0.002042454434558749,2025-11-22 06:49:46.413315,,,,,,,,,
7.837338489480317e-05,0.0021033796947449446,2025-11-22 06:49:46.662366,,,,,,,,,
8.110706403385848e-05,0.001955268671736121,2025-11-22 06:49:46.913206,,,,,,,,,
8.258101297542453e-05,0.002015692414715886,2025-11-22 06:49:47.151919,,,,,,,,,
8.225373312598094e-05,0.0018074216786772013,2025-11-22 06:49:47.396849,,,,,,,,,
7.774260302539915e-05,0.001581879099830985,2025-11-22 06:49:47.646104,,,,,,,,,
7.357554568443447e-05,0.0015915320254862309,2025-11-22 06:49:47.887224,,,,,,,,,
7.331602682825178e-05,0.0018880441784858704,2025-11-22 06:49:48.150062,,,,,,,,,
7.279326382558793e-05,0.0024013309739530087,2025-11-22 06:49:48.383876,,,,,,,,,
7.452490535797551e-05,0.0022830802481621504,2025-11-22 06:49:48.627543,,,,,,,,,
7.636530790477991e-05,0.0021087811328470707,2025-11-22 06:49:48.875011,,,,,,,,,
7.989245204953477e-05,0.0021756794303655624,2025-11-22 06:49:49.132577,,,,,,,,,
8.214535773731768e-05,0.0019985365215688944,2025-11-22 06:49:49.376974,,,,,,,,,
8.430887828581035e-05,0.0020526417065411806,2025-11-22 06:49:49.620098,,,,,,,,,
8.488667663186789e-05,0.001851791050285101,2025-11-22 06:49:49.870897,,,,,,,,,
8.389863069169223e-05,0.001701540662907064,2025-11-22 06:49:50.126074,,,,,,,,,
8.024320413824171e-05,0.001983701018616557,2025-11-22 06:49:50.370854,,,,,,,,,
7.90373669588007e-05,0.0020123959984630346,2025-11-22 06:49:50.611074,,,,,,,,,
7.798313890816644e-05,0.0016360071022063494,2025-11-22 06:49:50.857871,,,,,,,,,
7.667197496630251e-05,0.0020978308748453856,2025-11-22 06:49:51.122370,,,,,,,,,
7.678644760744646e-05,0.0018213324947282672,2025-11-22 06:49:51.352591,,,,,,,,,
7.510933937737718e-05,0.002339527476578951,2025-11-22 06:49:51.596298,,,,,,,,,
7.578828081022948e-05,0.0023035784251987934,2025-11-22 06:49:51.847130,,,,,,,,,
8.114930824376643e-05,0.0018713786266744137,2025-11-22 06:49:52.100343,,,,,,,,,
8.447680011158809e-05,0.0020387847907841206,2025-11-22 06:49:52.337631,,,,,,,,,
8.341223292518407e-05,0.001936019747518003,2025-11-22 06:49:52.586324,,,,,,,,,
8.307398820761591e-05,0.001668962650001049,2025-11-22 06:49:52.832178,,,,,,,,,
8.224156772485003e-05,0.0018877602415159345,2025-11-22 06:49:53.086240,,,,,,,,,
8.014494960661978e-05,0.0020189424976706505,2025-11-22 06:49:53.326941,,,,,,,,,
7.841995102353394e-05,0.002190857660025358,2025-11-22 06:49:53.573735,,,,,,,,,
7.897990144556388e-05,0.0019497775938361883,2025-11-22 06:49:53.820791,,,,,,,,,
7.822894986020401e-05,0.0021154088899493217,2025-11-22 06:49:54.070530,,,,,,,,,
7.744029426248744e-05,0.0020447056740522385,2025-11-22 06:49:54.311963,,,,,,,,,
7.951701991260052e-05,0.001972359837964177,2025-11-22 06:49:54.557211,,,,,,,,,
8.066568261710927e-05,0.002042061649262905,2025-11-22 06:49:54.805683,,,,,,,,,
7.830648246454075e-05,0.00206659990362823,2025-11-22 06:49:55.052084,,,,,,,,,
7.677084067836404e-05,0.001861958997324109,2025-11-22 06:49:55.302878,,,,,,,,,
7.770065712975338e-05,0.001627120072953403,2025-11-22 06:49:55.547653,,,,,,,,,
7.696910324739292e-05,0.0016967474948614836,2025-11-22 06:49:55.794919,,,,,,,,,
7.455771265085787e-05,0.0021515346597880125,2025-11-22 06:49:56.044654,,,,,,,,,
7.691298378631473e-05,0.0017481805989518762,2025-11-22 06:49:56.289659,,,,,,,,,
7.804430788382888e-05,0.0021923359017819166,2025-11-22 06:49:56.537983,,,,,,,,,
7.766661292407662e-05,0.0020565290469676256,2025-11-22 06:49:56.783436,,,,,,,,,
7.601428660564125e-05,0.002318138489499688,2025-11-22 06:49:57.030848,,,,,,,,,
7.734731480013579e-05,0.0020462230313569307,2025-11-22 06:49:57.273341,,,,,,,,,
8.072836499195546e-05,0.0017834862228482962,2025-11-22 06:49:57.530343,,,,,,,,,
8.028317824937403e-05,0.0017809466226026416,2025-11-22 06:49:57.768765,,,,,,,,,
7.914983143564314e-05,0.0021070099901407957,2025-11-22 06:49:58.019789,,,,,,,,,
7.919821655377746e-05,0.0018909560749307275,2025-11-22 06:49:58.265228,,,,,,,,,
7.904889935161918e-05,0.0018111839890480042,2025-11-22 06:49:58.513731,,,,,,,,,
7.893997099017724e-05,0.0019990417640656233,2025-11-22 06:49:58.758329,,,,,,,,,
7.820866449037567e-05,0.0018855273956432939,2025-11-22 06:49:59.003200,,,,,,,,,
7.773952529532835e-05,0.0019723454024642706,2025-11-22 06:49:59.252757,,,,,,,,,
7.704035670030862e-05,0.0018831451889127493,2025-11-22 06:49:59.515321,,,,,,,,,
7.748355710646138e-05,0.002012967597693205,2025-11-22 06:49:59.772136,,,,,,,,,
7.914727029856294e-05,0.00224283616989851,2025-11-22 06:50:00.022514,,,,,,,,,
8.01324931671843e-05,0.002040724502876401,2025-11-22 06:50:00.253557,,,,,,,,,
7.78297835495323e-05,0.001917120418511331,2025-11-22 06:50:00.511144,,,,,,,,,
7.667663157917559e-05,0.0017278731102123857,2025-11-22 06:50:00.751942,,,,,,,,,
8.057512604864314e-05,0.0021787788718938828,2025-11-22 06:50:01.000842,,,,,,,,,
8.463007543468848e-05,0.0017302979249507189,2025-11-22 06:50:01.259443,,,,,,,,,
8.162310405168682e-05,0.0017718898598104715,2025-11-22 06:50:01.494871,,,,,,,,,
7.791475218255073e-05,0.0020710944663733244,2025-11-22 06:50:01.743761,,,,,,,,,
7.665481098229066e-05,0.002110277535393834,2025-11-22 06:50:01.996058,,,,,,,,,
7.754893158562481e-05,0.0018303669057786465,2025-11-22 06:50:02.245469,,,,,,,,,
7.775880658300593e-05,0.0021235214080661535,2025-11-22 06:50:02.514719,,,,,,,,,
7.569979061372578e-05,0.0019196155481040478,2025-11-22 06:50:02.744647,,,,,,,,,
7.380825991276652e-05,0.001983463764190674,2025-11-22 06:50:02.988909,,,,,,,,,
7.649638428119943e-05,0.002030790550634265,2025-11-22 06:50:03.238357,,,,,,,,,
7.786652713548392e-05,0.0023515457287430763,2025-11-22 06:50:03.485758,,,,,,,,,
8.070404874160886e-05,0.0019897017627954483,2025-11-22 06:50:03.729485,,,,,,,,,
8.360028732568026e-05,0.0019706659950315952,2025-11-22 06:50:03.974602,,,,,,,,,
8.297770546050742e-05,0.0020197981502860785,2025-11-22 06:50:04.227251,,,,,,,,,
8.239909948315471e-05,0.0015704240649938583,2025-11-22 06:50:04.467663,,,,,,,,,
8.169746433850378e-05,0.0017842514207586646,2025-11-22 06:50:04.713992,,,,,,,,,
7.9394354543183e-05,0.0017430898733437061,2025-11-22 06:50:04.961463,,,,,,,,,
7.680748240090907e-05,0.002061501145362854,2025-11-22 06:50:05.207802,,,,,,,,,
7.505414396291599e-05,0.0017598639242351055,2025-11-22 06:50:05.458166,,,,,,,,,
7.458104664692655e-05,0.0017488967860117555,2025-11-22 06:50:05.703772,,,,,,,,,
7.628479943377897e-05,0.001750255236402154,2025-11-22 06:50:05.949967,,,,,,,,,
8.14762242953293e-05,0.0017840252257883549,2025-11-22 06:50:06.199341,,,,,,,,,
8.326175884576514e-05,0.002126821083948016,2025-11-22 06:50:06.448331,,,,,,,,,
8.152669761329889e-05,0.001869807718321681,2025-11-22 06:50:06.701177,,,,,,,,,
7.954578177304938e-05,0.0019310128409415483,2025-11-22 06:50:06.956932,,,,,,,,,
7.959055074024945e-05,0.0022310540080070496,2025-11-22 06:50:07.197856,,,,,,,,,
8.005654672160745e-05,0.002050316659733653,2025-11-22 06:50:07.442618,,,,,,,,,
7.729711796855554e-05,0.0019485621014609933,2025-11-22 06:50:07.693232,,,,,,,,,
7.51446423237212e-05,0.0024344727862626314,2025-11-22 06:50:07.943495,,,,,,,,,
7.74340151110664e-05,0.0017634318210184574,2025-11-22 06:50:08.182530,,,,,,,,,
7.69780162954703e-05,0.0020098774693906307,2025-11-22 06:50:08.436299,,,,,,,,,
7.580425881315023e-05,0.001935482956469059,2025-11-22 06:50:08.688062,,,,,,,,,
7.721857400611043e-05,0.0020188894122838974,2025-11-22 06:50:08.945313,,,,,,,,,
7.973259198479354e-05,0.0016150129958987236,2025-11-22 06:50:09.177833,,,,,,,,,
7.724769966444e-05,0.001991925062611699,2025-11-22 06:50:09.424875,,,,,,,,,
,,2025-11-22 06:50:09.490976,7.84201972439607e-05,0.0019809172283405336,0.000375,,,,,,
,,2025-11-22 06:50:17.907361,,,,27.342451095581055,9.518674850463867,,,,
,,2025-11-22 06:50:17.909307,,,,,,7.435613840173643e-05,0.0020054558005470494,27.342451095581055,9.518674850463867
7.435613952111453e-05,0.0017363096121698618,2025-11-22 06:50:22.938932,,,,,,,,,
7.641504635103047e-05,0.002035499317571521,2025-11-22 06:50:23.167573,,,,,,,,,
7.90354679338634e-05,0.0017057274235412478,2025-11-22 06:50:23.414196,,,,,,,,,
7.737335545243695e-05,0.002110702684149146,2025-11-22 06:50:23.661399,,,,,,,,,
7.62750642024912e-05,0.0022803505416959524,2025-11-22 06:50:23.909241,,,,,,,,,
7.620121323270723e-05,0.001932912622578442,2025-11-22 06:50:24.152261,,,,,,,,,
7.822372572263703e-05,0.0018757173093035817,2025-11-22 06:50:24.393299,,,,,,,,,
7.703072333242744e-05,0.002003091387450695,2025-11-22 06:50:24.644826,,,,,,,,,
7.479797204723582e-05,0.002222841838374734,2025-11-22 06:50:24.889857,,,,,,,,,
7.698950503254309e-05,0.002101903548464179,2025-11-22 06:50:25.154423,,,,,,,,,
7.892564462963492e-05,0.0018650781130418181,2025-11-22 06:50:25.389159,,,,,,,,,
7.690275378990918e-05,0.0022817878052592278,2025-11-22 06:50:25.636422,,,,,,,,,
7.94017396401614e-05,0.0019620158709585667,2025-11-22 06:50:25.889136,,,,,,,,,
8.470429747831076e-05,0.0013758926652371883,2025-11-22 06:50:26.133847,,,,,,,,,
8.331446588272229e-05,0.0022142028901726007,2025-11-22 06:50:26.380038,,,,,,,,,
8.261037146439776e-05,0.002123243175446987,2025-11-22 06:50:26.627194,,,,,,,,,
8.411564340349287e-05,0.0020750504918396473,2025-11-22 06:50:26.884896,,,,,,,,,
8.620382868684828e-05,0.0017928376328200102,2025-11-22 06:50:27.120394,,,,,,,,,
8.222311589634046e-05,0.002140567172318697,2025-11-22 06:50:27.363686,,,,,,,,,
7.790970266796649e-05,0.0019284096779301763,2025-11-22 06:50:27.614429,,,,,,,,,
7.682117575313896e-05,0.0021926367189735174,2025-11-22 06:50:27.856590,,,,,,,,,
7.715787796769291e-05,0.0017772158607840538,2025-11-22 06:50:28.115480,,,,,,,,,
7.584295963170007e-05,0.001873205997981131,2025-11-22 06:50:28.359509,,,,,,,,,
7.425597141264006e-05,0.0022723188158124685,2025-11-22 06:50:28.611996,,,,,,,,,
7.554011244792491e-05,0.0016841257456690073,2025-11-22 06:50:28.850945,,,,,,,,,
7.611760520376265e-05,0.002279597334563732,2025-11-22 06:50:29.101174,,,,,,,,,
7.55385190132074e-05,0.001960991183295846,2025-11-22 06:50:29.344614,,,,,,,,,
7.629598258063197e-05,0.002078474499285221,2025-11-22 06:50:29.589382,,,,,,,,,
7.859200559323654e-05,0.0018394878134131432,2025-11-22 06:50:29.835095,,,,,,,,,
7.861897756811231e-05,0.0018172119744122028,2025-11-22 06:50:30.084266,,,,,,,,,
7.664843724342063e-05,0.002022150903940201,2025-11-22 06:50:30.339998,,,,,,,,,
7.741895387880504e-05,0.002173119457438588,2025-11-22 06:50:30.580237,,,,,,,,,
7.964471296872944e-05,0.0017639199504628778,2025-11-22 06:50:30.837663,,,,,,,,,
8.089804032351822e-05,0.0021070963703095913,2025-11-22 06:50:31.092688,,,,,,,,,
8.062987762968987e-05,0.0018711526645347476,2025-11-22 06:50:31.327499,,,,,,,,,
7.918186747701839e-05,0.002217607107013464,2025-11-22 06:50:31.563701,,,,,,,,,
7.938810449559242e-05,0.0024085436016321182,2025-11-22 06:50:31.810244,,,,,,,,,
7.968003046698868e-05,0.002040296560153365,2025-11-22 06:50:32.057802,,,,,,,,,
7.870978879509494e-05,0.0021049680653959513,2025-11-22 06:50:32.305502,,,,,,,,,
7.865950465202332e-05,0.00189310684800148,2025-11-22 06:50:32.547531,,,,,,,,,
7.655064109712839e-05,0.0024544985499233007,2025-11-22 06:50:32.793922,,,,,,,,,
7.806389476172626e-05,0.002037517959252,2025-11-22 06:50:33.038345,,,,,,,,,
8.105565939331427e-05,0.0018374637002125382,2025-11-22 06:50:33.287293,,,,,,,,,
8.27152980491519e-05,0.0017952921334654093,2025-11-22 06:50:33.536984,,,,,,,,,
8.09465636848472e-05,0.0018461780855432153,2025-11-22 06:50:33.773379,,,,,,,,,
7.924720557639375e-05,0.002010482596233487,2025-11-22 06:50:34.023513,,,,,,,,,
8.188213541870937e-05,0.0019254821818321943,2025-11-22 06:50:34.290944,,,,,,,,,
8.214153785957024e-05,0.0020313484128564596,2025-11-22 06:50:34.520235,,,,,,,,,
7.887813990237191e-05,0.0019009242532774806,2025-11-22 06:50:34.770448,,,,,,,,,
7.90038175182417e-05,0.0018810221226885915,2025-11-22 06:50:35.022771,,,,,,,,,
7.99965055193752e-05,0.0018444187007844448,2025-11-22 06:50:35.259046,,,,,,,,,
8.004733535926789e-05,0.001706908573396504,2025-11-22 06:50:35.509704,,,,,,,,,
7.871512207202613e-05,0.0017706546932458878,2025-11-22 06:50:35.751298,,,,,,,,,
7.776585698593408e-05,0.001831386354751885,2025-11-22 06:50:36.007871,,,,,,,,,
7.644295692443848e-05,0.0023425561375916004,2025-11-22 06:50:36.245452,,,,,,,,,
7.657016976736486e-05,0.00225690845400095,2025-11-22 06:50:36.491111,,,,,,,,,
7.79693218646571e-05,0.001787404646165669,2025-11-22 06:50:36.738732,,,,,,,,,
7.831793482182547e-05,0.0016630510799586773,2025-11-22 06:50:37.007470,,,,,,,,,
7.802955951774493e-05,0.001908490201458335,2025-11-22 06:50:37.240467,,,,,,,,,
7.771708624204621e-05,0.001870496547780931,2025-11-22 06:50:37.520639,,,,,,,,,
7.912029832368717e-05,0.002054505981504917,2025-11-22 06:50:37.731749,,,,,,,,,
7.854588329792023e-05,0.0019056998426094651,2025-11-22 06:50:37.981313,,,,,,,,,
7.775597623549402e-05,0.002110887784510851,2025-11-22 06:50:38.225304,,,,,,,,,
7.627348531968892e-05,0.0017518681706860662,2025-11-22 06:50:38.482743,,,,,,,,,
7.550077134510502e-05,0.001931975712068379,2025-11-22 06:50:38.725862,,,,,,,,,
7.493521843571216e-05,0.002219726797193289,2025-11-22 06:50:38.969094,,,,,,,,,
7.547839777544141e-05,0.0023178132250905037,2025-11-22 06:50:39.217952,,,,,,,,,
7.838275632821023e-05,0.0020190016366541386,2025-11-22 06:50:39.464530,,,,,,,,,
7.992450991878286e-05,0.0016209324821829796,2025-11-22 06:50:39.710983,,,,,,,,,
7.870752597227693e-05,0.0022508716210722923,2025-11-22 06:50:39.954920,,,,,,,,,
8.060954132815823e-05,0.0015746527351439,2025-11-22 06:50:40.203064,,,,,,,,,
8.06472307885997e-05,0.001849108375608921,2025-11-22 06:50:40.447103,,,,,,,,,
7.890713459346443e-05,0.0019595420453697443,2025-11-22 06:50:40.696658,,,,,,,,,
7.965019904077053e-05,0.0018272136803716421,2025-11-22 06:50:40.945274,,,,,,,,,
7.862155325710773e-05,0.0018803412094712257,2025-11-22 06:50:41.187098,,,,,,,,,
7.708980410825461e-05,0.0020880543161183596,2025-11-22 06:50:41.445721,,,,,,,,,
7.523296517319977e-05,0.0016155372140929103,2025-11-22 06:50:41.683607,,,,,,,,,
7.467836985597387e-05,0.001967845018953085,2025-11-22 06:50:41.936762,,,,,,,,,
7.319498399738222e-05,0.00200287951156497,2025-11-22 06:50:42.191054,,,,,,,,,
7.333818939514458e-05,0.0017749108374118805,2025-11-22 06:50:42.430573,,,,,,,,,
7.343983452301472e-05,0.001962803304195404,2025-11-22 06:50:42.691882,,,,,,,,,
7.614740752615035e-05,0.002092859474942088,2025-11-22 06:50:42.943568,,,,,,,,,
7.937754708109424e-05,0.0018590078689157963,2025-11-22 06:50:43.183280,,,,,,,,,
8.137471741065383e-05,0.0017699062591418624,2025-11-22 06:50:43.437519,,,,,,,,,
8.175355469575152e-05,0.0018244441598653793,2025-11-22 06:50:43.672391,,,,,,,,,
8.204485493479297e-05,0.002316330326721072,2025-11-22 06:50:43.918060,,,,,,,,,
8.363818778889254e-05,0.0019407663494348526,2025-11-22 06:50:44.170861,,,,,,,,,
8.325107046402991e-05,0.002174770226702094,2025-11-22 06:50:44.412923,,,,,,,,,
8.392644667765126e-05,0.001992128323763609,2025-11-22 06:50:44.664841,,,,,,,,,
8.325585076818243e-05,0.0019278263207525015,2025-11-22 06:50:44.911027,,,,,,,,,
8.060250547714531e-05,0.0019623569678515196,2025-11-22 06:50:45.155461,,,,,,,,,
7.55503133405e-05,0.0021447697654366493,2025-11-22 06:50:45.413906,,,,,,,,,
7.515196193708107e-05,0.0020603348966687918,2025-11-22 06:50:45.645850,,,,,,,,,
7.500026549678296e-05,0.0016819073352962732,2025-11-22 06:50:45.892705,,,,,,,,,
7.142850517993793e-05,0.001787800109013915,2025-11-22 06:50:46.138820,,,,,,,,,
6.959062011446804e-05,0.002472252119332552,2025-11-22 06:50:46.386104,,,,,,,,,
7.314462709473446e-05,0.0022105525713413954,2025-11-22 06:50:46.644992,,,,,,,,,
7.602588448207825e-05,0.0025003021582961082,2025-11-22 06:50:46.881883,,,,,,,,,
8.112254727166146e-05,0.0021079082507640123,2025-11-22 06:50:47.127015,,,,,,,,,
8.678670565132052e-05,0.0021718221250921488,2025-11-22 06:50:47.377615,,,,,,,,,
8.879032247932628e-05,0.001922916853800416,2025-11-22 06:50:47.615875,,,,,,,,,
8.959811384556815e-05,0.002235549036413431,2025-11-22 06:50:47.863214,,,,,,,,,
8.894265920389444e-05,0.0017000801162794232,2025-11-22 06:50:48.115459,,,,,,,,,
8.530927152605727e-05,0.00171760399825871,2025-11-22 06:50:48.360952,,,,,,,,,
8.077972597675398e-05,0.0018081696471199393,2025-11-22 06:50:48.612572,,,,,,,,,
7.777346763759851e-05,0.001843801001086831,2025-11-22 06:50:48.854825,,,,,,,,,
7.337249553529546e-05,0.0019925173837691545,2025-11-22 06:50:49.111068,,,,,,,,,
7.061933865770698e-05,0.0019228934543207288,2025-11-22 06:50:49.349068,,,,,,,,,
7.088721758918837e-05,0.0020918771624565125,2025-11-22 06:50:49.605899,,,,,,,,,
7.335207192227244e-05,0.0023005912080407143,2025-11-22 06:50:49.846510,,,,,,,,,
7.358873699558899e-05,0.001526914187707007,2025-11-22 06:50:50.117991,,,,,,,,,
7.304582686629146e-05,0.0017307497328147292,2025-11-22 06:50:50.350283,,,,,,,,,
7.623399869771674e-05,0.0018320743693038821,2025-11-22 06:50:50.594465,,,,,,,,,
7.953017484396696e-05,0.002261105692014098,2025-11-22 06:50:50.838939,,,,,,,,,
7.94854640844278e-05,0.001570985303260386,2025-11-22 06:50:51.091644,,,,,,,,,
7.753479439998046e-05,0.0018417742103338242,2025-11-22 06:50:51.332406,,,,,,,,,
7.948608254082501e-05,0.0017677833093330264,2025-11-22 06:50:51.590476,,,,,,,,,
8.106450695777312e-05,0.0015832625795155764,2025-11-22 06:50:51.829077,,,,,,,,,
7.932622247608379e-05,0.001651846687309444,2025-11-22 06:50:52.075627,,,,,,,,,
7.57869056542404e-05,0.001755931181833148,2025-11-22 06:50:52.338548,,,,,,,,,
7.5816351454705e-05,0.002269229618832469,2025-11-22 06:50:52.600499,,,,,,,,,
7.791123789502308e-05,0.0019728275947272778,2025-11-22 06:50:52.828410,,,,,,,,,
7.991171878529713e-05,0.0018405190203338861,2025-11-22 06:50:53.070883,,,,,,,,,
7.899667980382219e-05,0.0017921068938449025,2025-11-22 06:50:53.316472,,,,,,,,,
7.801921310601756e-05,0.0015878714621067047,2025-11-22 06:50:53.563848,,,,,,,,,
7.648144674021751e-05,0.002166127087548375,2025-11-22 06:50:53.813929,,,,,,,,,
7.510270370403305e-05,0.0022612542379647493,2025-11-22 06:50:54.058943,,,,,,,,,
7.602249388583004e-05,0.0016574765322729945,2025-11-22 06:50:54.317207,,,,,,,,,
7.600613753311336e-05,0.0020520812831819057,2025-11-22 06:50:54.559307,,,,,,,,,
7.690185157116503e-05,0.001795392599888146,2025-11-22 06:50:54.811977,,,,,,,,,
7.470150740118697e-05,0.002325288252905011,2025-11-22 06:50:55.051203,,,,,,,,,
7.614324567839503e-05,0.001910725375637412,2025-11-22 06:50:55.295171,,,,,,,,,
7.891644054325297e-05,0.0018105206545442343,2025-11-22 06:50:55.544154,,,,,,,,,
7.881946658017114e-05,0.0020710546523332596,2025-11-22 06:50:55.794356,,,,,,,,,
7.842107152100652e-05,0.0017995801754295826,2025-11-22 06:50:56.051088,,,,,,,,,
7.816674769856036e-05,0.001983141992241144,2025-11-22 06:50:56.291911,,,,,,,,,
7.86305099609308e-05,0.0020675223786383867,2025-11-22 06:50:56.540144,,,,,,,,,
7.859290053602308e-05,0.0024041596334427595,2025-11-22 06:50:56.793962,,,,,,,,,
7.76368542574346e-05,0.0015835973899811506,2025-11-22 06:50:57.049293,,,,,,,,,
7.489116251235828e-05,0.0019404093036428094,2025-11-22 06:50:57.287898,,,,,,,,,
7.505711982958019e-05,0.001688665710389614,2025-11-22 06:50:57.548437,,,,,,,,,
7.709404599154368e-05,0.0015439862618222833,2025-11-22 06:50:57.780880,,,,,,,,,
7.703615847276524e-05,0.002127947984263301,2025-11-22 06:50:58.030413,,,,,,,,,
7.723914313828573e-05,0.0019129076972603798,2025-11-22 06:50:58.283787,,,,,,,,,
,,2025-11-22 06:50:58.394316,7.824263078267298e-05,0.0019593811990085263,0.000375,,,,,,
,,2025-11-22 06:51:06.791234,,,,27.07689666748047,9.619280815124512,,,,
,,2025-11-22 06:51:06.794304,,,,,,7.904461801025228e-05,0.001957983463608588,27.07689666748047,9.619280815124512
7.904462108854204e-05,0.0017088515451177955,2025-11-22 06:51:11.454978,,,,,,,,,
7.81401977292262e-05,0.0019632678013294935,2025-11-22 06:51:11.694392,,,,,,,,,
7.672811625525355e-05,0.0017339229816570878,2025-11-22 06:51:11.939144,,,,,,,,,
7.636074587935582e-05,0.002008655574172735,2025-11-22 06:51:12.186642,,,,,,,,,
7.670019112993032e-05,0.002136009745299816,2025-11-22 06:51:12.429471,,,,,,,,,
7.701908907620236e-05,0.0017819139175117016,2025-11-22 06:51:12.676093,,,,,,,,,
7.546456618001685e-05,0.00154904427472502,2025-11-22 06:51:12.921519,,,,,,,,,
7.578451186418533e-05,0.0015612608985975385,2025-11-22 06:51:13.166193,,,,,,,,,
7.873822323745117e-05,0.001851998153142631,2025-11-22 06:51:13.423376,,,,,,,,,
7.998869114089757e-05,0.0019402469042688608,2025-11-22 06:51:13.669569,,,,,,,,,
7.905456004664302e-05,0.0018882120493799448,2025-11-22 06:51:13.932705,,,,,,,,,
7.897759496700019e-05,0.0018921380396932364,2025-11-22 06:51:14.161614,,,,,,,,,
7.976410415722057e-05,0.0026496604550629854,2025-11-22 06:51:14.414483,,,,,,,,,
8.022586553124711e-05,0.002044562017545104,2025-11-22 06:51:14.654199,,,,,,,,,
7.989699952304363e-05,0.0017398364143446088,2025-11-22 06:51:14.896751,,,,,,,,,
7.808722148183733e-05,0.0019488879479467869,2025-11-22 06:51:15.156634,,,,,,,,,
7.628422463312745e-05,0.0016543128294870257,2025-11-22 06:51:15.398954,,,,,,,,,
7.40489485906437e-05,0.0022093032021075487,2025-11-22 06:51:15.640509,,,,,,,,,
7.305629696929827e-05,0.001755106495693326,2025-11-22 06:51:15.897635,,,,,,,,,
7.251218630699441e-05,0.0019328197231516242,2025-11-22 06:51:16.148888,,,,,,,,,
7.365026976913214e-05,0.0018896089168265462,2025-11-22 06:51:16.387498,,,,,,,,,
7.327480852836743e-05,0.0021574595011770725,2025-11-22 06:51:16.638662,,,,,,,,,
7.366298086708412e-05,0.0018818165408447385,2025-11-22 06:51:16.886449,,,,,,,,,
7.451634883182123e-05,0.0019220701651647687,2025-11-22 06:51:17.143478,,,,,,,,,
7.814410491846502e-05,0.0022437928710132837,2025-11-22 06:51:17.386375,,,,,,,,,
8.138945850078017e-05,0.0017040395177900791,2025-11-22 06:51:17.625129,,,,,,,,,
8.07421820354648e-05,0.0023968557361513376,2025-11-22 06:51:17.874123,,,,,,,,,
8.037529914872721e-05,0.0016648996388539672,2025-11-22 06:51:18.128330,,,,,,,,,
8.048356539802626e-05,0.0017368481494486332,2025-11-22 06:51:18.374637,,,,,,,,,
8.022060501389205e-05,0.001988051924854517,2025-11-22 06:51:18.626901,,,,,,,,,
7.637708768015727e-05,0.001861338852904737,2025-11-22 06:51:18.872769,,,,,,,,,
7.254639058373868e-05,0.00255582295358181,2025-11-22 06:51:19.121991,,,,,,,,,
7.933240704005584e-05,0.0021222224459052086,2025-11-22 06:51:19.364086,,,,,,,,,
8.203862671507522e-05,0.002087965374812484,2025-11-22 06:51:19.614253,,,,,,,,,
8.493378845741972e-05,0.0019424686906859279,2025-11-22 06:51:19.852943,,,,,,,,,
8.524330769432709e-05,0.0017454661428928375,2025-11-22 06:51:20.099368,,,,,,,,,
8.45788381411694e-05,0.0018380604451522231,2025-11-22 06:51:20.345241,,,,,,,,,
8.098730904748663e-05,0.002074191812425852,2025-11-22 06:51:20.588947,,,,,,,,,
7.924260717118159e-05,0.002152318600565195,2025-11-22 06:51:20.836863,,,,,,,,,
7.724278839305043e-05,0.002313670702278614,2025-11-22 06:51:21.081321,,,,,,,,,
7.771192031214014e-05,0.002137047704309225,2025-11-22 06:51:21.346305,,,,,,,,,
7.739660213701427e-05,0.002215949585661292,2025-11-22 06:51:21.582755,,,,,,,,,
7.870220724726096e-05,0.0020988574251532555,2025-11-22 06:51:21.831165,,,,,,,,,
7.925772661110386e-05,0.002279984764754772,2025-11-22 06:51:22.085365,,,,,,,,,
8.154871466103941e-05,0.0018440401181578636,2025-11-22 06:51:22.327339,,,,,,,,,
8.092154166661203e-05,0.002047598594799638,2025-11-22 06:51:22.580479,,,,,,,,,
8.183272439055145e-05,0.0015593499410897493,2025-11-22 06:51:22.829496,,,,,,,,,
8.164633618434891e-05,0.0018888860940933228,2025-11-22 06:51:23.079468,,,,,,,,,
7.963117241160944e-05,0.0020946792792528868,2025-11-22 06:51:23.317293,,,,,,,,,
7.653448119526729e-05,0.0017681708559393883,2025-11-22 06:51:23.562125,,,,,,,,,
7.213204662548378e-05,0.0014651691308245063,2025-11-22 06:51:23.811391,,,,,,,,,
6.90378001309e-05,0.0018986364593729377,2025-11-22 06:51:24.053303,,,,,,,,,
7.025738887023181e-05,0.0023274009581655264,2025-11-22 06:51:24.300088,,,,,,,,,
7.303970050998032e-05,0.0020545688457787037,2025-11-22 06:51:24.549239,,,,,,,,,
7.516193727497011e-05,0.001990922726690769,2025-11-22 06:51:24.795504,,,,,,,,,
7.732797530479729e-05,0.0020217266865074635,2025-11-22 06:51:25.057572,,,,,,,,,
8.194673137040809e-05,0.0019321938743814826,2025-11-22 06:51:25.295140,,,,,,,,,
8.304701623274013e-05,0.001956184860318899,2025-11-22 06:51:25.541602,,,,,,,,,
8.123405859805644e-05,0.0023912847973406315,2025-11-22 06:51:25.789568,,,,,,,,,
8.35531172924675e-05,0.0020785892847925425,2025-11-22 06:51:26.032837,,,,,,,,,
8.405998232774436e-05,0.0020806591492146254,2025-11-22 06:51:26.278160,,,,,,,,,
8.07801479822956e-05,0.0017560299020260572,2025-11-22 06:51:26.532099,,,,,,,,,
7.63705320423469e-05,0.001990231452509761,2025-11-22 06:51:26.772120,,,,,,,,,
7.558000652352348e-05,0.002083166502416134,2025-11-22 06:51:27.015496,,,,,,,,,
7.604483107570559e-05,0.0021072460804134607,2025-11-22 06:51:27.263209,,,,,,,,,
7.375449786195531e-05,0.0021123888436704874,2025-11-22 06:51:27.521411,,,,,,,,,
7.165377610363066e-05,0.0019207129953429103,2025-11-22 06:51:27.756128,,,,,,,,,
7.369930972345173e-05,0.002099249977618456,2025-11-22 06:51:28.003909,,,,,,,,,
7.889893458923325e-05,0.0021206759847700596,2025-11-22 06:51:28.253399,,,,,,,,,
8.163179154507816e-05,0.001937048975378275,2025-11-22 06:51:28.502588,,,,,,,,,
8.128104673232883e-05,0.0019084789091721177,2025-11-22 06:51:28.747505,,,,,,,,,
8.143259037751704e-05,0.002228009747341275,2025-11-22 06:51:29.005197,,,,,,,,,
8.361424988834187e-05,0.0018701923545449972,2025-11-22 06:51:29.270412,,,,,,,,,
8.443729893770069e-05,0.0020304403733462095,2025-11-22 06:51:29.515681,,,,,,,,,
8.352070290129632e-05,0.0015665802638977766,2025-11-22 06:51:29.760979,,,,,,,,,
7.988730794750154e-05,0.0019076211610808969,2025-11-22 06:51:30.009928,,,,,,,,,
7.732195808785036e-05,0.0020477608777582645,2025-11-22 06:51:30.248728,,,,,,,,,
7.41189214750193e-05,0.0022861938923597336,2025-11-22 06:51:30.498864,,,,,,,,,
7.275066309375688e-05,0.0016322555020451546,2025-11-22 06:51:30.741841,,,,,,,,,
7.150755845941603e-05,0.0019594754558056593,2025-11-22 06:51:30.987928,,,,,,,,,
7.335137343034148e-05,0.00175690115429461,2025-11-22 06:51:31.232764,,,,,,,,,
7.803860353305936e-05,0.0020564051810652018,2025-11-22 06:51:31.495694,,,,,,,,,
7.824211206752807e-05,0.0021903379820287228,2025-11-22 06:51:31.747824,,,,,,,,,
8.038069790927693e-05,0.0018166853114962578,2025-11-22 06:51:31.978511,,,,,,,,,
8.24535745778121e-05,0.0017953045899048448,2025-11-22 06:51:32.226346,,,,,,,,,
8.426312706433237e-05,0.0018052211962640285,2025-11-22 06:51:32.479927,,,,,,,,,
8.365767280338332e-05,0.0017163173761218786,2025-11-22 06:51:32.718787,,,,,,,,,
7.887384708737954e-05,0.0019306066678836942,2025-11-22 06:51:32.976450,,,,,,,,,
7.461727363988757e-05,0.0022003878839313984,2025-11-22 06:51:33.217299,,,,,,,,,
7.655793888261542e-05,0.002178870141506195,2025-11-22 06:51:33.463030,,,,,,,,,
8.13850638223812e-05,0.0017269398085772991,2025-11-22 06:51:33.714292,,,,,,,,,
7.953343447297812e-05,0.0017418301431462169,2025-11-22 06:51:33.970525,,,,,,,,,
7.713403465459123e-05,0.0019282985012978315,2025-11-22 06:51:34.208223,,,,,,,,,
7.807842484908178e-05,0.002482357667759061,2025-11-22 06:51:34.463653,,,,,,,,,
7.891011773608625e-05,0.0015832296339794993,2025-11-22 06:51:34.714748,,,,,,,,,
7.585890125483274e-05,0.00216292473487556,2025-11-22 06:51:34.960752,,,,,,,,,
7.38337985239923e-05,0.0021379704121500254,2025-11-22 06:51:35.203216,,,,,,,,,
7.62246927479282e-05,0.001770497066900134,2025-11-22 06:51:35.450671,,,,,,,,,
7.791741518303752e-05,0.002176359063014388,2025-11-22 06:51:35.701690,,,,,,,,,
7.811380783095956e-05,0.002202858217060566,2025-11-22 06:51:35.951256,,,,,,,,,
8.053682540776208e-05,0.001974470680579543,2025-11-22 06:51:36.195016,,,,,,,,,
8.370078285224736e-05,0.0018642523791640997,2025-11-22 06:51:36.440784,,,,,,,,,
8.149969653459266e-05,0.0016692704521119595,2025-11-22 06:51:36.686695,,,,,,,,,
7.917108450783417e-05,0.002010527765378356,2025-11-22 06:51:36.946105,,,,,,,,,
7.969466969370842e-05,0.0018568229861557484,2025-11-22 06:51:37.181723,,,,,,,,,
7.950867438921705e-05,0.0020940136164426804,2025-11-22 06:51:37.428094,,,,,,,,,
7.725570321781561e-05,0.0016540521755814552,2025-11-22 06:51:37.674788,,,,,,,,,
7.458998879883438e-05,0.0019344203174114227,2025-11-22 06:51:37.930715,,,,,,,,,
7.372507388936356e-05,0.0015895648393779993,2025-11-22 06:51:38.174099,,,,,,,,,
7.484816160285845e-05,0.0019666654989123344,2025-11-22 06:51:38.426600,,,,,,,,,
7.681479473831132e-05,0.0020687729120254517,2025-11-22 06:51:38.666672,,,,,,,,,
7.755849219392985e-05,0.0023297055158764124,2025-11-22 06:51:38.915384,,,,,,,,,
8.117522520478815e-05,0.00169761897996068,2025-11-22 06:51:39.160175,,,,,,,,,
8.21010980871506e-05,0.0019445746438577771,2025-11-22 06:51:39.403809,,,,,,,,,
8.199664443964139e-05,0.001899283961392939,2025-11-22 06:51:39.650290,,,,,,,,,
8.333902951562777e-05,0.0015608418034389615,2025-11-22 06:51:39.906214,,,,,,,,,
8.048362360568717e-05,0.0020561020355671644,2025-11-22 06:51:40.148000,,,,,,,,,
7.83002979005687e-05,0.0018170507391914725,2025-11-22 06:51:40.391468,,,,,,,,,
7.592642214149237e-05,0.002117452910169959,2025-11-22 06:51:40.643723,,,,,,,,,
7.517110498156399e-05,0.0019637702498584986,2025-11-22 06:51:40.892170,,,,,,,,,
7.470728451153263e-05,0.0018675571773201227,2025-11-22 06:51:41.136054,,,,,,,,,
7.410863327095285e-05,0.0018989084055647254,2025-11-22 06:51:41.409372,,,,,,,,,
7.502802327508107e-05,0.0018946764757856727,2025-11-22 06:51:41.649958,,,,,,,,,
7.569866284029558e-05,0.0017551033524796367,2025-11-22 06:51:41.891329,,,,,,,,,
7.38650414859876e-05,0.002069322858005762,2025-11-22 06:51:42.138942,,,,,,,,,
7.48347447370179e-05,0.0021082237362861633,2025-11-22 06:51:42.383482,,,,,,,,,
7.609253225382417e-05,0.002246502321213484,2025-11-22 06:51:42.631999,,,,,,,,,
7.792116957716644e-05,0.002126396633684635,2025-11-22 06:51:42.878323,,,,,,,,,
7.809467206243426e-05,0.0020782765932381153,2025-11-22 06:51:43.124508,,,,,,,,,
8.004414848983288e-05,0.0018330927705392241,2025-11-22 06:51:43.370696,,,,,,,,,
8.081705891527236e-05,0.002242611488327384,2025-11-22 06:51:43.622864,,,,,,,,,
7.961836672620848e-05,0.0018905526958405972,2025-11-22 06:51:43.861464,,,,,,,,,
7.86388263804838e-05,0.0017065111314877868,2025-11-22 06:51:44.107190,,,,,,,,,
7.736261613899842e-05,0.0019392393296584487,2025-11-22 06:51:44.357611,,,,,,,,,
7.811180694261566e-05,0.0016920301131904125,2025-11-22 06:51:44.607408,,,,,,,,,
7.548774738097563e-05,0.0018934367690235376,2025-11-22 06:51:44.857194,,,,,,,,,
7.303325401153415e-05,0.0019403761252760887,2025-11-22 06:51:45.104643,,,,,,,,,
7.343220931943506e-05,0.002057249192148447,2025-11-22 06:51:45.361311,,,,,,,,,
7.801871106494218e-05,0.0017093706410378218,2025-11-22 06:51:45.601264,,,,,,,,,
8.134852396324277e-05,0.001759350416250527,2025-11-22 06:51:45.842219,,,,,,,,,
8.243091724580154e-05,0.0021594641730189323,2025-11-22 06:51:46.097008,,,,,,,,,
8.471802721032873e-05,0.001974303275346756,2025-11-22 06:51:46.340286,,,,,,,,,
8.426557906204835e-05,0.001552805071696639,2025-11-22 06:51:46.584332,,,,,,,,,
8.236904977820814e-05,0.002030718605965376,2025-11-22 06:51:46.830567,,,,,,,,,
,,2025-11-22 06:51:46.965101,7.82222079780897e-05,0.0019568073395122257,0.000375,,,,,,
,,2025-11-22 06:51:55.116765,,,,26.961435317993164,9.72714614868164,,,,
,,2025-11-22 06:51:55.118655,,,,,,8.11742874457895e-05,0.0019107955561664242,26.961435317993164,9.72714614868164
8.117428660625592e-05,0.0021160265896469355,2025-11-22 06:51:59.944167,,,,,,,,,
8.202340541174635e-05,0.001715405727736652,2025-11-22 06:52:00.198769,,,,,,,,,
7.995845953701064e-05,0.0017198616405948997,2025-11-22 06:52:00.443189,,,,,,,,,
7.611200999235734e-05,0.0017958610551431775,2025-11-22 06:52:00.690861,,,,,,,,,
7.430309051414952e-05,0.0019188891164958477,2025-11-22 06:52:00.933206,,,,,,,,,
7.692187500651926e-05,0.001917627057991922,2025-11-22 06:52:01.190313,,,,,,,,,
7.888688560342416e-05,0.0017888000002130866,2025-11-22 06:52:01.429948,,,,,,,,,
7.639938849024475e-05,0.001973747741430998,2025-11-22 06:52:01.678413,,,,,,,,,
7.361316966125742e-05,0.0021073955576866865,2025-11-22 06:52:01.927716,,,,,,,,,
7.463068322977051e-05,0.0016812295652925968,2025-11-22 06:52:02.174321,,,,,,,,,
7.607730367453769e-05,0.0017983977450057864,2025-11-22 06:52:02.429773,,,,,,,,,
7.753996760584414e-05,0.0020918624941259623,2025-11-22 06:52:02.665555,,,,,,,,,
7.899047341197729e-05,0.0021005659364163876,2025-11-22 06:52:02.934183,,,,,,,,,
8.001190144568682e-05,0.001922176219522953,2025-11-22 06:52:03.177756,,,,,,,,,
8.029561286093667e-05,0.00166410265956074,2025-11-22 06:52:03.429899,,,,,,,,,
7.916516187833622e-05,0.002062496030703187,2025-11-22 06:52:03.680024,,,,,,,,,
8.169194188667461e-05,0.002047758549451828,2025-11-22 06:52:03.922485,,,,,,,,,
8.138547127600759e-05,0.0021600937470793724,2025-11-22 06:52:04.168438,,,,,,,,,
8.067776070674881e-05,0.0016892850399017334,2025-11-22 06:52:04.416277,,,,,,,,,
7.584408012917265e-05,0.0018896270776167512,2025-11-22 06:52:04.670111,,,,,,,,,
7.47382509871386e-05,0.0016656304942443967,2025-11-22 06:52:04.917658,,,,,,,,,
7.791766984155402e-05,0.0019462315831333399,2025-11-22 06:52:05.156400,,,,,,,,,
7.97218453953974e-05,0.0018880183342844248,2025-11-22 06:52:05.407148,,,,,,,,,
7.938725320855156e-05,0.0018042671727016568,2025-11-22 06:52:05.660307,,,,,,,,,
7.909462874522433e-05,0.0019006207585334778,2025-11-22 06:52:05.895650,,,,,,,,,
7.926387479528785e-05,0.002081757877022028,2025-11-22 06:52:06.164657,,,,,,,,,
7.932789594633505e-05,0.0018366019940003753,2025-11-22 06:52:06.426613,,,,,,,,,
7.861360063543543e-05,0.0020689417142421007,2025-11-22 06:52:06.648074,,,,,,,,,
7.666819874430075e-05,0.0018004716839641333,2025-11-22 06:52:06.891058,,,,,,,,,
7.532861491199583e-05,0.00172577821649611,2025-11-22 06:52:07.152754,,,,,,,,,
7.439078763127327e-05,0.0018440572312101722,2025-11-22 06:52:07.383082,,,,,,,,,
7.42705087759532e-05,0.002227204851806164,2025-11-22 06:52:07.628816,,,,,,,,,
7.752099918434396e-05,0.002343099331483245,2025-11-22 06:52:07.872158,,,,,,,,,
7.995160558493808e-05,0.0017135413363575935,2025-11-22 06:52:08.120681,,,,,,,,,
7.833464042050764e-05,0.002126997336745262,2025-11-22 06:52:08.365867,,,,,,,,,
7.671109779039398e-05,0.0017529504839330912,2025-11-22 06:52:08.609389,,,,,,,,,
7.600380195071921e-05,0.002024933462962508,2025-11-22 06:52:08.860144,,,,,,,,,
7.875703886384144e-05,0.0015366051811724901,2025-11-22 06:52:09.105792,,,,,,,,,
7.608367741340771e-05,0.0018583585042506456,2025-11-22 06:52:09.356650,,,,,,,,,
7.365139754256234e-05,0.0020039223600178957,2025-11-22 06:52:09.612371,,,,,,,,,
7.366311911027879e-05,0.0018064987380057573,2025-11-22 06:52:09.874117,,,,,,,,,
7.473088771803305e-05,0.0021915375255048275,2025-11-22 06:52:10.103752,,,,,,,,,
7.589660526718944e-05,0.0019638189114630222,2025-11-22 06:52:10.354453,,,,,,,,,
7.731455843895674e-05,0.002014672150835395,2025-11-22 06:52:10.601481,,,,,,,,,
7.957487105159089e-05,0.0018447316251695156,2025-11-22 06:52:10.842557,,,,,,,,,
8.157172123901546e-05,0.0018863006262108684,2025-11-22 06:52:11.102599,,,,,,,,,
7.986826676642522e-05,0.002356579527258873,2025-11-22 06:52:11.338012,,,,,,,,,
7.761948654660955e-05,0.0015760735841467977,2025-11-22 06:52:11.589803,,,,,,,,,
7.588275184389204e-05,0.001996462233364582,2025-11-22 06:52:11.830120,,,,,,,,,
7.714622188359499e-05,0.0024084262549877167,2025-11-22 06:52:12.078304,,,,,,,,,
7.911524880910292e-05,0.0019287678878754377,2025-11-22 06:52:12.329126,,,,,,,,,
7.836426084395498e-05,0.0019340284634381533,2025-11-22 06:52:12.578629,,,,,,,,,
7.81045455369167e-05,0.002139492891728878,2025-11-22 06:52:12.836754,,,,,,,,,
7.942035153973848e-05,0.0018117350991815329,2025-11-22 06:52:13.085834,,,,,,,,,
8.175991388270631e-05,0.002271711826324463,2025-11-22 06:52:13.328193,,,,,,,,,
8.166438055923209e-05,0.0015537056606262922,2025-11-22 06:52:13.586795,,,,,,,,,
7.692202052567154e-05,0.001717560924589634,2025-11-22 06:52:13.817564,,,,,,,,,
7.387986988760531e-05,0.0018930264050140977,2025-11-22 06:52:14.061411,,,,,,,,,
7.486357935704291e-05,0.0018405222799628973,2025-11-22 06:52:14.320460,,,,,,,,,
7.580246892757714e-05,0.0021575812716037035,2025-11-22 06:52:14.563754,,,,,,,,,
7.674683001823723e-05,0.0023532146587967873,2025-11-22 06:52:14.804132,,,,,,,,,
7.886393723310903e-05,0.001840423559769988,2025-11-22 06:52:15.054115,,,,,,,,,
8.0008918303065e-05,0.0019142216769978404,2025-11-22 06:52:15.303182,,,,,,,,,
8.109225746011361e-05,0.0017487843288108706,2025-11-22 06:52:15.542456,,,,,,,,,
7.9774581536185e-05,0.0020752763375639915,2025-11-22 06:52:15.793879,,,,,,,,,
8.024753333302215e-05,0.0022704871371388435,2025-11-22 06:52:16.051428,,,,,,,,,
8.186377090169117e-05,0.0017802136717364192,2025-11-22 06:52:16.300951,,,,,,,,,
8.017449727049097e-05,0.0021067915949970484,2025-11-22 06:52:16.545379,,,,,,,,,
7.851151895010844e-05,0.0015739364316686988,2025-11-22 06:52:16.788549,,,,,,,,,
7.620952237630263e-05,0.002094815718010068,2025-11-22 06:52:17.034090,,,,,,,,,
7.389675010927022e-05,0.0021594574209302664,2025-11-22 06:52:17.281459,,,,,,,,,
7.689261110499501e-05,0.0019895057193934917,2025-11-22 06:52:17.530440,,,,,,,,,
8.099825208773836e-05,0.0019045526860281825,2025-11-22 06:52:17.776831,,,,,,,,,
8.195194095605984e-05,0.0019415352726355195,2025-11-22 06:52:18.024924,,,,,,,,,
8.179743599612266e-05,0.0016701105050742626,2025-11-22 06:52:18.279475,,,,,,,,,
8.281775808427483e-05,0.002072493312880397,2025-11-22 06:52:18.520696,,,,,,,,,
8.39082567836158e-05,0.0018539351876825094,2025-11-22 06:52:18.768827,,,,,,,,,
8.382504893234e-05,0.0018512923270463943,2025-11-22 06:52:19.014057,,,,,,,,,
8.22199581307359e-05,0.0017740330658853054,2025-11-22 06:52:19.262388,,,,,,,,,
7.924326200736687e-05,0.0020024182740598917,2025-11-22 06:52:19.506740,,,,,,,,,
7.845661457395181e-05,0.0015977518633008003,2025-11-22 06:52:19.763747,,,,,,,,,
7.707311306148767e-05,0.0019129662541672587,2025-11-22 06:52:20.000952,,,,,,,,,
7.490949792554602e-05,0.002131165936589241,2025-11-22 06:52:20.253880,,,,,,,,,
7.44336357456632e-05,0.0017901227110996842,2025-11-22 06:52:20.504560,,,,,,,,,
7.438845204887912e-05,0.001994101330637932,2025-11-22 06:52:20.744617,,,,,,,,,
7.475231541320682e-05,0.001955420942977071,2025-11-22 06:52:21.000886,,,,,,,,,
7.331514643738046e-05,0.0019930091220885515,2025-11-22 06:52:21.241430,,,,,,,,,
7.31202817405574e-05,0.0021087494678795338,2025-11-22 06:52:21.495848,,,,,,,,,
7.400033791782334e-05,0.002204807475209236,2025-11-22 06:52:21.751701,,,,,,,,,
7.511609874200076e-05,0.0019353001844137907,2025-11-22 06:52:21.999979,,,,,,,,,
7.714304229011759e-05,0.00188748212531209,2025-11-22 06:52:22.253186,,,,,,,,,
7.913768786238506e-05,0.002055598422884941,2025-11-22 06:52:22.495392,,,,,,,,,
8.24278686195612e-05,0.0021295116748660803,2025-11-22 06:52:22.747560,,,,,,,,,
8.403910760534927e-05,0.0018646314274519682,2025-11-22 06:52:22.995343,,,,,,,,,
8.279699250124395e-05,0.001647000783123076,2025-11-22 06:52:23.244785,,,,,,,,,
8.133132359944284e-05,0.0017043333500623703,2025-11-22 06:52:23.494021,,,,,,,,,
7.91911588748917e-05,0.0015389048494398594,2025-11-22 06:52:23.749269,,,,,,,,,
7.539004582213238e-05,0.0017219566507264972,2025-11-22 06:52:23.992122,,,,,,,,,
7.174009078880772e-05,0.0020301465410739183,2025-11-22 06:52:24.251032,,,,,,,,,
7.091779116308317e-05,0.0019460497424006462,2025-11-22 06:52:24.484292,,,,,,,,,
7.137958164094016e-05,0.0024479832500219345,2025-11-22 06:52:24.734072,,,,,,,,,
7.570646266685799e-05,0.001720563042908907,2025-11-22 06:52:24.982967,,,,,,,,,
7.620415999554098e-05,0.001965575385838747,2025-11-22 06:52:25.238587,,,,,,,,,
8.109388727461919e-05,0.0016330884536728263,2025-11-22 06:52:25.473138,,,,,,,,,
8.370175783056766e-05,0.00171289115678519,2025-11-22 06:52:25.722713,,,,,,,,,
8.364907989744097e-05,0.0019820781890302896,2025-11-22 06:52:25.969649,,,,,,,,,
8.21132052806206e-05,0.001954004867002368,2025-11-22 06:52:26.215627,,,,,,,,,
8.143058948917314e-05,0.00209416844882071,2025-11-22 06:52:26.459382,,,,,,,,,
8.032663754420355e-05,0.0018846853636205196,2025-11-22 06:52:26.708188,,,,,,,,,
7.682125578867272e-05,0.0023188255727291107,2025-11-22 06:52:26.955023,,,,,,,,,
7.589611777802929e-05,0.0018313127802684903,2025-11-22 06:52:27.205620,,,,,,,,,
7.469793490599841e-05,0.0019385390914976597,2025-11-22 06:52:27.451957,,,,,,,,,
7.341187301790342e-05,0.0018122700275853276,2025-11-22 06:52:27.705060,,,,,,,,,
7.305609324248508e-05,0.001793482108041644,2025-11-22 06:52:27.961695,,,,,,,,,
7.280173304025084e-05,0.0016768035711720586,2025-11-22 06:52:28.204516,,,,,,,,,
7.303537131519988e-05,0.0018337900983169675,2025-11-22 06:52:28.441079,,,,,,,,,
7.5670046498999e-05,0.0016184254782274365,2025-11-22 06:52:28.687180,,,,,,,,,
7.845372601877898e-05,0.0022838525474071503,2025-11-22 06:52:28.936542,,,,,,,,,
7.984086551005021e-05,0.0019598654471337795,2025-11-22 06:52:29.178020,,,,,,,,,
7.951618317747489e-05,0.0018905014730989933,2025-11-22 06:52:29.430273,,,,,,,,,
7.860557525418699e-05,0.0017826225375756621,2025-11-22 06:52:29.673296,,,,,,,,,
7.808857480995357e-05,0.0016096229664981365,2025-11-22 06:52:29.919454,,,,,,,,,
7.719622954027727e-05,0.002277848543599248,2025-11-22 06:52:30.169347,,,,,,,,,
7.680772250751033e-05,0.0021218210458755493,2025-11-22 06:52:30.415301,,,,,,,,,
7.57681336835958e-05,0.0024906424805521965,2025-11-22 06:52:30.661510,,,,,,,,,
7.68301761127077e-05,0.00171277008485049,2025-11-22 06:52:30.911053,,,,,,,,,
7.767820352455601e-05,0.0018504561157897115,2025-11-22 06:52:31.150429,,,,,,,,,
7.773618563078344e-05,0.0024602138437330723,2025-11-22 06:52:31.405327,,,,,,,,,
8.102021092781797e-05,0.001909456797875464,2025-11-22 06:52:31.650664,,,,,,,,,
8.263186464319006e-05,0.001631163526326418,2025-11-22 06:52:31.902605,,,,,,,,,
8.187130151782185e-05,0.0019110331777483225,2025-11-22 06:52:32.145148,,,,,,,,,
8.19975248305127e-05,0.001903320662677288,2025-11-22 06:52:32.389493,,,,,,,,,
8.142385195242241e-05,0.0018634370062500238,2025-11-22 06:52:32.639868,,,,,,,,,
7.812115654814988e-05,0.0022523622028529644,2025-11-22 06:52:32.888399,,,,,,,,,
7.710019417572767e-05,0.0018387538148090243,2025-11-22 06:52:33.129613,,,,,,,,,
7.586105493828654e-05,0.00187188561540097,2025-11-22 06:52:33.378354,,,,,,,,,
7.361935422522947e-05,0.0015999855240806937,2025-11-22 06:52:33.626591,,,,,,,,,
7.311993249459192e-05,0.0019291604403406382,2025-11-22 06:52:33.870272,,,,,,,,,
7.535494660260156e-05,0.001887571532279253,2025-11-22 06:52:34.116273,,,,,,,,,
7.57206798880361e-05,0.001946690957993269,2025-11-22 06:52:34.365614,,,,,,,,,
7.305092003662139e-05,0.0023315048310905695,2025-11-22 06:52:34.611487,,,,,,,,,
7.165833812905475e-05,0.0020244652405381203,2025-11-22 06:52:34.860043,,,,,,,,,
7.278034172486514e-05,0.0019268400501459837,2025-11-22 06:52:35.105547,,,,,,,,,
7.451744750142097e-05,0.002431228756904602,2025-11-22 06:52:35.350139,,,,,,,,,
,,2025-11-22 06:52:35.412177,7.77548414892711e-05,0.0019350590777725705,0.000375,,,,,,
,,2025-11-22 06:52:43.240661,,,,27.183870315551758,9.647638320922852,,,,
,,2025-11-22 06:52:43.242594,,,,,,7.712140611077372e-05,0.001946466074934086,27.183870315551758,9.647638320922852
7.712140359217301e-05,0.0017281098989769816,2025-11-22 06:52:47.709995,,,,,,,,,
7.919257768662646e-05,0.002139683347195387,2025-11-22 06:52:47.944752,,,,,,,,,
8.184918988263234e-05,0.002219684887677431,2025-11-22 06:52:48.189435,,,,,,,,,
8.408845314988866e-05,0.0016690725460648537,2025-11-22 06:52:48.434761,,,,,,,,,
8.347233961103484e-05,0.002292420482262969,2025-11-22 06:52:48.705974,,,,,,,,,
8.358469494851306e-05,0.002255731262266636,2025-11-22 06:52:48.936597,,,,,,,,,
8.391991286771372e-05,0.0017055919161066413,2025-11-22 06:52:49.184719,,,,,,,,,
7.884749356890097e-05,0.0020033572800457478,2025-11-22 06:52:49.424890,,,,,,,,,
7.450431439792737e-05,0.0020881511736661196,2025-11-22 06:52:49.673374,,,,,,,,,
7.699380512349308e-05,0.002382724778726697,2025-11-22 06:52:49.917312,,,,,,,,,
8.19597189547494e-05,0.002119421726092696,2025-11-22 06:52:50.162554,,,,,,,,,
8.134442759910598e-05,0.001875337096862495,2025-11-22 06:52:50.411989,,,,,,,,,
7.987264689290896e-05,0.002045287285000086,2025-11-22 06:52:50.673591,,,,,,,,,
8.003284165170044e-05,0.0021045999601483345,2025-11-22 06:52:50.909009,,,,,,,,,
7.959434879012406e-05,0.0021238750778138638,2025-11-22 06:52:51.159121,,,,,,,,,
7.88693578215316e-05,0.001758980448357761,2025-11-22 06:52:51.403191,,,,,,,,,
7.661172276129946e-05,0.0019127392442896962,2025-11-22 06:52:51.656551,,,,,,,,,
7.587105938000605e-05,0.0019122619414702058,2025-11-22 06:52:51.898802,,,,,,,,,
7.563568215118721e-05,0.0018645309610292315,2025-11-22 06:52:52.147285,,,,,,,,,
7.372308755293489e-05,0.0017320862971246243,2025-11-22 06:52:52.392029,,,,,,,,,
7.302006997633725e-05,0.0021074446849524975,2025-11-22 06:52:52.637007,,,,,,,,,
7.569407898699865e-05,0.0017980094999074936,2025-11-22 06:52:52.885939,,,,,,,,,
7.587727304780856e-05,0.002047151792794466,2025-11-22 06:52:53.129745,,,,,,,,,
7.734302198514342e-05,0.0018463295418769121,2025-11-22 06:52:53.384345,,,,,,,,,
7.887927495175973e-05,0.002188826911151409,2025-11-22 06:52:53.627877,,,,,,,,,
8.170906221494079e-05,0.0016715079545974731,2025-11-22 06:52:53.876386,,,,,,,,,
8.069612522376701e-05,0.0018577540758997202,2025-11-22 06:52:54.122240,,,,,,,,,
7.903271762188524e-05,0.0015706473495811224,2025-11-22 06:52:54.371575,,,,,,,,,
7.642668788321316e-05,0.0017151195788756013,2025-11-22 06:52:54.614087,,,,,,,,,
7.547804852947593e-05,0.0018940315349027514,2025-11-22 06:52:54.869525,,,,,,,,,
7.54451539251022e-05,0.0019448278471827507,2025-11-22 06:52:55.112784,,,,,,,,,
7.602343248436227e-05,0.0019197803921997547,2025-11-22 06:52:55.362640,,,,,,,,,
7.512118463637307e-05,0.0020674187690019608,2025-11-22 06:52:55.614660,,,,,,,,,
7.631730841239914e-05,0.0018230024725198746,2025-11-22 06:52:55.854629,,,,,,,,,
7.891401764936745e-05,0.0016156969359144568,2025-11-22 06:52:56.103822,,,,,,,,,
7.820348400855437e-05,0.0019083949737250805,2025-11-22 06:52:56.347900,,,,,,,,,
7.679535337956622e-05,0.0018510051304474473,2025-11-22 06:52:56.593835,,,,,,,,,
7.541759987361729e-05,0.0019797971472144127,2025-11-22 06:52:56.838420,,,,,,,,,
7.535617623943835e-05,0.0017536755185574293,2025-11-22 06:52:57.084614,,,,,,,,,
7.501642539864406e-05,0.002219955902546644,2025-11-22 06:52:57.329653,,,,,,,,,
7.689285121159628e-05,0.002215080661699176,2025-11-22 06:52:57.580780,,,,,,,,,
7.824355998309329e-05,0.0018661953508853912,2025-11-22 06:52:57.822704,,,,,,,,,
7.863764767535031e-05,0.001426449278369546,2025-11-22 06:52:58.073709,,,,,,,,,
7.820855535101146e-05,0.002067383611574769,2025-11-22 06:52:58.326287,,,,,,,,,
7.951715815579519e-05,0.0017031696625053883,2025-11-22 06:52:58.572329,,,,,,,,,
7.921534415800124e-05,0.001931075588800013,2025-11-22 06:52:58.814995,,,,,,,,,
7.74070795159787e-05,0.001750499359332025,2025-11-22 06:52:59.079121,,,,,,,,,
7.602991536259651e-05,0.002128348918631673,2025-11-22 06:52:59.337544,,,,,,,,,
7.631479093106464e-05,0.0017601515864953399,2025-11-22 06:52:59.570824,,,,,,,,,
7.508576527470723e-05,0.0019721919670701027,2025-11-22 06:52:59.819291,,,,,,,,,
7.506976544391364e-05,0.002239931607618928,2025-11-22 06:53:00.079001,,,,,,,,,
7.832578558009118e-05,0.002055346267297864,2025-11-22 06:53:00.318479,,,,,,,,,
8.062866982072592e-05,0.001938304165378213,2025-11-22 06:53:00.564558,,,,,,,,,
7.904393714852631e-05,0.0017912422772496939,2025-11-22 06:53:00.808531,,,,,,,,,
7.918351184343919e-05,0.0020477052312344313,2025-11-22 06:53:01.058041,,,,,,,,,
8.23299924377352e-05,0.001993752783164382,2025-11-22 06:53:01.305708,,,,,,,,,
8.454525232082233e-05,0.0019599159713834524,2025-11-22 06:53:01.553187,,,,,,,,,
8.164483733708039e-05,0.0017838585190474987,2025-11-22 06:53:01.799295,,,,,,,,,
7.765146438032389e-05,0.0021939261350780725,2025-11-22 06:53:02.043952,,,,,,,,,
7.76254091761075e-05,0.002029198920354247,2025-11-22 06:53:02.299518,,,,,,,,,
8.003006951184943e-05,0.0018850453197956085,2025-11-22 06:53:02.546061,,,,,,,,,
7.899688353063539e-05,0.0017992350040003657,2025-11-22 06:53:02.784647,,,,,,,,,
7.621147233294323e-05,0.002039919141680002,2025-11-22 06:53:03.032408,,,,,,,,,
7.67723104218021e-05,0.0023883855901658535,2025-11-22 06:53:03.279205,,,,,,,,,
8.002664253581315e-05,0.00195744214579463,2025-11-22 06:53:03.525634,,,,,,,,,
7.861806807341054e-05,0.0018154485151171684,2025-11-22 06:53:03.770028,,,,,,,,,
7.66619123169221e-05,0.0019950291607528925,2025-11-22 06:53:04.018979,,,,,,,,,
7.711871876381338e-05,0.0022473467979580164,2025-11-22 06:53:04.265098,,,,,,,,,
8.032681216718629e-05,0.0020267670042812824,2025-11-22 06:53:04.512497,,,,,,,,,
7.814969285391271e-05,0.0017882981337606907,2025-11-22 06:53:04.763515,,,,,,,,,
7.612033368786797e-05,0.0018545928178355098,2025-11-22 06:53:05.009968,,,,,,,,,
7.798391015967354e-05,0.0024260561913251877,2025-11-22 06:53:05.266618,,,,,,,,,
8.073758363025263e-05,0.0021686675027012825,2025-11-22 06:53:05.511487,,,,,,,,,
8.037553197937086e-05,0.00200041476637125,2025-11-22 06:53:05.760053,,,,,,,,,
8.061282278504223e-05,0.0018112242687493563,2025-11-22 06:53:06.001975,,,,,,,,,
8.045659342315048e-05,0.0017403305973857641,2025-11-22 06:53:06.260563,,,,,,,,,
8.17009131424129e-05,0.001924961805343628,2025-11-22 06:53:06.496552,,,,,,,,,
8.284311479656026e-05,0.0017427216516807675,2025-11-22 06:53:06.751743,,,,,,,,,
7.979817746672779e-05,0.0026814660523086786,2025-11-22 06:53:07.011811,,,,,,,,,
7.78533867560327e-05,0.0019741118885576725,2025-11-22 06:53:07.238680,,,,,,,,,
7.686363824177533e-05,0.0018677007174119353,2025-11-22 06:53:07.486172,,,,,,,,,
7.673754589632154e-05,0.0017597477417439222,2025-11-22 06:53:07.734574,,,,,,,,,
7.570490561192855e-05,0.0018617612076923251,2025-11-22 06:53:07.981975,,,,,,,,,
7.492156873922795e-05,0.001901584560982883,2025-11-22 06:53:08.228568,,,,,,,,,
7.655945955775678e-05,0.002424857812002301,2025-11-22 06:53:08.473560,,,,,,,,,
7.918799383332953e-05,0.0018310471205040812,2025-11-22 06:53:08.720620,,,,,,,,,
7.861824269639328e-05,0.0016385017661377788,2025-11-22 06:53:08.965460,,,,,,,,,
7.707000622758642e-05,0.0019461873453110456,2025-11-22 06:53:09.217586,,,,,,,,,
7.686088792979717e-05,0.002215818502008915,2025-11-22 06:53:09.463457,,,,,,,,,
7.714703679084778e-05,0.001811166643165052,2025-11-22 06:53:09.712483,,,,,,,,,
7.809822272974998e-05,0.0019191026221960783,2025-11-22 06:53:09.959512,,,,,,,,,
7.582426769658923e-05,0.001701897825114429,2025-11-22 06:53:10.208988,,,,,,,,,
7.512926822528243e-05,0.001883215270936489,2025-11-22 06:53:10.458247,,,,,,,,,
7.846762309782207e-05,0.0022737744729965925,2025-11-22 06:53:10.699385,,,,,,,,,
8.181357407011092e-05,0.0015396390808746219,2025-11-22 06:53:10.946349,,,,,,,,,
7.86197924753651e-05,0.0019600309897214174,2025-11-22 06:53:11.197917,,,,,,,,,
7.501410436816514e-05,0.001759657054208219,2025-11-22 06:53:11.446187,,,,,,,,,
7.359409937635064e-05,0.0022367245983332396,2025-11-22 06:53:11.690056,,,,,,,,,
8.02468421170488e-05,0.0020839045755565166,2025-11-22 06:53:11.954610,,,,,,,,,
8.234893903136253e-05,0.0014168695779517293,2025-11-22 06:53:12.186162,,,,,,,,,
7.970984006533399e-05,0.0017607713816687465,2025-11-22 06:53:12.437471,,,,,,,,,
8.008018630789593e-05,0.0018892521038651466,2025-11-22 06:53:12.682335,,,,,,,,,
8.250723476521671e-05,0.0019533762242645025,2025-11-22 06:53:12.931937,,,,,,,,,
8.223010081565008e-05,0.0016489404952153563,2025-11-22 06:53:13.172965,,,,,,,,,
7.861413905629888e-05,0.002112756483256817,2025-11-22 06:53:13.428701,,,,,,,,,
7.625775469932705e-05,0.0019118000054731965,2025-11-22 06:53:13.675184,,,,,,,,,
7.539896614616737e-05,0.001957736909389496,2025-11-22 06:53:13.931773,,,,,,,,,
7.534505130024627e-05,0.001824868842959404,2025-11-22 06:53:14.182124,,,,,,,,,
7.408587407553568e-05,0.0019688743632286787,2025-11-22 06:53:14.418859,,,,,,,,,
7.47417943784967e-05,0.0019217674853280187,2025-11-22 06:53:14.664772,,,,,,,,,
7.730111246928573e-05,0.002017134102061391,2025-11-22 06:53:14.917493,,,,,,,,,
8.05397066869773e-05,0.0016373848775401711,2025-11-22 06:53:15.158633,,,,,,,,,
8.122441795421764e-05,0.0019811815582215786,2025-11-22 06:53:15.476708,,,,,,,,,
7.752271631034091e-05,0.001731615629978478,2025-11-22 06:53:15.734087,,,,,,,,,
7.51315092202276e-05,0.001912347855977714,2025-11-22 06:53:15.968079,,,,,,,,,
7.662117423024029e-05,0.0014114266959950328,2025-11-22 06:53:16.233178,,,,,,,,,
7.491617725463584e-05,0.0016662976704537868,2025-11-22 06:53:16.463261,,,,,,,,,
7.226227171486244e-05,0.0020001002121716738,2025-11-22 06:53:16.710242,,,,,,,,,
7.099381036823615e-05,0.0017337732715532184,2025-11-22 06:53:16.969298,,,,,,,,,
7.222473504953086e-05,0.0020958660170435905,2025-11-22 06:53:17.222406,,,,,,,,,
7.541832746937871e-05,0.0020406071562319994,2025-11-22 06:53:17.460636,,,,,,,,,
7.750924851279706e-05,0.0016992882592603564,2025-11-22 06:53:17.705215,,,,,,,,,
7.708024349994957e-05,0.0017534486250951886,2025-11-22 06:53:17.950715,,,,,,,,,
7.624553836649284e-05,0.00205131690017879,2025-11-22 06:53:18.200339,,,,,,,,,
7.762375025777146e-05,0.002155486261472106,2025-11-22 06:53:18.448739,,,,,,,,,
8.15289604361169e-05,0.0017167557962238789,2025-11-22 06:53:18.692456,,,,,,,,,
8.254807471530512e-05,0.001795613206923008,2025-11-22 06:53:18.937401,,,,,,,,,
8.086477464530617e-05,0.0016300460556522012,2025-11-22 06:53:19.188527,,,,,,,,,
7.746347546344623e-05,0.002307509072124958,2025-11-22 06:53:19.431469,,,,,,,,,
7.656369416508824e-05,0.0016925674863159657,2025-11-22 06:53:19.687909,,,,,,,,,
7.646686572115868e-05,0.001955232582986355,2025-11-22 06:53:19.942032,,,,,,,,,
7.452231511706486e-05,0.0021038490813225508,2025-11-22 06:53:20.180109,,,,,,,,,
7.318872667383403e-05,0.002027583308517933,2025-11-22 06:53:20.451217,,,,,,,,,
7.397901936201379e-05,0.001955128274857998,2025-11-22 06:53:20.676475,,,,,,,,,
7.66372395446524e-05,0.001699511893093586,2025-11-22 06:53:20.922984,,,,,,,,,
7.792186079313979e-05,0.001764392014592886,2025-11-22 06:53:21.171071,,,,,,,,,
7.921355427242815e-05,0.0018136923899874091,2025-11-22 06:53:21.417392,,,,,,,,,
7.904657832114026e-05,0.0017439406365156174,2025-11-22 06:53:21.663255,,,,,,,,,
7.708981866016984e-05,0.0021858743857592344,2025-11-22 06:53:21.920020,,,,,,,,,
7.412653940264136e-05,0.0015416338574141264,2025-11-22 06:53:22.175053,,,,,,,,,
7.139497756725177e-05,0.0021039233542978764,2025-11-22 06:53:22.405864,,,,,,,,,
7.088096754159778e-05,0.002014064695686102,2025-11-22 06:53:22.653764,,,,,,,,,
7.10456952219829e-05,0.0018127172952517867,2025-11-22 06:53:22.899704,,,,,,,,,
7.122640818124637e-05,0.0016297100810334086,2025-11-22 06:53:23.148459,,,,,,,,,
,,2025-11-22 06:53:23.222357,7.772899349826427e-05,0.0019249970290628779,0.000375,,,,,,
,,2025-11-22 06:53:32.113847,,,,27.53285789489746,9.554076194763184,,,,
,,2025-11-22 06:53:32.115477,,,,,,7.11666059662373e-05,0.0019908151678884258,27.53285789489746,9.554076194763184
7.11666070856154e-05,0.0018938855500891805,2025-11-22 06:53:37.126861,,,,,,,,,
7.784190529491752e-05,0.0017913853516802192,2025-11-22 06:53:37.377837,,,,,,,,,
8.008429722394794e-05,0.002111997688189149,2025-11-22 06:53:37.614044,,,,,,,,,
8.035402424866334e-05,0.001835989416576922,2025-11-22 06:53:37.858647,,,,,,,,,
8.029791206354275e-05,0.0021700714714825153,2025-11-22 06:53:38.107402,,,,,,,,,
8.043809066293761e-05,0.002065232489258051,2025-11-22 06:53:38.352233,,,,,,,,,
8.068333409028128e-05,0.00212140497751534,2025-11-22 06:53:38.599705,,,,,,,,,
8.09467674116604e-05,0.002012417418882251,2025-11-22 06:53:38.844313,,,,,,,,,
8.118111873045564e-05,0.0018356364453211427,2025-11-22 06:53:39.089458,,,,,,,,,
7.981657836353406e-05,0.0016808139625936747,2025-11-22 06:53:39.344250,,,,,,,,,
7.74540749262087e-05,0.0017314623109996319,2025-11-22 06:53:39.587121,,,,,,,,,
7.54997818148695e-05,0.0018436231184750795,2025-11-22 06:53:39.833437,,,,,,,,,
7.409910904243588e-05,0.002136917319148779,2025-11-22 06:53:40.078464,,,,,,,,,
7.47574886190705e-05,0.0013915639137849212,2025-11-22 06:53:40.323655,,,,,,,,,
7.458682375727221e-05,0.0020856421906501055,2025-11-22 06:53:40.571059,,,,,,,,,
7.493096927646548e-05,0.0017367472173646092,2025-11-22 06:53:40.816961,,,,,,,,,
7.515666948165745e-05,0.0020275141578167677,2025-11-22 06:53:41.072279,,,,,,,,,
7.607719453517348e-05,0.0015912419185042381,2025-11-22 06:53:41.309925,,,,,,,,,
7.694048690609634e-05,0.0019751526415348053,2025-11-22 06:53:41.557984,,,,,,,,,
7.807729707565159e-05,0.001799282617866993,2025-11-22 06:53:41.804713,,,,,,,,,
7.887464016675949e-05,0.0017161803552880883,2025-11-22 06:53:42.052014,,,,,,,,,
7.862654456403106e-05,0.0018511853413656354,2025-11-22 06:53:42.292454,,,,,,,,,
7.806131907273084e-05,0.001567808329127729,2025-11-22 06:53:42.543116,,,,,,,,,
7.671477942494676e-05,0.0020837155170738697,2025-11-22 06:53:42.784414,,,,,,,,,
7.599079981446266e-05,0.0018434125231578946,2025-11-22 06:53:43.028473,,,,,,,,,
7.588776497868821e-05,0.0022610838059335947,2025-11-22 06:53:43.274426,,,,,,,,,
7.590655150124803e-05,0.0023787645623087883,2025-11-22 06:53:43.525043,,,,,,,,,
7.637427188456059e-05,0.002365126507356763,2025-11-22 06:53:43.763483,,,,,,,,,
7.727882621111348e-05,0.0017891539027914405,2025-11-22 06:53:44.018832,,,,,,,,,
7.872891728766263e-05,0.0015804264694452286,2025-11-22 06:53:44.268739,,,,,,,,,
7.923569501144812e-05,0.0020464169792830944,2025-11-22 06:53:44.510523,,,,,,,,,
7.90903068264015e-05,0.0022091150749474764,2025-11-22 06:53:44.748818,,,,,,,,,
7.946063851704821e-05,0.0021549835801124573,2025-11-22 06:53:44.998471,,,,,,,,,
7.95050582382828e-05,0.001728917588479817,2025-11-22 06:53:45.239332,,,,,,,,,
7.877780444687232e-05,0.0020048609003424644,2025-11-22 06:53:45.487436,,,,,,,,,
7.80548361944966e-05,0.0018485111650079489,2025-11-22 06:53:45.739365,,,,,,,,,
7.701353024458513e-05,0.0019526192918419838,2025-11-22 06:53:45.985795,,,,,,,,,
7.60878756409511e-05,0.0017597086261957884,2025-11-22 06:53:46.233306,,,,,,,,,
7.444911898346618e-05,0.0019541969522833824,2025-11-22 06:53:46.477807,,,,,,,,,
7.359131268458441e-05,0.002039774553850293,2025-11-22 06:53:46.725786,,,,,,,,,
7.348964572884142e-05,0.0018428530311211944,2025-11-22 06:53:46.972509,,,,,,,,,
7.424114301102236e-05,0.001761706662364304,2025-11-22 06:53:47.222488,,,,,,,,,
7.416259904857725e-05,0.001768838381394744,2025-11-22 06:53:47.465108,,,,,,,,,
7.38585731596686e-05,0.0018725660629570484,2025-11-22 06:53:47.711524,,,,,,,,,
7.447082316502929e-05,0.001672708080150187,2025-11-22 06:53:47.956935,,,,,,,,,
7.521457882830873e-05,0.002086843829602003,2025-11-22 06:53:48.213108,,,,,,,,,
7.605220889672637e-05,0.00193693651817739,2025-11-22 06:53:48.459491,,,,,,,,,
7.735053804935887e-05,0.0021161979530006647,2025-11-22 06:53:48.699366,,,,,,,,,
7.888422260293737e-05,0.0019188898149877787,2025-11-22 06:53:48.950685,,,,,,,,,
8.06117823231034e-05,0.0016379059525206685,2025-11-22 06:53:49.190826,,,,,,,,,
8.067766611929983e-05,0.002153459470719099,2025-11-22 06:53:49.439649,,,,,,,,,
8.01102360128425e-05,0.0019255357328802347,2025-11-22 06:53:49.683806,,,,,,,,,
7.871534035075456e-05,0.0017313683638349175,2025-11-22 06:53:49.936351,,,,,,,,,
7.688346522627398e-05,0.0016680569387972355,2025-11-22 06:53:50.177219,,,,,,,,,
7.551532326033339e-05,0.002031930023804307,2025-11-22 06:53:50.443338,,,,,,,,,
7.549226575065404e-05,0.0022996789775788784,2025-11-22 06:53:50.680408,,,,,,,,,
7.745085895294324e-05,0.001975690945982933,2025-11-22 06:53:50.920955,,,,,,,,,
7.806203211657703e-05,0.0019448393722996116,2025-11-22 06:53:51.174572,,,,,,,,,
7.82204806455411e-05,0.0020268040243536234,2025-11-22 06:53:51.414964,,,,,,,,,
7.850322435842827e-05,0.002033654134720564,2025-11-22 06:53:51.660285,,,,,,,,,
7.863867358537391e-05,0.0017949864268302917,2025-11-22 06:53:51.906626,,,,,,,,,
7.87171593401581e-05,0.001721488661132753,2025-11-22 06:53:52.153334,,,,,,,,,
7.839188037905842e-05,0.0020062648691236973,2025-11-22 06:53:52.400398,,,,,,,,,
7.799993181833997e-05,0.0016374083934351802,2025-11-22 06:53:52.652035,,,,,,,,,
7.787194772390649e-05,0.0021387177985161543,2025-11-22 06:53:52.891997,,,,,,,,,
7.824708882253617e-05,0.0017315599834546447,2025-11-22 06:53:53.144262,,,,,,,,,
7.752787496428937e-05,0.0018156905425712466,2025-11-22 06:53:53.410858,,,,,,,,,
7.629713218193501e-05,0.0019443108467385173,2025-11-22 06:53:53.657918,,,,,,,,,
7.524291868321598e-05,0.0019650438334792852,2025-11-22 06:53:53.895504,,,,,,,,,
7.533476309617981e-05,0.001521913567557931,2025-11-22 06:53:54.138591,,,,,,,,,
7.516619371017441e-05,0.0016451793489977717,2025-11-22 06:53:54.389811,,,,,,,,,
7.519038626924157e-05,0.0018534997943788767,2025-11-22 06:53:54.637218,,,,,,,,,
7.51611587475054e-05,0.0018404248403385282,2025-11-22 06:53:54.881490,,,,,,,,,
7.526691479142755e-05,0.001871053478680551,2025-11-22 06:53:55.142134,,,,,,,,,
7.440926128765568e-05,0.0017890239832922816,2025-11-22 06:53:55.378353,,,,,,,,,
7.387650839518756e-05,0.0017971823690459132,2025-11-22 06:53:55.624065,,,,,,,,,
7.421373447868973e-05,0.0021628118120133877,2025-11-22 06:53:55.873338,,,,,,,,,
7.573574839625508e-05,0.001747576636262238,2025-11-22 06:53:56.114868,,,,,,,,,
7.623029523529112e-05,0.0020343419164419174,2025-11-22 06:53:56.363630,,,,,,,,,
7.689114136155695e-05,0.0017834313912317157,2025-11-22 06:53:56.616648,,,,,,,,,
7.662853022338822e-05,0.0016906054224818945,2025-11-22 06:53:56.883446,,,,,,,,,
7.601519610034302e-05,0.0016392329707741737,2025-11-22 06:53:57.121226,,,,,,,,,
7.580979581689462e-05,0.0017198130954056978,2025-11-22 06:53:57.383155,,,,,,,,,
7.633223140146583e-05,0.0019650019239634275,2025-11-22 06:53:57.612787,,,,,,,,,
7.829452806618065e-05,0.0020579537376761436,2025-11-22 06:53:57.877876,,,,,,,,,
7.963008101796731e-05,0.001885990030132234,2025-11-22 06:53:58.107148,,,,,,,,,
7.959835056681186e-05,0.0017574528465047479,2025-11-22 06:53:58.355226,,,,,,,,,
7.961261144373566e-05,0.0019973989110440016,2025-11-22 06:53:58.599928,,,,,,,,,
7.920368807390332e-05,0.001900834497064352,2025-11-22 06:53:58.849210,,,,,,,,,
7.893843576312065e-05,0.0016682741697877645,2025-11-22 06:53:59.096143,,,,,,,,,
7.740801083855331e-05,0.0020458705257624388,2025-11-22 06:53:59.359446,,,,,,,,,
7.65990189393051e-05,0.0018763422267511487,2025-11-22 06:53:59.586970,,,,,,,,,
7.550603186246008e-05,0.001566440798342228,2025-11-22 06:53:59.837287,,,,,,,,,
7.423559145536274e-05,0.0018338506342843175,2025-11-22 06:54:00.084309,,,,,,,,,
7.327818457270041e-05,0.0017032421892508864,2025-11-22 06:54:00.330194,,,,,,,,,
7.216944504762068e-05,0.001957543659955263,2025-11-22 06:54:00.575820,,,,,,,,,
7.190395990619436e-05,0.002275587059557438,2025-11-22 06:54:00.825590,,,,,,,,,
7.207914313767105e-05,0.002070075599476695,2025-11-22 06:54:01.071320,,,,,,,,,
7.257652032421902e-05,0.001844455604441464,2025-11-22 06:54:01.320323,,,,,,,,,
7.415141590172425e-05,0.0015740003436803818,2025-11-22 06:54:01.565513,,,,,,,,,
7.504245877498761e-05,0.0020652469247579575,2025-11-22 06:54:01.810898,,,,,,,,,
7.613508932990953e-05,0.0020625488832592964,2025-11-22 06:54:02.066728,,,,,,,,,
7.682562136324123e-05,0.0015761646209284663,2025-11-22 06:54:02.310281,,,,,,,,,
7.724254101049155e-05,0.0020676462445408106,2025-11-22 06:54:02.555596,,,,,,,,,
7.818153972038999e-05,0.0016741030849516392,2025-11-22 06:54:02.804451,,,,,,,,,
7.912480941740796e-05,0.0020218363497406244,2025-11-22 06:54:03.046341,,,,,,,,,
7.927208935143426e-05,0.0021101024467498064,2025-11-22 06:54:03.292388,,,,,,,,,
7.921463111415505e-05,0.0020877595525234938,2025-11-22 06:54:03.545072,,,,,,,,,
7.938320777611807e-05,0.002003540750592947,2025-11-22 06:54:03.787426,,,,,,,,,
7.902764627942815e-05,0.002079238183796406,2025-11-22 06:54:04.039725,,,,,,,,,
7.922589429654181e-05,0.0020427913405001163,2025-11-22 06:54:04.282420,,,,,,,,,
7.959562935866416e-05,0.002153613604605198,2025-11-22 06:54:04.532230,,,,,,,,,
7.969905709614977e-05,0.0017777637112885714,2025-11-22 06:54:04.789627,,,,,,,,,
7.877688040025532e-05,0.0018180073238909245,2025-11-22 06:54:05.036473,,,,,,,,,
7.832759729353711e-05,0.0020622273441404104,2025-11-22 06:54:05.271877,,,,,,,,,
7.8001176007092e-05,0.001935425098054111,2025-11-22 06:54:05.519008,,,,,,,,,
7.786033529555425e-05,0.0018615981098264456,2025-11-22 06:54:05.769100,,,,,,,,,
7.708332123002037e-05,0.0017930468311533332,2025-11-22 06:54:06.029783,,,,,,,,,
7.664204895263538e-05,0.0018520193407312036,2025-11-22 06:54:06.260340,,,,,,,,,
7.588361768284813e-05,0.002286413684487343,2025-11-22 06:54:06.519260,,,,,,,,,
7.504182576667517e-05,0.0017694433918222785,2025-11-22 06:54:06.759103,,,,,,,,,
7.507623377023265e-05,0.0016852349508553743,2025-11-22 06:54:07.004987,,,,,,,,,
7.499208732042462e-05,0.0017860066145658493,2025-11-22 06:54:07.255885,,,,,,,,,
7.50052131479606e-05,0.0019275794038549066,2025-11-22 06:54:07.499193,,,,,,,,,
7.509772694902495e-05,0.002136864233762026,2025-11-22 06:54:07.758270,,,,,,,,,
7.57694651838392e-05,0.001959884539246559,2025-11-22 06:54:07.990407,,,,,,,,,
7.658667163923383e-05,0.0020027554128319025,2025-11-22 06:54:08.242222,,,,,,,,,
7.726078183623031e-05,0.0018502973252907395,2025-11-22 06:54:08.488474,,,,,,,,,
7.857676246203482e-05,0.0018050306243821979,2025-11-22 06:54:08.732043,,,,,,,,,
7.812492549419403e-05,0.001728049130178988,2025-11-22 06:54:08.974662,,,,,,,,,
7.777284918120131e-05,0.001977654406800866,2025-11-22 06:54:09.227639,,,,,,,,,
7.760737207718194e-05,0.0018925978802144527,2025-11-22 06:54:09.484288,,,,,,,,,
7.65630102250725e-05,0.0018375871004536748,2025-11-22 06:54:09.719397,,,,,,,,,
7.543156243627891e-05,0.0017629294889047742,2025-11-22 06:54:09.968452,,,,,,,,,
7.440157060045749e-05,0.0016917675966396928,2025-11-22 06:54:10.213785,,,,,,,,,
7.362248288700357e-05,0.001738770748488605,2025-11-22 06:54:10.462135,,,,,,,,,
7.28036611690186e-05,0.0019851482938975096,2025-11-22 06:54:10.706496,,,,,,,,,
7.290247594937682e-05,0.0018061049049720168,2025-11-22 06:54:10.954564,,,,,,,,,
7.237826503114775e-05,0.0019404982449486852,2025-11-22 06:54:11.201803,,,,,,,,,
7.224325236165896e-05,0.002093696966767311,2025-11-22 06:54:11.451042,,,,,,,,,
7.270185597008094e-05,0.0016573651228100061,2025-11-22 06:54:11.703719,,,,,,,,,
7.311075751204044e-05,0.0019852002151310444,2025-11-22 06:54:11.955953,,,,,,,,,
7.395482680294663e-05,0.0017555550439283252,2025-11-22 06:54:12.201306,,,,,,,,,
7.453754369635135e-05,0.0017039533704519272,2025-11-22 06:54:12.445632,,,,,,,,,
,,2025-11-22 06:54:12.567435,7.669831933930659e-05,0.0018959955115052354,0.000375,,,,,,
,,2025-11-22 06:54:21.421352,,,,27.343061447143555,9.716362953186035,,,,
,,2025-11-22 06:54:21.424564,,,,,,7.43457071971184e-05,0.001917048661897962,27.343061447143555,9.716362953186035
7.434570579789579e-05,0.0016086963005363941,2025-11-22 06:54:26.121958,,,,,,,,,
7.445129449479282e-05,0.0019300358835607767,2025-11-22 06:54:26.363801,,,,,,,,,
7.535902841482311e-05,0.001669916557148099,2025-11-22 06:54:26.620176,,,,,,,,,
7.598842785228044e-05,0.0018042682204395533,2025-11-22 06:54:26.862943,,,,,,,,,
7.627574086654931e-05,0.0018777684308588505,2025-11-22 06:54:27.118828,,,,,,,,,
7.547767017967999e-05,0.0018461835570633411,2025-11-22 06:54:27.357778,,,,,,,,,
7.424525392707437e-05,0.0019521890208125114,2025-11-22 06:54:27.636594,,,,,,,,,
7.454084698110819e-05,0.0018282667733728886,2025-11-22 06:54:27.858361,,,,,,,,,
7.550536975031719e-05,0.0016911664279177785,2025-11-22 06:54:28.099691,,,,,,,,,
7.608234591316432e-05,0.0021808615420013666,2025-11-22 06:54:28.343751,,,,,,,,,
7.606585131725296e-05,0.001643452444113791,2025-11-22 06:54:28.600597,,,,,,,,,
7.528965215897188e-05,0.0018733810866251588,2025-11-22 06:54:28.845892,,,,,,,,,
7.467035175068304e-05,0.0017477263463661075,2025-11-22 06:54:29.083447,,,,,,,,,
7.389739766949788e-05,0.0019440342439338565,2025-11-22 06:54:29.325259,,,,,,,,,
7.389271195279434e-05,0.0019056424498558044,2025-11-22 06:54:29.572998,,,,,,,,,
7.388314406853169e-05,0.0014737590681761503,2025-11-22 06:54:29.830421,,,,,,,,,
7.343960896832868e-05,0.002043432556092739,2025-11-22 06:54:30.068677,,,,,,,,,
7.409463432850316e-05,0.0016150318551808596,2025-11-22 06:54:30.345057,,,,,,,,,
7.454686419805512e-05,0.0018525944324210286,2025-11-22 06:54:30.566273,,,,,,,,,
7.458755862899125e-05,0.00195327284745872,2025-11-22 06:54:30.807320,,,,,,,,,
7.46937221265398e-05,0.001846480299718678,2025-11-22 06:54:31.056355,,,,,,,,,
7.495741010643542e-05,0.002102983184158802,2025-11-22 06:54:31.299671,,,,,,,,,
7.597336662001908e-05,0.0015488914214074612,2025-11-22 06:54:31.546836,,,,,,,,,
7.662281859666109e-05,0.0020008287392556667,2025-11-22 06:54:31.790811,,,,,,,,,
7.762139284750447e-05,0.0020267274230718613,2025-11-22 06:54:32.032533,,,,,,,,,
7.758957508485764e-05,0.001967903459444642,2025-11-22 06:54:32.278190,,,,,,,,,
7.768678915454075e-05,0.0018120644381269813,2025-11-22 06:54:32.535912,,,,,,,,,
7.667505269637331e-05,0.0020302911289036274,2025-11-22 06:54:32.769351,,,,,,,,,
7.619814277859405e-05,0.001972600119188428,2025-11-22 06:54:33.014348,,,,,,,,,
7.624714635312557e-05,0.002164662117138505,2025-11-22 06:54:33.263377,,,,,,,,,
7.777217251714319e-05,0.0020875525660812855,2025-11-22 06:54:33.506992,,,,,,,,,
7.839517638785765e-05,0.001845663646236062,2025-11-22 06:54:33.754916,,,,,,,,,
7.802758773323148e-05,0.002085853600874543,2025-11-22 06:54:33.998681,,,,,,,,,
7.74434010963887e-05,0.0018883622251451015,2025-11-22 06:54:34.241201,,,,,,,,,
7.673307118238881e-05,0.0022786285262554884,2025-11-22 06:54:34.485906,,,,,,,,,
7.60413968237117e-05,0.00189166609197855,2025-11-22 06:54:34.732132,,,,,,,,,
7.503833330702037e-05,0.002035293262451887,2025-11-22 06:54:34.995162,,,,,,,,,
7.385425124084577e-05,0.001860043266788125,2025-11-22 06:54:35.227260,,,,,,,,,
7.29184685042128e-05,0.00199569808319211,2025-11-22 06:54:35.482111,,,,,,,,,
7.222556450869888e-05,0.0015915189869701862,2025-11-22 06:54:35.766076,,,,,,,,,
7.188275048974901e-05,0.0017390171997249126,2025-11-22 06:54:35.973207,,,,,,,,,
7.157462823670357e-05,0.0016770988004282117,2025-11-22 06:54:36.217755,,,,,,,,,
7.116371853044257e-05,0.0021202804055064917,2025-11-22 06:54:36.473155,,,,,,,,,
7.240293052745983e-05,0.0017134022200480103,2025-11-22 06:54:36.711841,,,,,,,,,
7.356626883847639e-05,0.0018579255556687713,2025-11-22 06:54:36.953613,,,,,,,,,
7.49701212043874e-05,0.00235873949714005,2025-11-22 06:54:37.200734,,,,,,,,,
7.626929436810315e-05,0.0016517853364348412,2025-11-22 06:54:37.443472,,,,,,,,,
7.699445268372074e-05,0.0016922528157010674,2025-11-22 06:54:37.689394,,,,,,,,,
7.724426541244611e-05,0.0021466757170856,2025-11-22 06:54:37.938673,,,,,,,,,
7.773224206175655e-05,0.0016077500768005848,2025-11-22 06:54:38.181414,,,,,,,,,
7.72357452660799e-05,0.0020478807855397463,2025-11-22 06:54:38.439096,,,,,,,,,
7.643171556992456e-05,0.0022789069917052984,2025-11-22 06:54:38.677200,,,,,,,,,
7.630660547874868e-05,0.0016608453588560224,2025-11-22 06:54:38.927057,,,,,,,,,
7.534222822869197e-05,0.0018916659755632281,2025-11-22 06:54:39.179016,,,,,,,,,
7.447058305842802e-05,0.0017729973187670112,2025-11-22 06:54:39.418043,,,,,,,,,
7.363971235463396e-05,0.002122394973412156,2025-11-22 06:54:39.664249,,,,,,,,,
7.441241905326024e-05,0.001888749306090176,2025-11-22 06:54:39.914445,,,,,,,,,
7.543667743448168e-05,0.0015944958431646228,2025-11-22 06:54:40.159502,,,,,,,,,
7.641904812771827e-05,0.0018633161671459675,2025-11-22 06:54:40.411531,,,,,,,,,
7.61752889957279e-05,0.002104027196764946,2025-11-22 06:54:40.650865,,,,,,,,,
7.577029464300722e-05,0.0019405328202992678,2025-11-22 06:54:40.896193,,,,,,,,,
7.608207670273259e-05,0.002285707276314497,2025-11-22 06:54:41.142057,,,,,,,,,
7.659874972887337e-05,0.0016154530458152294,2025-11-22 06:54:41.389950,,,,,,,,,
7.627576997037977e-05,0.0018607666715979576,2025-11-22 06:54:41.635313,,,,,,,,,
7.619033567607403e-05,0.0018467988120391965,2025-11-22 06:54:41.889373,,,,,,,,,
7.702605216763914e-05,0.0016822225879877806,2025-11-22 06:54:42.141382,,,,,,,,,
7.69810940255411e-05,0.0017903201514855027,2025-11-22 06:54:42.376861,,,,,,,,,
7.612215267727152e-05,0.0017640022560954094,2025-11-22 06:54:42.625296,,,,,,,,,
7.54536158638075e-05,0.0017413676250725985,2025-11-22 06:54:42.875496,,,,,,,,,
7.460009510396048e-05,0.0018418020335957408,2025-11-22 06:54:43.235707,,,,,,,,,
7.524106331402436e-05,0.0019293344812467694,2025-11-22 06:54:43.484516,,,,,,,,,
7.663112774025649e-05,0.0019695137161761522,2025-11-22 06:54:43.726385,,,,,,,,,
7.870831905165687e-05,0.001863899640738964,2025-11-22 06:54:43.968393,,,,,,,,,
7.994625048013404e-05,0.001884613884612918,2025-11-22 06:54:44.215972,,,,,,,,,
8.092047937680036e-05,0.0016229196917265654,2025-11-22 06:54:44.474450,,,,,,,,,
8.151227666530758e-05,0.0019208581652492285,2025-11-22 06:54:44.711664,,,,,,,,,
8.167605847120285e-05,0.001875140005722642,2025-11-22 06:54:44.961214,,,,,,,,,
8.11265708762221e-05,0.002185835037380457,2025-11-22 06:54:45.220137,,,,,,,,,
8.062231063377112e-05,0.0019205879652872682,2025-11-22 06:54:45.454092,,,,,,,,,
7.917301263660192e-05,0.0018578467424958944,2025-11-22 06:54:45.694157,,,,,,,,,
7.684532465646043e-05,0.0017708259401842952,2025-11-22 06:54:45.940024,,,,,,,,,
7.50220351619646e-05,0.0017753212014213204,2025-11-22 06:54:46.191741,,,,,,,,,
7.40692630643025e-05,0.0019023549975827336,2025-11-22 06:54:46.431400,,,,,,,,,
7.404158532153815e-05,0.0016284965677186847,2025-11-22 06:54:46.677061,,,,,,,,,
7.303169695660472e-05,0.0015297356294468045,2025-11-22 06:54:46.922927,,,,,,,,,
7.178551459219307e-05,0.0019648605957627296,2025-11-22 06:54:47.179489,,,,,,,,,
7.159674714785069e-05,0.0022777949925512075,2025-11-22 06:54:47.426991,,,,,,,,,
7.349473162321374e-05,0.002194967120885849,2025-11-22 06:54:47.671410,,,,,,,,,
7.530713628511876e-05,0.002486694138497114,2025-11-22 06:54:47.916575,,,,,,,,,
7.671284402022138e-05,0.001971993362531066,2025-11-22 06:54:48.168067,,,,,,,,,
7.764162728562951e-05,0.0019557341001927853,2025-11-22 06:54:48.412204,,,,,,,,,
7.896556053310633e-05,0.0017841298831626773,2025-11-22 06:54:48.653343,,,,,,,,,
8.010382589418441e-05,0.0017512249760329723,2025-11-22 06:54:48.901781,,,,,,,,,
8.037409861572087e-05,0.0022589911241084337,2025-11-22 06:54:49.146501,,,,,,,,,
8.150061330525205e-05,0.0021307463757693768,2025-11-22 06:54:49.404826,,,,,,,,,
8.179712312994525e-05,0.0017956210067495704,2025-11-22 06:54:49.649071,,,,,,,,,
8.141573198372498e-05,0.0015182096976786852,2025-11-22 06:54:49.899645,,,,,,,,,
7.992477912921458e-05,0.0012434071395546198,2025-11-22 06:54:50.142778,,,,,,,,,
7.809109229128808e-05,0.001650210120715201,2025-11-22 06:54:50.390991,,,,,,,,,
7.703584560658783e-05,0.0017329987604171038,2025-11-22 06:54:50.643290,,,,,,,,,
7.604208803968504e-05,0.002102792263031006,2025-11-22 06:54:50.886264,,,,,,,,,
7.581443060189486e-05,0.0020237609278410673,2025-11-22 06:54:51.142198,,,,,,,,,
7.509098941227421e-05,0.001450053066946566,2025-11-22 06:54:51.380915,,,,,,,,,
7.34282293706201e-05,0.0018765432760119438,2025-11-22 06:54:51.631058,,,,,,,,,
7.236791134346277e-05,0.001542715704999864,2025-11-22 06:54:51.887743,,,,,,,,,
7.174580241553485e-05,0.0017265431815758348,2025-11-22 06:54:52.153687,,,,,,,,,
7.239170372486115e-05,0.002282216213643551,2025-11-22 06:54:52.384386,,,,,,,,,
7.357454160228372e-05,0.0018288327846676111,2025-11-22 06:54:52.622389,,,,,,,,,
7.436916348524392e-05,0.0018225907115265727,2025-11-22 06:54:52.877120,,,,,,,,,
7.573588663944975e-05,0.001987888477742672,2025-11-22 06:54:53.120327,,,,,,,,,
7.731212099315599e-05,0.002096008276566863,2025-11-22 06:54:53.364698,,,,,,,,,
8.006179268704727e-05,0.0018615631852298975,2025-11-22 06:54:53.614448,,,,,,,,,
8.122232975438237e-05,0.0017636370612308383,2025-11-22 06:54:53.860357,,,,,,,,,
8.138638077070937e-05,0.0018058851128444076,2025-11-22 06:54:54.106709,,,,,,,,,
8.138618431985378e-05,0.0018394707003608346,2025-11-22 06:54:54.352851,,,,,,,,,
8.235700806835666e-05,0.0017273665871471167,2025-11-22 06:54:54.599418,,,,,,,,,
8.206324127968401e-05,0.0017551527125760913,2025-11-22 06:54:54.857187,,,,,,,,,
8.062936831265688e-05,0.002041055355221033,2025-11-22 06:54:55.093283,,,,,,,,,
7.934599125292152e-05,0.001738444552756846,2025-11-22 06:54:55.340116,,,,,,,,,
7.722808368271217e-05,0.002368304179981351,2025-11-22 06:54:55.598623,,,,,,,,,
7.6158314186614e-05,0.0019098403863608837,2025-11-22 06:54:55.834231,,,,,,,,,
7.537044439231977e-05,0.0018971735844388604,2025-11-22 06:54:56.086601,,,,,,,,,
7.506119436584413e-05,0.002156947273761034,2025-11-22 06:54:56.328668,,,,,,,,,
7.51976331230253e-05,0.001869582338258624,2025-11-22 06:54:56.578127,,,,,,,,,
7.584132254123688e-05,0.0017658075084909797,2025-11-22 06:54:56.827231,,,,,,,,,
7.57917296141386e-05,0.002109880093485117,2025-11-22 06:54:57.080532,,,,,,,,,
7.705258030910045e-05,0.0020426507107913494,2025-11-22 06:54:57.321178,,,,,,,,,
7.838903547963127e-05,0.0019233683124184608,2025-11-22 06:54:57.565463,,,,,,,,,
7.963753159856424e-05,0.0019186293939128518,2025-11-22 06:54:57.829200,,,,,,,,,
7.978617213666439e-05,0.0018845677841454744,2025-11-22 06:54:58.069158,,,,,,,,,
7.971604645717889e-05,0.0016194843919947743,2025-11-22 06:54:58.306524,,,,,,,,,
7.941696094349027e-05,0.001833797083236277,2025-11-22 06:54:58.555237,,,,,,,,,
7.852326962165534e-05,0.002223252085968852,2025-11-22 06:54:58.816971,,,,,,,,,
7.818822632543743e-05,0.0018306027632206678,2025-11-22 06:54:59.061700,,,,,,,,,
7.713929517194629e-05,0.0017259594751521945,2025-11-22 06:54:59.301351,,,,,,,,,
7.54360735299997e-05,0.002074766904115677,2025-11-22 06:54:59.551490,,,,,,,,,
7.49627870391123e-05,0.0018689747666940093,2025-11-22 06:54:59.802763,,,,,,,,,
7.4176219641231e-05,0.0019832151010632515,2025-11-22 06:55:00.052456,,,,,,,,,
7.443298818543553e-05,0.002472297055646777,2025-11-22 06:55:00.291764,,,,,,,,,
7.547785207862034e-05,0.0016171227907761931,2025-11-22 06:55:00.539694,,,,,,,,,
7.558729703305289e-05,0.0016637153457850218,2025-11-22 06:55:00.784377,,,,,,,,,
7.50578474253416e-05,0.0019027049420401454,2025-11-22 06:55:01.031712,,,,,,,,,
7.458993786713108e-05,0.00149364466778934,2025-11-22 06:55:01.288196,,,,,,,,,
7.349089719355106e-05,0.0019879343453794718,2025-11-22 06:55:01.541742,,,,,,,,,
,,2025-11-22 06:55:01.628488,7.633663042522837e-05,0.001884765166323632,0.0001875,,,,,,
,,2025-11-22 06:55:10.463836,,,,27.37688446044922,9.698582649230957,,,,
,,2025-11-22 06:55:10.465542,,,,,,7.376895938740255e-05,0.0019243372819171501,27.37688446044922,9.698582649230957
7.37689551897347e-05,0.001792534370906651,2025-11-22 06:55:14.829329,,,,,,,,,
7.425400690408424e-05,0.002144833095371723,2025-11-22 06:55:15.071096,,,,,,,,,
7.728383206995204e-05,0.0018638318870216608,2025-11-22 06:55:15.313970,,,,,,,,,
7.934658060548827e-05,0.0021412961650639772,2025-11-22 06:55:15.560367,,,,,,,,,
8.01343412604183e-05,0.0016453595599159598,2025-11-22 06:55:15.809415,,,,,,,,,
7.939783245092258e-05,0.001838993513956666,2025-11-22 06:55:16.052835,,,,,,,,,
7.86097880336456e-05,0.0018831104971468449,2025-11-22 06:55:16.298348,,,,,,,,,
7.880958582973108e-05,0.0019250643672421575,2025-11-22 06:55:16.543032,,,,,,,,,
7.95357336755842e-05,0.0017528558382764459,2025-11-22 06:55:16.786936,,,,,,,,,
7.901214121375233e-05,0.0018329409649595618,2025-11-22 06:55:17.033752,,,,,,,,,
7.77014356572181e-05,0.001866087899543345,2025-11-22 06:55:17.282846,,,,,,,,,
7.695259409956634e-05,0.001680108718574047,2025-11-22 06:55:17.527373,,,,,,,,,
7.536321936640888e-05,0.001598220900632441,2025-11-22 06:55:17.771019,,,,,,,,,
7.480532076442614e-05,0.001802721875719726,2025-11-22 06:55:18.014476,,,,,,,,,
7.472082506865263e-05,0.0019823438487946987,2025-11-22 06:55:18.275813,,,,,,,,,
7.571675087092444e-05,0.0015813595382496715,2025-11-22 06:55:18.513429,,,,,,,,,
7.604774145875126e-05,0.001967847812920809,2025-11-22 06:55:18.759599,,,,,,,,,
7.600830576848239e-05,0.0014303447678685188,2025-11-22 06:55:19.001971,,,,,,,,,
7.508115959353745e-05,0.0018860938725993037,2025-11-22 06:55:19.261211,,,,,,,,,
7.462259964086115e-05,0.0017937434604391456,2025-11-22 06:55:19.509976,,,,,,,,,
7.489656854886562e-05,0.0019030006369575858,2025-11-22 06:55:19.742931,,,,,,,,,
7.512211595894769e-05,0.001823563128709793,2025-11-22 06:55:19.997810,,,,,,,,,
7.535613258369267e-05,0.001915503409691155,2025-11-22 06:55:20.233053,,,,,,,,,
7.574356277473271e-05,0.0018198550678789616,2025-11-22 06:55:20.483216,,,,,,,,,
7.49056416680105e-05,0.001472274772822857,2025-11-22 06:55:20.722605,,,,,,,,,
7.271431240951642e-05,0.0019280159613117576,2025-11-22 06:55:20.971496,,,,,,,,,
7.187978917500004e-05,0.0021716575138270855,2025-11-22 06:55:21.218674,,,,,,,,,
7.285150786628947e-05,0.002210245467722416,2025-11-22 06:55:21.469742,,,,,,,,,
7.535381155321375e-05,0.0018601987976580858,2025-11-22 06:55:21.709612,,,,,,,,,
7.706720498390496e-05,0.002166556427255273,2025-11-22 06:55:21.956059,,,,,,,,,
7.812103285687044e-05,0.0019273037323728204,2025-11-22 06:55:22.199643,,,,,,,,,
7.77899258537218e-05,0.0017847453709691763,2025-11-22 06:55:22.446691,,,,,,,,,
7.69238467910327e-05,0.0020947670564055443,2025-11-22 06:55:22.694594,,,,,,,,,
7.74858781369403e-05,0.0018678262131288648,2025-11-22 06:55:22.938400,,,,,,,,,
7.835413271095604e-05,0.0018150467658415437,2025-11-22 06:55:23.181319,,,,,,,,,
7.868668035371229e-05,0.0017638984136283398,2025-11-22 06:55:23.435551,,,,,,,,,
7.885543163865805e-05,0.0019213133491575718,2025-11-22 06:55:23.676182,,,,,,,,,
7.883577200118452e-05,0.0017179015558212996,2025-11-22 06:55:23.922511,,,,,,,,,
7.762939640088007e-05,0.002065916545689106,2025-11-22 06:55:24.170194,,,,,,,,,
7.674772496102378e-05,0.001859688782133162,2025-11-22 06:55:24.411418,,,,,,,,,
7.594359340146184e-05,0.001966506941244006,2025-11-22 06:55:24.657001,,,,,,,,,
7.699576235609129e-05,0.0021556844003498554,2025-11-22 06:55:24.907730,,,,,,,,,
7.894358714111149e-05,0.0019980783108621836,2025-11-22 06:55:25.158853,,,,,,,,,
8.03381553851068e-05,0.0017215230036526918,2025-11-22 06:55:25.405695,,,,,,,,,
8.00721682026051e-05,0.001551512978039682,2025-11-22 06:55:25.643738,,,,,,,,,
7.819439633749425e-05,0.002290349453687668,2025-11-22 06:55:25.895529,,,,,,,,,
7.792507676640525e-05,0.0016202604165300727,2025-11-22 06:55:26.133475,,,,,,,,,
7.772669778205454e-05,0.0016591387102380395,2025-11-22 06:55:26.381464,,,,,,,,,
7.734636892564595e-05,0.0019251176854595542,2025-11-22 06:55:26.626840,,,,,,,,,
7.708228804403916e-05,0.001831374829635024,2025-11-22 06:55:26.871917,,,,,,,,,
7.64496362535283e-05,0.0017784148221835494,2025-11-22 06:55:27.121696,,,,,,,,,
7.518046186305583e-05,0.0015128293307498097,2025-11-22 06:55:27.364696,,,,,,,,,
7.398470916086808e-05,0.002177847782149911,2025-11-22 06:55:27.614965,,,,,,,,,
7.435195584548637e-05,0.0017844360554590821,2025-11-22 06:55:27.861446,,,,,,,,,
7.49452447053045e-05,0.0014783742371946573,2025-11-22 06:55:28.105715,,,,,,,,,
7.525434193667024e-05,0.0017817134503275156,2025-11-22 06:55:28.352604,,,,,,,,,
7.515744800912216e-05,0.0018675043247640133,2025-11-22 06:55:28.598652,,,,,,,,,
7.481879583792761e-05,0.0019424542551860213,2025-11-22 06:55:28.854329,,,,,,,,,
7.530769653385505e-05,0.0018441774882376194,2025-11-22 06:55:29.093219,,,,,,,,,
7.573338371003047e-05,0.001951331621967256,2025-11-22 06:55:29.339458,,,,,,,,,
7.535277109127492e-05,0.0016785947373136878,2025-11-22 06:55:29.586729,,,,,,,,,
7.562066457467154e-05,0.0015235742321237922,2025-11-22 06:55:29.836300,,,,,,,,,
7.51980478526093e-05,0.0014884434640407562,2025-11-22 06:55:30.082788,,,,,,,,,
7.390152313746512e-05,0.0020942732226103544,2025-11-22 06:55:30.325640,,,,,,,,,
7.411197293549776e-05,0.0018056313274428248,2025-11-22 06:55:30.581620,,,,,,,,,
7.466808892786503e-05,0.001844448153860867,2025-11-22 06:55:30.820169,,,,,,,,,
7.457162428181618e-05,0.0020046888384968042,2025-11-22 06:55:31.068914,,,,,,,,,
7.495866884710267e-05,0.0016362008173018694,2025-11-22 06:55:31.321131,,,,,,,,,
7.572454342152923e-05,0.0018215192249044776,2025-11-22 06:55:31.568734,,,,,,,,,
7.624170393683016e-05,0.001481400802731514,2025-11-22 06:55:31.813439,,,,,,,,,
7.60259063099511e-05,0.0025950882118195295,2025-11-22 06:55:32.085715,,,,,,,,,
7.715342508163303e-05,0.0020704723428934813,2025-11-22 06:55:32.299277,,,,,,,,,
7.822062616469339e-05,0.0018082157475873828,2025-11-22 06:55:32.544995,,,,,,,,,
7.746383198536932e-05,0.0015053031966090202,2025-11-22 06:55:32.790153,,,,,,,,,
7.626369915669784e-05,0.0019665544386953115,2025-11-22 06:55:33.039659,,,,,,,,,
7.640614785486832e-05,0.0019140392541885376,2025-11-22 06:55:33.289043,,,,,,,,,
7.586571155115962e-05,0.0016426636138930917,2025-11-22 06:55:33.533495,,,,,,,,,
7.551145972684026e-05,0.0017899646190926433,2025-11-22 06:55:33.776684,,,,,,,,,
7.586934952996671e-05,0.0020507255103439093,2025-11-22 06:55:34.031073,,,,,,,,,
7.655666559003294e-05,0.0016503887018188834,2025-11-22 06:55:34.271757,,,,,,,,,
7.717162952758372e-05,0.0019787910860031843,2025-11-22 06:55:34.519520,,,,,,,,,
7.7065582445357e-05,0.0022221431136131287,2025-11-22 06:55:34.772577,,,,,,,,,
7.642753189429641e-05,0.002004914451390505,2025-11-22 06:55:35.019563,,,,,,,,,
7.588338485220447e-05,0.0019645688589662313,2025-11-22 06:55:35.267508,,,,,,,,,
7.605639257235453e-05,0.001774955540895462,2025-11-22 06:55:35.516085,,,,,,,,,
7.665469456696883e-05,0.0019196630455553532,2025-11-22 06:55:35.761420,,,,,,,,,
7.803901098668575e-05,0.001395241473801434,2025-11-22 06:55:36.009112,,,,,,,,,
7.707801705691963e-05,0.001938571222126484,2025-11-22 06:55:36.254034,,,,,,,,,
7.564872794318944e-05,0.002153271809220314,2025-11-22 06:55:36.509143,,,,,,,,,
7.427030504914e-05,0.0018242932856082916,2025-11-22 06:55:36.745539,,,,,,,,,
7.313516834983602e-05,0.0020510596223175526,2025-11-22 06:55:36.999789,,,,,,,,,
7.309770444408059e-05,0.002291262848302722,2025-11-22 06:55:37.255453,,,,,,,,,
7.399020250886679e-05,0.0020106369629502296,2025-11-22 06:55:37.501117,,,,,,,,,
7.480500062229112e-05,0.0022576148621737957,2025-11-22 06:55:37.748241,,,,,,,,,
7.549713336629793e-05,0.0017391478177160025,2025-11-22 06:55:37.983877,,,,,,,,,
7.481180364266038e-05,0.002044093329459429,2025-11-22 06:55:38.231974,,,,,,,,,
7.406128133879974e-05,0.0019416296854615211,2025-11-22 06:55:38.489556,,,,,,,,,
7.402493065455928e-05,0.0018691052682697773,2025-11-22 06:55:38.724207,,,,,,,,,
7.4279225373175e-05,0.0017222451278939843,2025-11-22 06:55:38.975121,,,,,,,,,
7.401212496915832e-05,0.0018910702783614397,2025-11-22 06:55:39.219598,,,,,,,,,
7.403918425552547e-05,0.0020581434946507215,2025-11-22 06:55:39.466451,,,,,,,,,
7.453928265022114e-05,0.0017341718776151538,2025-11-22 06:55:39.718437,,,,,,,,,
7.457794708898291e-05,0.001974566373974085,2025-11-22 06:55:39.966689,,,,,,,,,
7.494573947042227e-05,0.001540314988233149,2025-11-22 06:55:40.204715,,,,,,,,,
7.480510248569772e-05,0.0018149378011003137,2025-11-22 06:55:40.461775,,,,,,,,,
7.596112845931202e-05,0.0017607264453545213,2025-11-22 06:55:40.697048,,,,,,,,,
7.743645983282477e-05,0.00221427995711565,2025-11-22 06:55:40.952113,,,,,,,,,
7.859199104132131e-05,0.0019884936045855284,2025-11-22 06:55:41.198486,,,,,,,,,
7.894491136539727e-05,0.0018901772564277053,2025-11-22 06:55:41.446932,,,,,,,,,
7.775984704494476e-05,0.0019790586084127426,2025-11-22 06:55:41.691604,,,,,,,,,
7.765193731756881e-05,0.002136204158887267,2025-11-22 06:55:41.942415,,,,,,,,,
7.805421046214178e-05,0.0020926676224917173,2025-11-22 06:55:42.185527,,,,,,,,,
7.828341040294617e-05,0.0016939695924520493,2025-11-22 06:55:42.434190,,,,,,,,,
7.770567026454955e-05,0.001702000037766993,2025-11-22 06:55:42.706214,,,,,,,,,
7.705031748628244e-05,0.0018355125794187188,2025-11-22 06:55:42.935194,,,,,,,,,
7.635101064806804e-05,0.002100979909300804,2025-11-22 06:55:43.174533,,,,,,,,,
7.675293454667553e-05,0.0014957061503082514,2025-11-22 06:55:43.432575,,,,,,,,,
7.641666888957843e-05,0.002277202671393752,2025-11-22 06:55:43.675457,,,,,,,,,
7.74841319071129e-05,0.0015795722138136625,2025-11-22 06:55:43.927419,,,,,,,,,
7.823452324373648e-05,0.001929587684571743,2025-11-22 06:55:44.186105,,,,,,,,,
7.947500853333622e-05,0.001988794421777129,2025-11-22 06:55:44.434454,,,,,,,,,
7.976759661687538e-05,0.0015840674750506878,2025-11-22 06:55:44.669960,,,,,,,,,
7.867225212976336e-05,0.001944089657627046,2025-11-22 06:55:44.921782,,,,,,,,,
7.668706530239433e-05,0.0017119764816015959,2025-11-22 06:55:45.168922,,,,,,,,,
7.462462963303551e-05,0.0020618552807718515,2025-11-22 06:55:45.414053,,,,,,,,,
7.401274342555553e-05,0.0014491950860247016,2025-11-22 06:55:45.668112,,,,,,,,,
7.272703078342602e-05,0.0019644945859909058,2025-11-22 06:55:45.911677,,,,,,,,,
7.249549526022747e-05,0.0020356751047074795,2025-11-22 06:55:46.160956,,,,,,,,,
7.309768989216536e-05,0.0021373294293880463,2025-11-22 06:55:46.407021,,,,,,,,,
7.344594632741064e-05,0.0017854961333796382,2025-11-22 06:55:46.657915,,,,,,,,,
7.333546091103926e-05,0.0020536878146231174,2025-11-22 06:55:46.901194,,,,,,,,,
7.414663559757173e-05,0.0021126815117895603,2025-11-22 06:55:47.160007,,,,,,,,,
7.555455522378907e-05,0.0019816665444523096,2025-11-22 06:55:47.393238,,,,,,,,,
7.714373350609094e-05,0.002241868292912841,2025-11-22 06:55:47.648846,,,,,,,,,
7.969455327838659e-05,0.002141880802810192,2025-11-22 06:55:47.895262,,,,,,,,,
8.085392619250342e-05,0.0018564179772511125,2025-11-22 06:55:48.140241,,,,,,,,,
8.033493213588372e-05,0.0016830720705911517,2025-11-22 06:55:48.389402,,,,,,,,,
7.977749191923067e-05,0.0016386187635362148,2025-11-22 06:55:48.649713,,,,,,,,,
7.881773490225896e-05,0.0017149249324575067,2025-11-22 06:55:48.895014,,,,,,,,,
7.80511909397319e-05,0.0017593115335330367,2025-11-22 06:55:49.143515,,,,,,,,,
7.74655636632815e-05,0.0017106012674048543,2025-11-22 06:55:49.388129,,,,,,,,,
7.660975097678602e-05,0.0019804490730166435,2025-11-22 06:55:49.640327,,,,,,,,,
7.556311902590096e-05,0.002136306371539831,2025-11-22 06:55:49.886277,,,,,,,,,
7.41537514841184e-05,0.002191539155319333,2025-11-22 06:55:50.133332,,,,,,,,,
,,2025-11-22 06:55:50.200302,7.630580234439953e-05,0.0018775579511485477,0.0001875,,,,,,
,,2025-11-22 06:55:59.264998,,,,27.402799606323242,9.698894500732422,,,,
,,2025-11-22 06:55:59.270877,,,,,,7.333006215048954e-05,0.0019239483204168768,27.402799606323242,9.698894500732422
7.333006215048954e-05,0.00176251120865345,2025-11-22 06:56:04.512129,,,,,,,,,
7.241901039378718e-05,0.0016888126265257597,2025-11-22 06:56:04.747773,,,,,,,,,
7.227237801998854e-05,0.0017448801081627607,2025-11-22 06:56:04.994828,,,,,,,,,
7.294097304111347e-05,0.0018656145548447967,2025-11-22 06:56:05.243957,,,,,,,,,
7.450005796272308e-05,0.0020026022102683783,2025-11-22 06:56:05.488504,,,,,,,,,
7.713054947089404e-05,0.001617840607650578,2025-11-22 06:56:05.746838,,,,,,,,,
7.766066846670583e-05,0.0017608761554583907,2025-11-22 06:56:05.998758,,,,,,,,,
7.676306267967448e-05,0.0016205633291974664,2025-11-22 06:56:06.237374,,,,,,,,,
7.553429168183357e-05,0.0019710350316017866,2025-11-22 06:56:06.485484,,,,,,,,,
7.597612420795485e-05,0.0021632187999784946,2025-11-22 06:56:06.725653,,,,,,,,,
7.674562220927328e-05,0.0020756314042955637,2025-11-22 06:56:06.970108,,,,,,,,,
7.756916602374986e-05,0.0018335593631491065,2025-11-22 06:56:07.216569,,,,,,,,,
7.863125210860744e-05,0.0018237886251881719,2025-11-22 06:56:07.463484,,,,,,,,,
7.821992039680481e-05,0.0022959813941270113,2025-11-22 06:56:07.709172,,,,,,,,,
7.817693403922021e-05,0.0016997751081362367,2025-11-22 06:56:07.960585,,,,,,,,,
7.805666973581538e-05,0.0021433925721794367,2025-11-22 06:56:08.209799,,,,,,,,,
7.835233554942533e-05,0.0018229978159070015,2025-11-22 06:56:08.454400,,,,,,,,,
7.780855230521411e-05,0.0016743330052122474,2025-11-22 06:56:08.700089,,,,,,,,,
7.718909910181537e-05,0.0019182127434760332,2025-11-22 06:56:08.945475,,,,,,,,,
7.749893848085776e-05,0.0018033180385828018,2025-11-22 06:56:09.188456,,,,,,,,,
7.706438918830827e-05,0.0018156722653657198,2025-11-22 06:56:09.434504,,,,,,,,,
7.595218630740419e-05,0.0017808895790949464,2025-11-22 06:56:09.685639,,,,,,,,,
7.408385863527656e-05,0.0023156243842095137,2025-11-22 06:56:09.930371,,,,,,,,,
7.41471303626895e-05,0.0017852118471637368,2025-11-22 06:56:10.174680,,,,,,,,,
7.44441567803733e-05,0.0020534060895442963,2025-11-22 06:56:10.417221,,,,,,,,,
7.492207805626094e-05,0.0018547317013144493,2025-11-22 06:56:10.661106,,,,,,,,,
7.516175537602976e-05,0.0018354759085923433,2025-11-22 06:56:10.910453,,,,,,,,,
7.486200775019825e-05,0.0019929897971451283,2025-11-22 06:56:11.153139,,,,,,,,,
7.466635724995285e-05,0.002126184990629554,2025-11-22 06:56:11.403048,,,,,,,,,
7.51597253838554e-05,0.001850011758506298,2025-11-22 06:56:11.646044,,,,,,,,,
7.61875999160111e-05,0.0020955465734004974,2025-11-22 06:56:11.894057,,,,,,,,,
7.715923857176676e-05,0.001514951465651393,2025-11-22 06:56:12.138948,,,,,,,,,
7.696807733736932e-05,0.0014997678808867931,2025-11-22 06:56:12.384905,,,,,,,,,
7.651994383195415e-05,0.0017089549219235778,2025-11-22 06:56:12.629496,,,,,,,,,
7.569859735667706e-05,0.0021088270004838705,2025-11-22 06:56:12.876550,,,,,,,,,
7.534367614425719e-05,0.0015084975166246295,2025-11-22 06:56:13.124127,,,,,,,,,
7.496149191865698e-05,0.0015862524742260575,2025-11-22 06:56:13.365978,,,,,,,,,
7.41119438316673e-05,0.002329840324819088,2025-11-22 06:56:13.617866,,,,,,,,,
7.367094076471403e-05,0.002186960307881236,2025-11-22 06:56:13.875902,,,,,,,,,
7.397392619168386e-05,0.0019766066689044237,2025-11-22 06:56:14.116129,,,,,,,,,
7.394361455226317e-05,0.0016520281787961721,2025-11-22 06:56:14.355899,,,,,,,,,
7.453836587956175e-05,0.001766660949215293,2025-11-22 06:56:14.605677,,,,,,,,,
7.512102456530556e-05,0.0018147826194763184,2025-11-22 06:56:14.853189,,,,,,,,,
7.591667235828936e-05,0.001459778635762632,2025-11-22 06:56:15.088917,,,,,,,,,
7.58949390728958e-05,0.0019819368608295918,2025-11-22 06:56:15.335853,,,,,,,,,
7.703263690927997e-05,0.0017542324494570494,2025-11-22 06:56:15.579981,,,,,,,,,
7.801043102517724e-05,0.0017137833638116717,2025-11-22 06:56:15.830844,,,,,,,,,
7.752414239803329e-05,0.002167840488255024,2025-11-22 06:56:16.078056,,,,,,,,,
7.726917101535946e-05,0.00269695115275681,2025-11-22 06:56:16.322366,,,,,,,,,
7.927747356006876e-05,0.0018323498079553246,2025-11-22 06:56:16.569701,,,,,,,,,
7.937863847473636e-05,0.0018901022849604487,2025-11-22 06:56:16.818862,,,,,,,,,
7.789226219756529e-05,0.0018538756994530559,2025-11-22 06:56:17.056827,,,,,,,,,
7.698946865275502e-05,0.0018935849657282233,2025-11-22 06:56:17.301840,,,,,,,,,
7.690580241614953e-05,0.0019007609225809574,2025-11-22 06:56:17.566832,,,,,,,,,
7.727335469098762e-05,0.0019295868696644902,2025-11-22 06:56:17.806671,,,,,,,,,
7.669605111004785e-05,0.001504527754150331,2025-11-22 06:56:18.057517,,,,,,,,,
7.468743569916114e-05,0.0019852491095662117,2025-11-22 06:56:18.298697,,,,,,,,,
7.46231889934279e-05,0.0018512773094698787,2025-11-22 06:56:18.547585,,,,,,,,,
7.490308053093031e-05,0.0016315007815137506,2025-11-22 06:56:18.807327,,,,,,,,,
7.532435847679153e-05,0.0016112967859953642,2025-11-22 06:56:19.059055,,,,,,,,,
7.524275861214846e-05,0.0020382266957312822,2025-11-22 06:56:19.302454,,,,,,,,,
7.494670717278495e-05,0.0019712646026164293,2025-11-22 06:56:19.544962,,,,,,,,,
7.507904956582934e-05,0.002007380360737443,2025-11-22 06:56:19.790711,,,,,,,,,
7.55904839024879e-05,0.00220656068995595,2025-11-22 06:56:20.050315,,,,,,,,,
7.734638347756118e-05,0.0017621427541598678,2025-11-22 06:56:20.307320,,,,,,,,,
7.86375894676894e-05,0.002102550119161606,2025-11-22 06:56:20.551989,,,,,,,,,
7.90317717473954e-05,0.0017382430378347635,2025-11-22 06:56:20.799965,,,,,,,,,
7.856682350393385e-05,0.0016437050653621554,2025-11-22 06:56:21.059612,,,,,,,,,
7.764976180624217e-05,0.0015932399546727538,2025-11-22 06:56:21.304492,,,,,,,,,
7.681635906919837e-05,0.0019381181336939335,2025-11-22 06:56:21.552289,,,,,,,,,
7.66328812460415e-05,0.0018129708478227258,2025-11-22 06:56:21.803810,,,,,,,,,
7.496108446503058e-05,0.0018697044579312205,2025-11-22 06:56:22.047188,,,,,,,,,
7.366588397417217e-05,0.0016535279573872685,2025-11-22 06:56:22.294989,,,,,,,,,
7.244286098284647e-05,0.0017213867977261543,2025-11-22 06:56:22.542318,,,,,,,,,
7.206935697467998e-05,0.0020430954173207283,2025-11-22 06:56:22.801022,,,,,,,,,
7.301690493477508e-05,0.0021397701930254698,2025-11-22 06:56:23.043435,,,,,,,,,
7.444346556439996e-05,0.001955826999619603,2025-11-22 06:56:23.284627,,,,,,,,,
7.474479934899136e-05,0.0020887693390250206,2025-11-22 06:56:23.529100,,,,,,,,,
7.55654473323375e-05,0.0020248994696885347,2025-11-22 06:56:23.788057,,,,,,,,,
7.671555067645386e-05,0.0019189997110515833,2025-11-22 06:56:24.024607,,,,,,,,,
7.773702964186668e-05,0.001871971064247191,2025-11-22 06:56:24.283711,,,,,,,,,
7.870003901189193e-05,0.0015922565944492817,2025-11-22 06:56:24.521632,,,,,,,,,
7.830192771507427e-05,0.0018008778570219874,2025-11-22 06:56:24.764882,,,,,,,,,
7.789095252519473e-05,0.001540975528769195,2025-11-22 06:56:25.009357,,,,,,,,,
7.776882557664067e-05,0.001927255536429584,2025-11-22 06:56:25.262616,,,,,,,,,
7.707197073614225e-05,0.0014511060435324907,2025-11-22 06:56:25.514547,,,,,,,,,
7.56751251174137e-05,0.0020708374213427305,2025-11-22 06:56:25.749864,,,,,,,,,
7.55895598558709e-05,0.0017741412157192826,2025-11-22 06:56:26.009044,,,,,,,,,
7.533928146585822e-05,0.00197579525411129,2025-11-22 06:56:26.256073,,,,,,,,,
7.5799114711117e-05,0.001637676847167313,2025-11-22 06:56:26.507915,,,,,,,,,
7.551397720817477e-05,0.0018931281520053744,2025-11-22 06:56:26.746926,,,,,,,,,
7.497034675907344e-05,0.001543903024867177,2025-11-22 06:56:26.998544,,,,,,,,,
7.387198274955153e-05,0.0020127478055655956,2025-11-22 06:56:27.241285,,,,,,,,,
7.437257590936497e-05,0.0020210025832057,2025-11-22 06:56:27.486730,,,,,,,,,
7.58273818064481e-05,0.001787645393051207,2025-11-22 06:56:27.730328,,,,,,,,,
7.786512287566438e-05,0.0019543301314115524,2025-11-22 06:56:27.977487,,,,,,,,,
7.854553405195475e-05,0.002024598652496934,2025-11-22 06:56:28.241728,,,,,,,,,
7.880717748776078e-05,0.0019048958783969283,2025-11-22 06:56:28.487732,,,,,,,,,
7.860879850341007e-05,0.0017461298266425729,2025-11-22 06:56:28.729290,,,,,,,,,
7.83028153819032e-05,0.001990383490920067,2025-11-22 06:56:28.979253,,,,,,,,,
7.954611646709964e-05,0.0016124139074236155,2025-11-22 06:56:29.238312,,,,,,,,,
7.982446550158784e-05,0.0018983237678185105,2025-11-22 06:56:29.475163,,,,,,,,,
7.889566040830687e-05,0.0018362697446718812,2025-11-22 06:56:29.720350,,,,,,,,,
7.74680738686584e-05,0.0020088704768568277,2025-11-22 06:56:29.968956,,,,,,,,,
7.656344678252935e-05,0.0020050827879458666,2025-11-22 06:56:30.227314,,,,,,,,,
7.699708658037707e-05,0.002143421210348606,2025-11-22 06:56:30.473195,,,,,,,,,
7.754378748359159e-05,0.0017754427390173078,2025-11-22 06:56:30.723715,,,,,,,,,
7.713316881563514e-05,0.0019663332495838404,2025-11-22 06:56:30.964248,,,,,,,,,
7.809430826455355e-05,0.0014485525898635387,2025-11-22 06:56:31.213286,,,,,,,,,
7.817238656571135e-05,0.0019440401811152697,2025-11-22 06:56:31.463976,,,,,,,,,
7.760471635265276e-05,0.0017823163652792573,2025-11-22 06:56:31.709218,,,,,,,,,
7.769199146423489e-05,0.0021304890979081392,2025-11-22 06:56:31.959619,,,,,,,,,
7.71901395637542e-05,0.0015174195868894458,2025-11-22 06:56:32.201296,,,,,,,,,
7.596473733428866e-05,0.0017426213016733527,2025-11-22 06:56:32.441662,,,,,,,,,
7.566516433143988e-05,0.0018112859688699245,2025-11-22 06:56:32.689311,,,,,,,,,
7.724826718913391e-05,0.0023890568409115076,2025-11-22 06:56:32.936781,,,,,,,,,
7.879752956796438e-05,0.0020674297120422125,2025-11-22 06:56:33.187119,,,,,,,,,
7.88240649853833e-05,0.001757043763063848,2025-11-22 06:56:33.433839,,,,,,,,,
7.767842180328444e-05,0.002232215367257595,2025-11-22 06:56:33.679262,,,,,,,,,
7.727414777036756e-05,0.0019185427809134126,2025-11-22 06:56:33.922940,,,,,,,,,
7.787931099301204e-05,0.0017568820621818304,2025-11-22 06:56:34.191881,,,,,,,,,
7.798452134011313e-05,0.002351346192881465,2025-11-22 06:56:34.436147,,,,,,,,,
7.839363388484344e-05,0.0018504804465919733,2025-11-22 06:56:34.677131,,,,,,,,,
7.836633449187502e-05,0.002031543292105198,2025-11-22 06:56:34.943596,,,,,,,,,
7.833541167201474e-05,0.0019336928380653262,2025-11-22 06:56:35.177076,,,,,,,,,
7.796773570589721e-05,0.0022691430058330297,2025-11-22 06:56:35.421775,,,,,,,,,
7.788922812324017e-05,0.0018584971548989415,2025-11-22 06:56:35.672423,,,,,,,,,
7.762357563478872e-05,0.001587952021509409,2025-11-22 06:56:35.915792,,,,,,,,,
7.603985432069749e-05,0.001680757966823876,2025-11-22 06:56:36.162783,,,,,,,,,
7.492648001061752e-05,0.0018345515709370375,2025-11-22 06:56:36.427689,,,,,,,,,
7.500468200305477e-05,0.0015080638695508242,2025-11-22 06:56:36.681573,,,,,,,,,
7.392024417640641e-05,0.002121339086443186,2025-11-22 06:56:36.911442,,,,,,,,,
7.381859904853627e-05,0.001499468693509698,2025-11-22 06:56:37.171903,,,,,,,,,
7.252700015669689e-05,0.0020182589069008827,2025-11-22 06:56:37.428184,,,,,,,,,
7.223828288260847e-05,0.0017456624191254377,2025-11-22 06:56:37.666725,,,,,,,,,
7.303520396817476e-05,0.002010875614359975,2025-11-22 06:56:37.919463,,,,,,,,,
7.394960994133726e-05,0.001969358418136835,2025-11-22 06:56:38.156275,,,,,,,,,
7.443254435202107e-05,0.0024356581270694733,2025-11-22 06:56:38.404755,,,,,,,,,
7.574988558189943e-05,0.0016409206436946988,2025-11-22 06:56:38.649920,,,,,,,,,
7.632720371475443e-05,0.0017623475287109613,2025-11-22 06:56:38.897336,,,,,,,,,
7.644572178833187e-05,0.0017033276380971074,2025-11-22 06:56:39.145963,,,,,,,,,
7.571141031803563e-05,0.001685447059571743,2025-11-22 06:56:39.389868,,,,,,,,,
7.504638779209927e-05,0.0018673001322895288,2025-11-22 06:56:39.643786,,,,,,,,,
7.443242066074163e-05,0.0015620687045156956,2025-11-22 06:56:39.895243,,,,,,,,,
,,2025-11-22 06:56:39.967836,7.627073116762201e-05,0.001871747297829845,0.0001875,,,,,,
,,2025-11-22 06:56:47.533947,,,,27.381914138793945,9.732599258422852,,,,
,,2025-11-22 06:56:47.535109,,,,,,7.368356595039726e-05,0.001909269221449414,27.381914138793945,9.732599258422852
7.368356455117464e-05,0.002275079023092985,2025-11-22 06:56:52.606201,,,,,,,,,
7.379108137683943e-05,0.001929217018187046,2025-11-22 06:56:52.848091,,,,,,,,,
7.363560871453956e-05,0.0019334874814376235,2025-11-22 06:56:53.112077,,,,,,,,,
7.291494694072753e-05,0.0017709200037643313,2025-11-22 06:56:53.355654,,,,,,,,,
7.227058813441545e-05,0.0019007043447345495,2025-11-22 06:56:53.593114,,,,,,,,,
7.31261316104792e-05,0.0020398839842528105,2025-11-22 06:56:53.837285,,,,,,,,,
7.549070141976699e-05,0.0017426421400159597,2025-11-22 06:56:54.085796,,,,,,,,,
7.633193308720365e-05,0.0018684762762859464,2025-11-22 06:56:54.344302,,,,,,,,,
7.715028914390132e-05,0.0017913284245878458,2025-11-22 06:56:54.597915,,,,,,,,,
7.738108251942322e-05,0.0018737547798082232,2025-11-22 06:56:54.832124,,,,,,,,,
7.705541793256998e-05,0.0017034917837008834,2025-11-22 06:56:55.078310,,,,,,,,,
7.586512947455049e-05,0.0016014600405469537,2025-11-22 06:56:55.324172,,,,,,,,,
7.480408385163173e-05,0.0018363245762884617,2025-11-22 06:56:55.567926,,,,,,,,,
7.399148307740688e-05,0.001469212002120912,2025-11-22 06:56:55.823445,,,,,,,,,
7.343511242652312e-05,0.0017065911088138819,2025-11-22 06:56:56.064270,,,,,,,,,
7.292168447747827e-05,0.0019332639640197158,2025-11-22 06:56:56.314602,,,,,,,,,
7.392953557427973e-05,0.0018794514471665025,2025-11-22 06:56:56.555835,,,,,,,,,
7.491248106816784e-05,0.0020673659164458513,2025-11-22 06:56:56.802016,,,,,,,,,
7.561589154647663e-05,0.0014257936272770166,2025-11-22 06:56:57.047385,,,,,,,,,
7.469402044080198e-05,0.0017616951372474432,2025-11-22 06:56:57.312414,,,,,,,,,
7.406524673569947e-05,0.0023082124534994364,2025-11-22 06:56:57.544814,,,,,,,,,
7.626266597071663e-05,0.001977078150957823,2025-11-22 06:56:57.787845,,,,,,,,,
7.89816549513489e-05,0.0019740762654691935,2025-11-22 06:56:58.036024,,,,,,,,,
7.907934923423454e-05,0.001696871593594551,2025-11-22 06:56:58.281433,,,,,,,,,
7.816235302016139e-05,0.0020903158001601696,2025-11-22 06:56:58.523205,,,,,,,,,
7.798679143888876e-05,0.0015545245260000229,2025-11-22 06:56:58.774208,,,,,,,,,
7.728509808657691e-05,0.0017297862796112895,2025-11-22 06:56:59.020581,,,,,,,,,
7.643716526217759e-05,0.0017899061786010861,2025-11-22 06:56:59.260113,,,,,,,,,
7.58043461246416e-05,0.0017853423487395048,2025-11-22 06:56:59.505468,,,,,,,,,
7.375991845037788e-05,0.0020672022365033627,2025-11-22 06:56:59.757121,,,,,,,,,
7.241960702231154e-05,0.0017641271697357297,2025-11-22 06:57:00.000287,,,,,,,,,
7.271716458490118e-05,0.0016935203457251191,2025-11-22 06:57:00.245368,,,,,,,,,
7.319447468034923e-05,0.0019455797737464309,2025-11-22 06:57:00.489563,,,,,,,,,
7.400931644951925e-05,0.0017993067158386111,2025-11-22 06:57:00.737887,,,,,,,,,
7.398375601042062e-05,0.0017070072935894132,2025-11-22 06:57:00.984551,,,,,,,,,
7.440386252710596e-05,0.0022994030732661486,2025-11-22 06:57:01.241518,,,,,,,,,
7.454967271769419e-05,0.0016101010842248797,2025-11-22 06:57:01.478947,,,,,,,,,
7.407056546071544e-05,0.0021033133380115032,2025-11-22 06:57:01.733216,,,,,,,,,
7.494342571590096e-05,0.0018293072935193777,2025-11-22 06:57:01.973167,,,,,,,,,
7.490766438422725e-05,0.002278589876368642,2025-11-22 06:57:02.226897,,,,,,,,,
7.60035909479484e-05,0.0020044429693371058,2025-11-22 06:57:02.480352,,,,,,,,,
7.739248394500464e-05,0.001919431029818952,2025-11-22 06:57:02.725257,,,,,,,,,
7.758316496619955e-05,0.0016759224236011505,2025-11-22 06:57:02.968266,,,,,,,,,
7.66632438171655e-05,0.001975053921341896,2025-11-22 06:57:03.217243,,,,,,,,,
7.533868483733386e-05,0.0020769513212144375,2025-11-22 06:57:03.461643,,,,,,,,,
7.508690032409504e-05,0.00181681162212044,2025-11-22 06:57:03.716380,,,,,,,,,
7.548378926003352e-05,0.001629316946491599,2025-11-22 06:57:03.955028,,,,,,,,,
7.55155851948075e-05,0.0017150788335129619,2025-11-22 06:57:04.204366,,,,,,,,,
7.501822983613238e-05,0.002224304713308811,2025-11-22 06:57:04.450616,,,,,,,,,
7.540677324868739e-05,0.0014649542281404138,2025-11-22 06:57:04.694993,,,,,,,,,
7.46810546843335e-05,0.0020794777665287256,2025-11-22 06:57:04.944582,,,,,,,,,
7.489690324291587e-05,0.002120840596035123,2025-11-22 06:57:05.200603,,,,,,,,,
7.658018876099959e-05,0.0018058818532153964,2025-11-22 06:57:05.444194,,,,,,,,,
7.663117139600217e-05,0.001557313371449709,2025-11-22 06:57:05.688449,,,,,,,,,
7.507587724830955e-05,0.0018743856344372034,2025-11-22 06:57:05.931481,,,,,,,,,
7.346472557401285e-05,0.0020714872516691685,2025-11-22 06:57:06.178712,,,,,,,,,
7.31109976186417e-05,0.0017150986241176724,2025-11-22 06:57:06.424324,,,,,,,,,
7.331717642955482e-05,0.0017522354610264301,2025-11-22 06:57:06.672093,,,,,,,,,
7.34916320652701e-05,0.0024491457734256983,2025-11-22 06:57:06.918491,,,,,,,,,
7.485874084522948e-05,0.0016210731118917465,2025-11-22 06:57:07.163342,,,,,,,,,
7.58381502237171e-05,0.0018315709894523025,2025-11-22 06:57:07.415237,,,,,,,,,
7.707106124144047e-05,0.002010198775678873,2025-11-22 06:57:07.658051,,,,,,,,,
7.900927448645234e-05,0.001942258677445352,2025-11-22 06:57:07.900584,,,,,,,,,
8.092181087704375e-05,0.0019056166056543589,2025-11-22 06:57:08.151218,,,,,,,,,
8.299530600197613e-05,0.0016520724166184664,2025-11-22 06:57:08.400549,,,,,,,,,
8.34384118206799e-05,0.0019766183104366064,2025-11-22 06:57:08.642210,,,,,,,,,
8.413061004830524e-05,0.002183891599997878,2025-11-22 06:57:08.893483,,,,,,,,,
8.472658373648301e-05,0.0016305778408423066,2025-11-22 06:57:09.142143,,,,,,,,,
8.218073344323784e-05,0.0016067177057266235,2025-11-22 06:57:09.389845,,,,,,,,,
7.822830957593396e-05,0.0016785424668341875,2025-11-22 06:57:09.628046,,,,,,,,,
7.51312545617111e-05,0.002082543447613716,2025-11-22 06:57:09.884883,,,,,,,,,
7.382640615105629e-05,0.0017538875108584762,2025-11-22 06:57:10.126447,,,,,,,,,
7.364550401689485e-05,0.0023613201919943094,2025-11-22 06:57:10.368689,,,,,,,,,
7.431527046719566e-05,0.0019861848559230566,2025-11-22 06:57:10.611058,,,,,,,,,
7.30320971342735e-05,0.001487566507421434,2025-11-22 06:57:10.858514,,,,,,,,,
7.175365317380056e-05,0.0019942540675401688,2025-11-22 06:57:11.109111,,,,,,,,,
7.315143739106134e-05,0.0018693632446229458,2025-11-22 06:57:11.353196,,,,,,,,,
7.523930253228173e-05,0.0021861912682652473,2025-11-22 06:57:11.598527,,,,,,,,,
7.677826943108812e-05,0.00201200763694942,2025-11-22 06:57:11.843749,,,,,,,,,
7.710802310612053e-05,0.002092023380100727,2025-11-22 06:57:12.093159,,,,,,,,,
7.800257299095392e-05,0.0015938498545438051,2025-11-22 06:57:12.338049,,,,,,,,,
7.833130075596273e-05,0.0016189082525670528,2025-11-22 06:57:12.583900,,,,,,,,,
7.773432298563421e-05,0.0019468005048111081,2025-11-22 06:57:12.831844,,,,,,,,,
7.658707909286022e-05,0.001566713908687234,2025-11-22 06:57:13.082437,,,,,,,,,
7.525707769673318e-05,0.001971844583749771,2025-11-22 06:57:13.335366,,,,,,,,,
7.49695609556511e-05,0.0018682698719203472,2025-11-22 06:57:13.573262,,,,,,,,,
7.479341002181172e-05,0.0018812739290297031,2025-11-22 06:57:13.824791,,,,,,,,,
7.632365304743871e-05,0.0021165767684578896,2025-11-22 06:57:14.068454,,,,,,,,,
7.81952912802808e-05,0.0017544633010402322,2025-11-22 06:57:14.312837,,,,,,,,,
7.750488293822855e-05,0.0016969471471384168,2025-11-22 06:57:14.562985,,,,,,,,,
7.639089017175138e-05,0.0018821164267137647,2025-11-22 06:57:14.809749,,,,,,,,,
7.676902896491811e-05,0.0017339084297418594,2025-11-22 06:57:15.057500,,,,,,,,,
7.731619552941993e-05,0.0018447967013344169,2025-11-22 06:57:15.309818,,,,,,,,,
7.677378016524017e-05,0.0017440816154703498,2025-11-22 06:57:15.547891,,,,,,,,,
7.501706568291411e-05,0.0019461683696135879,2025-11-22 06:57:15.799346,,,,,,,,,
7.438555621774867e-05,0.0016653415514156222,2025-11-22 06:57:16.044103,,,,,,,,,
7.424753857776523e-05,0.0017252101097255945,2025-11-22 06:57:16.289867,,,,,,,,,
7.648261089343578e-05,0.002172032603994012,2025-11-22 06:57:16.538416,,,,,,,,,
7.850721158320084e-05,0.002249236684292555,2025-11-22 06:57:16.788610,,,,,,,,,
8.046686707530171e-05,0.0018117653671652079,2025-11-22 06:57:17.030733,,,,,,,,,
8.058987441472709e-05,0.001915926462970674,2025-11-22 06:57:17.275891,,,,,,,,,
7.995723717613146e-05,0.002197098918259144,2025-11-22 06:57:17.526255,,,,,,,,,
7.958683272590861e-05,0.0019706259481608868,2025-11-22 06:57:17.777515,,,,,,,,,
7.952582382131368e-05,0.002047892427071929,2025-11-22 06:57:18.020446,,,,,,,,,
7.859165634727105e-05,0.002014298690482974,2025-11-22 06:57:18.265881,,,,,,,,,
7.748261123197153e-05,0.0017567593604326248,2025-11-22 06:57:18.512597,,,,,,,,,
7.641584670636803e-05,0.0016356835840269923,2025-11-22 06:57:18.764174,,,,,,,,,
7.566044951090589e-05,0.0018455102108418941,2025-11-22 06:57:19.009267,,,,,,,,,
7.532002928201109e-05,0.002586913527920842,2025-11-22 06:57:19.257323,,,,,,,,,
7.568650471512228e-05,0.002056530909612775,2025-11-22 06:57:19.503267,,,,,,,,,
7.603926496813074e-05,0.001789437374100089,2025-11-22 06:57:19.761238,,,,,,,,,
7.568066212115809e-05,0.0018130374373868108,2025-11-22 06:57:20.006400,,,,,,,,,
7.664621080039069e-05,0.0018633360741659999,2025-11-22 06:57:20.244752,,,,,,,,,
7.809438102412969e-05,0.0017141879070550203,2025-11-22 06:57:20.493520,,,,,,,,,
7.863657083362341e-05,0.0018403256544843316,2025-11-22 06:57:20.736494,,,,,,,,,
7.841322076274082e-05,0.0014948224416002631,2025-11-22 06:57:20.987473,,,,,,,,,
7.753070531180128e-05,0.0016199928941205144,2025-11-22 06:57:21.232939,,,,,,,,,
7.678860129090026e-05,0.0019076165044680238,2025-11-22 06:57:21.486943,,,,,,,,,
7.69343605497852e-05,0.0017807091353461146,2025-11-22 06:57:21.729974,,,,,,,,,
7.73862557252869e-05,0.0018396050436422229,2025-11-22 06:57:21.976799,,,,,,,,,
7.631465996382758e-05,0.0018046192126348615,2025-11-22 06:57:22.224132,,,,,,,,,
7.409862155327573e-05,0.001696104067377746,2025-11-22 06:57:22.466547,,,,,,,,,
7.299301796592772e-05,0.0022008304949849844,2025-11-22 06:57:22.718436,,,,,,,,,
7.530579023296013e-05,0.0015723329270258546,2025-11-22 06:57:22.959848,,,,,,,,,
7.677458779653534e-05,0.0021791374310851097,2025-11-22 06:57:23.205259,,,,,,,,,
7.68953759688884e-05,0.0017842900706455112,2025-11-22 06:57:23.470728,,,,,,,,,
7.630768959643319e-05,0.0017214013496413827,2025-11-22 06:57:23.710421,,,,,,,,,
7.608091254951432e-05,0.0017215360421687365,2025-11-22 06:57:23.952759,,,,,,,,,
7.724032184341922e-05,0.0017431656597182155,2025-11-22 06:57:24.210601,,,,,,,,,
7.770094816805795e-05,0.0014391420409083366,2025-11-22 06:57:24.448631,,,,,,,,,
7.655883382540196e-05,0.002114265924319625,2025-11-22 06:57:24.696196,,,,,,,,,
7.626370643265545e-05,0.0017157313413918018,2025-11-22 06:57:24.940472,,,,,,,,,
7.616496441187337e-05,0.001779231010004878,2025-11-22 06:57:25.189481,,,,,,,,,
7.56452718633227e-05,0.001858232426457107,2025-11-22 06:57:25.442241,,,,,,,,,
7.519429345848039e-05,0.00198150472715497,2025-11-22 06:57:25.698035,,,,,,,,,
7.469740376109257e-05,0.001716713304631412,2025-11-22 06:57:25.935799,,,,,,,,,
7.434051076415926e-05,0.0018779378151521087,2025-11-22 06:57:26.187731,,,,,,,,,
7.431994890794158e-05,0.00201130541972816,2025-11-22 06:57:26.453156,,,,,,,,,
7.417476444970816e-05,0.00200290116481483,2025-11-22 06:57:26.686176,,,,,,,,,
7.368418300757185e-05,0.0018403864232823253,2025-11-22 06:57:26.940301,,,,,,,,,
7.308494969038293e-05,0.0017968624597415328,2025-11-22 06:57:27.213855,,,,,,,,,
7.29361709090881e-05,0.0021275451872497797,2025-11-22 06:57:27.440195,,,,,,,,,
7.339725561905652e-05,0.001762381405569613,2025-11-22 06:57:27.689178,,,,,,,,,
7.392627594526857e-05,0.001834662165492773,2025-11-22 06:57:27.954251,,,,,,,,,
,,2025-11-22 06:57:28.047491,7.602271322563563e-05,0.0018685358776969628,0.0001875,,,,,,
,,2025-11-22 06:57:35.980613,,,,27.2801513671875,9.775287628173828,,,,
,,2025-11-22 06:57:35.982333,,,,,,7.543050742242485e-05,0.0018907266695840429,27.2801513671875,9.775287628173828
7.543050742242485e-05,0.0018725389381870627,2025-11-22 06:57:41.170782,,,,,,,,,
7.600089884363115e-05,0.0020450016018003225,2025-11-22 06:57:41.394021,,,,,,,,,
7.657435344299302e-05,0.0017402790253981948,2025-11-22 06:57:41.639141,,,,,,,,,
7.663854194106534e-05,0.0018193537835031748,2025-11-22 06:57:41.884779,,,,,,,,,
7.723581802565604e-05,0.0015092790126800537,2025-11-22 06:57:42.131090,,,,,,,,,
7.680120324948803e-05,0.0022753318771719933,2025-11-22 06:57:42.375125,,,,,,,,,
7.701513823121786e-05,0.001885499688796699,2025-11-22 06:57:42.620820,,,,,,,,,
7.650395127711818e-05,0.0016191836912184954,2025-11-22 06:57:42.869437,,,,,,,,,
7.6680225902237e-05,0.0019333407981321216,2025-11-22 06:57:43.113947,,,,,,,,,
7.634716894244775e-05,0.0021462831646203995,2025-11-22 06:57:43.360275,,,,,,,,,
7.563715917058289e-05,0.002012914279475808,2025-11-22 06:57:43.610340,,,,,,,,,
7.553522300440818e-05,0.0020389212295413017,2025-11-22 06:57:43.856992,,,,,,,,,
7.644775905646384e-05,0.0018622647039592266,2025-11-22 06:57:44.097402,,,,,,,,,
7.723263843217865e-05,0.002056810073554516,2025-11-22 06:57:44.345687,,,,,,,,,
7.727433694526553e-05,0.002051783725619316,2025-11-22 06:57:44.590028,,,,,,,,,
7.701750291744247e-05,0.0019688226748257875,2025-11-22 06:57:44.844985,,,,,,,,,
7.717739208601415e-05,0.0015973810805007815,2025-11-22 06:57:45.091261,,,,,,,,,
7.715422543697059e-05,0.0019410777604207397,2025-11-22 06:57:45.329598,,,,,,,,,
7.700239075347781e-05,0.0019311739597469568,2025-11-22 06:57:45.575652,,,,,,,,,
7.688891491852701e-05,0.0022412119433283806,2025-11-22 06:57:45.834813,,,,,,,,,
7.658715185243636e-05,0.0018382706912234426,2025-11-22 06:57:46.080520,,,,,,,,,
7.619793905178085e-05,0.0016622785478830338,2025-11-22 06:57:46.328317,,,,,,,,,
7.494738383684307e-05,0.002014720346778631,2025-11-22 06:57:46.563758,,,,,,,,,
7.462737266905606e-05,0.0020287411753088236,2025-11-22 06:57:46.808860,,,,,,,,,
7.581097452202812e-05,0.001844526850618422,2025-11-22 06:57:47.058867,,,,,,,,,
7.659023685846478e-05,0.0017716215224936604,2025-11-22 06:57:47.299945,,,,,,,,,
7.671726052649319e-05,0.0023088438902050257,2025-11-22 06:57:47.548276,,,,,,,,,
7.837280281819403e-05,0.001984905218705535,2025-11-22 06:57:47.790799,,,,,,,,,
7.908486441010609e-05,0.0015314769698306918,2025-11-22 06:57:48.047415,,,,,,,,,
7.836902659619227e-05,0.0016211926704272628,2025-11-22 06:57:48.284287,,,,,,,,,
7.662019925191998e-05,0.0016654455102980137,2025-11-22 06:57:48.542306,,,,,,,,,
7.625220314366743e-05,0.0016654967330396175,2025-11-22 06:57:48.778207,,,,,,,,,
7.662238931516185e-05,0.0016355774132534862,2025-11-22 06:57:49.025646,,,,,,,,,
7.667439058423042e-05,0.001840038108639419,2025-11-22 06:57:49.269484,,,,,,,,,
7.55964865675196e-05,0.0017165205208584666,2025-11-22 06:57:49.529612,,,,,,,,,
7.278408156707883e-05,0.0018737823702394962,2025-11-22 06:57:49.769251,,,,,,,,,
7.093358726706356e-05,0.001914511900395155,2025-11-22 06:57:50.011349,,,,,,,,,
7.059994095470756e-05,0.0018545589409768581,2025-11-22 06:57:50.260223,,,,,,,,,
7.035640737740323e-05,0.0018024519085884094,2025-11-22 06:57:50.511255,,,,,,,,,
7.09518208168447e-05,0.002145070116966963,2025-11-22 06:57:50.754570,,,,,,,,,
7.298782293219119e-05,0.0015008647460490465,2025-11-22 06:57:51.002865,,,,,,,,,
7.39174138288945e-05,0.001837664283812046,2025-11-22 06:57:51.251461,,,,,,,,,
7.341912714764476e-05,0.0017767021199688315,2025-11-22 06:57:51.497283,,,,,,,,,
7.33372726244852e-05,0.0019145605619996786,2025-11-22 06:57:51.740785,,,,,,,,,
7.386745710391551e-05,0.0016475864686071873,2025-11-22 06:57:51.983457,,,,,,,,,
7.522992382291704e-05,0.0025325671304017305,2025-11-22 06:57:52.233488,,,,,,,,,
7.852388807805255e-05,0.0018231978174299002,2025-11-22 06:57:52.480001,,,,,,,,,
7.967848068801686e-05,0.0018519642762839794,2025-11-22 06:57:52.737877,,,,,,,,,
7.965724944369867e-05,0.0017381543293595314,2025-11-22 06:57:52.974710,,,,,,,,,
7.937903865240514e-05,0.0019248849712312222,2025-11-22 06:57:53.220471,,,,,,,,,
7.829343667253852e-05,0.0017874850891530514,2025-11-22 06:57:53.469008,,,,,,,,,
7.671179628232494e-05,0.0017807959811761975,2025-11-22 06:57:53.717283,,,,,,,,,
7.647890015505254e-05,0.0015040815342217684,2025-11-22 06:57:53.963835,,,,,,,,,
7.56103327148594e-05,0.001839937991462648,2025-11-22 06:57:54.213395,,,,,,,,,
7.442198693752289e-05,0.001972609432414174,2025-11-22 06:57:54.449628,,,,,,,,,
7.33731867512688e-05,0.0017313221469521523,2025-11-22 06:57:54.696070,,,,,,,,,
7.278648263309151e-05,0.002054790500551462,2025-11-22 06:57:54.950421,,,,,,,,,
7.251676288433373e-05,0.0015466607874259353,2025-11-22 06:57:55.192994,,,,,,,,,
7.291438669199124e-05,0.001750080264173448,2025-11-22 06:57:55.444441,,,,,,,,,
7.506427209591493e-05,0.001729086390696466,2025-11-22 06:57:55.691144,,,,,,,,,
7.746407209197059e-05,0.0019805580377578735,2025-11-22 06:57:55.947663,,,,,,,,,
7.808786176610738e-05,0.0020790526177734137,2025-11-22 06:57:56.189653,,,,,,,,,
7.846299558877945e-05,0.0017086622538045049,2025-11-22 06:57:56.448061,,,,,,,,,
7.748419011477381e-05,0.0017997624818235636,2025-11-22 06:57:56.686413,,,,,,,,,
7.780329178785905e-05,0.0016885654767975211,2025-11-22 06:57:56.934428,,,,,,,,,
7.887148967711255e-05,0.0017116424860432744,2025-11-22 06:57:57.180088,,,,,,,,,
7.935893518151715e-05,0.0016542786033824086,2025-11-22 06:57:57.424640,,,,,,,,,
7.881491910666227e-05,0.0019039787584915757,2025-11-22 06:57:57.677897,,,,,,,,,
7.730979996267706e-05,0.001832366455346346,2025-11-22 06:57:57.928963,,,,,,,,,
7.573801121907309e-05,0.0019773519597947598,2025-11-22 06:57:58.169137,,,,,,,,,
7.409977843053639e-05,0.0014983474975451827,2025-11-22 06:57:58.424572,,,,,,,,,
7.279676356120035e-05,0.0020495448261499405,2025-11-22 06:57:58.663110,,,,,,,,,
7.328029460040852e-05,0.0022519316989928484,2025-11-22 06:57:58.919445,,,,,,,,,
7.455337618011981e-05,0.0016501183854416013,2025-11-22 06:57:59.180354,,,,,,,,,
7.485922105843201e-05,0.0019201417453587055,2025-11-22 06:57:59.410941,,,,,,,,,
7.623712735949084e-05,0.001690218923613429,2025-11-22 06:57:59.655809,,,,,,,,,
7.754258695058525e-05,0.0014291642000898719,2025-11-22 06:57:59.902499,,,,,,,,,
7.792841643095016e-05,0.0016202920814976096,2025-11-22 06:58:00.147835,,,,,,,,,
7.815365097485483e-05,0.0017408073181286454,2025-11-22 06:58:00.397963,,,,,,,,,
7.828348316252232e-05,0.0017021263483911753,2025-11-22 06:58:00.657099,,,,,,,,,
7.764829933876172e-05,0.002099647419527173,2025-11-22 06:58:00.900325,,,,,,,,,
7.627682498423383e-05,0.001701099332422018,2025-11-22 06:58:01.158104,,,,,,,,,
7.418729364871979e-05,0.0018346179276704788,2025-11-22 06:58:01.397548,,,,,,,,,
7.28499362594448e-05,0.0020748749375343323,2025-11-22 06:58:01.645659,,,,,,,,,
7.245343294925988e-05,0.0020173247903585434,2025-11-22 06:58:01.897685,,,,,,,,,
7.300000288523734e-05,0.0023493801709264517,2025-11-22 06:58:02.141378,,,,,,,,,
7.382258627330884e-05,0.0018402680289000273,2025-11-22 06:58:02.387747,,,,,,,,,
7.450763951055706e-05,0.0018453743541613221,2025-11-22 06:58:02.632552,,,,,,,,,
7.587638538097963e-05,0.0018992230761796236,2025-11-22 06:58:02.881693,,,,,,,,,
7.707103941356763e-05,0.002021306660026312,2025-11-22 06:58:03.134625,,,,,,,,,
7.800794264767319e-05,0.0018795386422425508,2025-11-22 06:58:03.389438,,,,,,,,,
7.910022395662963e-05,0.0016898231115192175,2025-11-22 06:58:03.626894,,,,,,,,,
7.93767103459686e-05,0.0017654476687312126,2025-11-22 06:58:03.871018,,,,,,,,,
8.001952664926648e-05,0.0014670088421553373,2025-11-22 06:58:04.118509,,,,,,,,,
7.90985141065903e-05,0.0017993878573179245,2025-11-22 06:58:04.363452,,,,,,,,,
7.831772381905466e-05,0.002047973219305277,2025-11-22 06:58:04.609902,,,,,,,,,
7.680052658542991e-05,0.0016782029997557402,2025-11-22 06:58:04.856471,,,,,,,,,
7.501619984395802e-05,0.0018134727142751217,2025-11-22 06:58:05.101250,,,,,,,,,
7.488011033274233e-05,0.002126607345417142,2025-11-22 06:58:05.347993,,,,,,,,,
7.549158908659592e-05,0.002470357809215784,2025-11-22 06:58:05.596477,,,,,,,,,
7.63941861805506e-05,0.0022264139261096716,2025-11-22 06:58:05.846778,,,,,,,,,
7.72069106460549e-05,0.0018266886472702026,2025-11-22 06:58:06.089233,,,,,,,,,
7.70552214817144e-05,0.0020441305823624134,2025-11-22 06:58:06.335762,,,,,,,,,
7.746029586996883e-05,0.001653029932640493,2025-11-22 06:58:06.583990,,,,,,,,,
7.809616363374516e-05,0.0019490127451717854,2025-11-22 06:58:06.830791,,,,,,,,,
7.869819819461554e-05,0.0017771979328244925,2025-11-22 06:58:07.079404,,,,,,,,,
7.791738607920706e-05,0.0017810858553275466,2025-11-22 06:58:07.337657,,,,,,,,,
7.56194640416652e-05,0.0016534286551177502,2025-11-22 06:58:07.599062,,,,,,,,,
7.408846431644633e-05,0.0018845208687707782,2025-11-22 06:58:07.837804,,,,,,,,,
7.425281364703551e-05,0.0016961300279945135,2025-11-22 06:58:08.086343,,,,,,,,,
7.433161226799712e-05,0.0018464082386344671,2025-11-22 06:58:08.323453,,,,,,,,,
7.473029108950868e-05,0.0016573872417211533,2025-11-22 06:58:08.568474,,,,,,,,,
7.425200601574033e-05,0.0019127577543258667,2025-11-22 06:58:08.815957,,,,,,,,,
7.334348629228771e-05,0.0015599628677591681,2025-11-22 06:58:09.063520,,,,,,,,,
7.302385347429663e-05,0.0015944639453664422,2025-11-22 06:58:09.313229,,,,,,,,,
7.4438561568968e-05,0.0021472368389368057,2025-11-22 06:58:09.559914,,,,,,,,,
7.717421249253675e-05,0.0016924681840464473,2025-11-22 06:58:09.807471,,,,,,,,,
7.863118662498891e-05,0.0019296632381156087,2025-11-22 06:58:10.064972,,,,,,,,,
7.839655881980434e-05,0.0018496238626539707,2025-11-22 06:58:10.307078,,,,,,,,,
7.853269198676571e-05,0.001883099670521915,2025-11-22 06:58:10.548837,,,,,,,,,
7.816622382961214e-05,0.001888107042759657,2025-11-22 06:58:10.799223,,,,,,,,,
7.740660657873377e-05,0.0018461793661117554,2025-11-22 06:58:11.042422,,,,,,,,,
7.668582838959992e-05,0.001639051828533411,2025-11-22 06:58:11.301732,,,,,,,,,
7.580113015137613e-05,0.0018244585953652859,2025-11-22 06:58:11.540709,,,,,,,,,
7.553207979071885e-05,0.0020626038312911987,2025-11-22 06:58:11.785337,,,,,,,,,
7.586707943119109e-05,0.0019445376237854362,2025-11-22 06:58:12.036048,,,,,,,,,
7.533414463978261e-05,0.002156500006094575,2025-11-22 06:58:12.279864,,,,,,,,,
7.500466745113954e-05,0.001659498317167163,2025-11-22 06:58:12.525669,,,,,,,,,
7.524387183366343e-05,0.0019746720790863037,2025-11-22 06:58:12.770831,,,,,,,,,
7.69396938267164e-05,0.002072844887152314,2025-11-22 06:58:13.017230,,,,,,,,,
7.813893171260133e-05,0.0016596131026744843,2025-11-22 06:58:13.265997,,,,,,,,,
7.731789810350165e-05,0.0019179158844053745,2025-11-22 06:58:13.511587,,,,,,,,,
7.685953460168093e-05,0.0017355482559651136,2025-11-22 06:58:13.759740,,,,,,,,,
7.599541277159005e-05,0.001884880824945867,2025-11-22 06:58:14.004000,,,,,,,,,
7.656995876459405e-05,0.0016914427978917956,2025-11-22 06:58:14.252160,,,,,,,,,
7.659944094484672e-05,0.002036253223195672,2025-11-22 06:58:14.497452,,,,,,,,,
7.715247193118557e-05,0.0015524094924330711,2025-11-22 06:58:14.744667,,,,,,,,,
7.633068889845163e-05,0.002039081184193492,2025-11-22 06:58:14.992278,,,,,,,,,
7.555061165476218e-05,0.001811506925150752,2025-11-22 06:58:15.241002,,,,,,,,,
7.458704931195825e-05,0.0018912433879449964,2025-11-22 06:58:15.484517,,,,,,,,,
7.411151455016807e-05,0.0019940154161304235,2025-11-22 06:58:15.730477,,,,,,,,,
7.464743976015598e-05,0.0019346096087247133,2025-11-22 06:58:15.974447,,,,,,,,,
7.532392191933468e-05,0.002010858152061701,2025-11-22 06:58:16.237386,,,,,,,,,
7.57684392738156e-05,0.001802950631827116,2025-11-22 06:58:16.472577,,,,,,,,,
,,2025-11-22 06:58:16.553384,7.609008379303204e-05,0.0018570751651875777,0.0001875,,,,,,
,,2025-11-22 06:58:24.507029,,,,27.272905349731445,9.772238731384277,,,,
,,2025-11-22 06:58:24.509818,,,,,,7.555646852079708e-05,0.0018923145432311755,27.272905349731445,9.772238731384277
7.55564688006416e-05,0.0016137553611770272,2025-11-22 06:58:28.822835,,,,,,,,,
7.507023838115856e-05,0.0017231383826583624,2025-11-22 06:58:29.071243,,,,,,,,,
7.552449096692726e-05,0.0016725390451028943,2025-11-22 06:58:29.321197,,,,,,,,,
7.510685099987313e-05,0.001683492329902947,2025-11-22 06:58:29.556569,,,,,,,,,
7.487890252377838e-05,0.0019870318938046694,2025-11-22 06:58:29.797820,,,,,,,,,
7.59812246542424e-05,0.001852000947110355,2025-11-22 06:58:30.062525,,,,,,,,,
7.700287096668035e-05,0.0015601203776896,2025-11-22 06:58:30.289937,,,,,,,,,
7.689985068282112e-05,0.0020474917255342007,2025-11-22 06:58:30.537685,,,,,,,,,
7.675678352825344e-05,0.0015121570322662592,2025-11-22 06:58:30.783205,,,,,,,,,
7.648875180166215e-05,0.0017125773010775447,2025-11-22 06:58:31.028882,,,,,,,,,
7.680070120841265e-05,0.001992679201066494,2025-11-22 06:58:31.289550,,,,,,,,,
7.822960469638929e-05,0.0017573210643604398,2025-11-22 06:58:31.524564,,,,,,,,,
7.880934572312981e-05,0.002029558178037405,2025-11-22 06:58:31.771078,,,,,,,,,
7.893786823842674e-05,0.0019125323742628098,2025-11-22 06:58:32.015649,,,,,,,,,
7.69850958022289e-05,0.0016175839118659496,2025-11-22 06:58:32.261001,,,,,,,,,
7.586774881929159e-05,0.0017905563581734896,2025-11-22 06:58:32.509603,,,,,,,,,
7.636936061317101e-05,0.0018598048482090235,2025-11-22 06:58:32.750668,,,,,,,,,
7.7031523687765e-05,0.002159686293452978,2025-11-22 06:58:32.995889,,,,,,,,,
7.814708806108683e-05,0.0017052952898666263,2025-11-22 06:58:33.242341,,,,,,,,,
7.692191138630733e-05,0.002090112306177616,2025-11-22 06:58:33.494430,,,,,,,,,
7.612711488036439e-05,0.0018573208944872022,2025-11-22 06:58:33.735214,,,,,,,,,
7.611625915160403e-05,0.0019835324492305517,2025-11-22 06:58:33.984367,,,,,,,,,
7.668659964110702e-05,0.0017454256303608418,2025-11-22 06:58:34.226496,,,,,,,,,
7.634451321791857e-05,0.001709801726974547,2025-11-22 06:58:34.471828,,,,,,,,,
7.624229328939691e-05,0.0021203996147960424,2025-11-22 06:58:34.721011,,,,,,,,,
7.692405779380351e-05,0.002087805885821581,2025-11-22 06:58:34.960916,,,,,,,,,
7.709531928412616e-05,0.0019129641586914659,2025-11-22 06:58:35.218722,,,,,,,,,
7.641156116733328e-05,0.001673149992711842,2025-11-22 06:58:35.464451,,,,,,,,,
7.4615134508349e-05,0.0020582322031259537,2025-11-22 06:58:35.707236,,,,,,,,,
7.46985970181413e-05,0.0019434349378570914,2025-11-22 06:58:35.948228,,,,,,,,,
7.533586904173717e-05,0.002209932077676058,2025-11-22 06:58:36.209239,,,,,,,,,
7.617717346874997e-05,0.0016190425958484411,2025-11-22 06:58:36.442012,,,,,,,,,
7.469486445188522e-05,0.0022915194276720285,2025-11-22 06:58:36.688942,,,,,,,,,
7.374809501925483e-05,0.0015622393693774939,2025-11-22 06:58:36.934314,,,,,,,,,
7.295932300621644e-05,0.0019384592305868864,2025-11-22 06:58:37.184664,,,,,,,,,
7.382476178463548e-05,0.0018391230842098594,2025-11-22 06:58:37.427699,,,,,,,,,
7.426988304359838e-05,0.001810256508179009,2025-11-22 06:58:37.677623,,,,,,,,,
7.524237298639491e-05,0.002271341858431697,2025-11-22 06:58:37.936599,,,,,,,,,
7.715050014667213e-05,0.0015139422612264752,2025-11-22 06:58:38.173632,,,,,,,,,
7.724325405433774e-05,0.001606580801308155,2025-11-22 06:58:38.418640,,,,,,,,,
7.691839709877968e-05,0.0018196566961705685,2025-11-22 06:58:38.674725,,,,,,,,,
7.706881297053769e-05,0.0016539567150175571,2025-11-22 06:58:38.911310,,,,,,,,,
7.69993057474494e-05,0.0021127883810549974,2025-11-22 06:58:39.166720,,,,,,,,,
7.741060107946396e-05,0.0018614536384120584,2025-11-22 06:58:39.416412,,,,,,,,,
7.730887591606006e-05,0.0018516018753871322,2025-11-22 06:58:39.663776,,,,,,,,,
7.711289799772203e-05,0.0016212435439229012,2025-11-22 06:58:39.910291,,,,,,,,,
7.629951869603246e-05,0.0015003846492618322,2025-11-22 06:58:40.157190,,,,,,,,,
7.583668775623664e-05,0.0017364947125315666,2025-11-22 06:58:40.413425,,,,,,,,,
7.494195597246289e-05,0.001698769861832261,2025-11-22 06:58:40.649700,,,,,,,,,
7.411841943394393e-05,0.0016725481254979968,2025-11-22 06:58:40.896297,,,,,,,,,
7.314827234949917e-05,0.0017734759021550417,2025-11-22 06:58:41.144611,,,,,,,,,
7.402009214274585e-05,0.0018098040018230677,2025-11-22 06:58:41.396925,,,,,,,,,
7.475941674783826e-05,0.0018992366967722774,2025-11-22 06:58:41.641392,,,,,,,,,
7.527054549427703e-05,0.0014654503902420402,2025-11-22 06:58:41.885604,,,,,,,,,
7.507904956582934e-05,0.00196186825633049,2025-11-22 06:58:42.140840,,,,,,,,,
7.482129149138927e-05,0.001827934174798429,2025-11-22 06:58:42.378094,,,,,,,,,
7.439749606419355e-05,0.0019165457924827933,2025-11-22 06:58:42.625085,,,,,,,,,
7.456476305378601e-05,0.0016575275221839547,2025-11-22 06:58:42.871262,,,,,,,,,
7.372171967290342e-05,0.0017252182587981224,2025-11-22 06:58:43.118388,,,,,,,,,
7.328481297008693e-05,0.0018781183753162622,2025-11-22 06:58:43.365929,,,,,,,,,
7.335992268053815e-05,0.0016822178149595857,2025-11-22 06:58:43.611743,,,,,,,,,
7.354281842708588e-05,0.002134530572220683,2025-11-22 06:58:43.858658,,,,,,,,,
7.348838698817417e-05,0.0015819291584193707,2025-11-22 06:58:44.105669,,,,,,,,,
7.31879408704117e-05,0.0017532111378386617,2025-11-22 06:58:44.365511,,,,,,,,,
7.296995318029076e-05,0.0014917658409103751,2025-11-22 06:58:44.611773,,,,,,,,,
7.22613840480335e-05,0.002102903788909316,2025-11-22 06:58:44.848642,,,,,,,,,
7.268983608810231e-05,0.0017909168964251876,2025-11-22 06:58:45.098177,,,,,,,,,
7.328546780627221e-05,0.0019746460020542145,2025-11-22 06:58:45.342717,,,,,,,,,
7.430765253957361e-05,0.002000377746298909,2025-11-22 06:58:45.589998,,,,,,,,,
7.479282794520259e-05,0.001721387729048729,2025-11-22 06:58:45.840327,,,,,,,,,
7.527141860919073e-05,0.001915481174364686,2025-11-22 06:58:46.085818,,,,,,,,,
7.54861393943429e-05,0.0018866576720029116,2025-11-22 06:58:46.340547,,,,,,,,,
7.497263140976429e-05,0.0022985658142715693,2025-11-22 06:58:46.585270,,,,,,,,,
7.467070827260613e-05,0.001577503513544798,2025-11-22 06:58:46.832022,,,,,,,,,
7.554974581580609e-05,0.001753447693772614,2025-11-22 06:58:47.081488,,,,,,,,,
7.606460712850094e-05,0.0019162326352670789,2025-11-22 06:58:47.324412,,,,,,,,,
7.610037573613226e-05,0.0018523001344874501,2025-11-22 06:58:47.569946,,,,,,,,,
7.60297043598257e-05,0.001607451238669455,2025-11-22 06:58:47.816335,,,,,,,,,
7.492345321225002e-05,0.0023085305001586676,2025-11-22 06:58:48.076974,,,,,,,,,
7.464420195901766e-05,0.001862160861492157,2025-11-22 06:58:48.311465,,,,,,,,,
7.546578854089603e-05,0.0020959749817848206,2025-11-22 06:58:48.568961,,,,,,,,,
7.661957351956517e-05,0.0017641764134168625,2025-11-22 06:58:48.813746,,,,,,,,,
7.67191086197272e-05,0.0018374696373939514,2025-11-22 06:58:49.056711,,,,,,,,,
7.56414738134481e-05,0.0017533027566969395,2025-11-22 06:58:49.302363,,,,,,,,,
7.418280438287184e-05,0.001651581609621644,2025-11-22 06:58:49.553096,,,,,,,,,
7.340254524024203e-05,0.0017601560102775693,2025-11-22 06:58:49.803793,,,,,,,,,
7.359630399150774e-05,0.0019068318651989102,2025-11-22 06:58:50.056612,,,,,,,,,
7.415479922201484e-05,0.0017702634213492274,2025-11-22 06:58:50.294977,,,,,,,,,
7.523360545746982e-05,0.001603666110895574,2025-11-22 06:58:50.542250,,,,,,,,,
7.463504880433902e-05,0.0017490843310952187,2025-11-22 06:58:50.791344,,,,,,,,,
7.40610557841137e-05,0.001938306144438684,2025-11-22 06:58:51.046466,,,,,,,,,
7.429542165482417e-05,0.0021144167985767126,2025-11-22 06:58:51.283851,,,,,,,,,
7.501315121771768e-05,0.0018152269767597318,2025-11-22 06:58:51.529410,,,,,,,,,
7.47836529626511e-05,0.0014962515560910106,2025-11-22 06:58:51.774230,,,,,,,,,
7.38923845347017e-05,0.0021176657173782587,2025-11-22 06:58:52.023789,,,,,,,,,
7.433455175487325e-05,0.0017815495375543833,2025-11-22 06:58:52.290744,,,,,,,,,
7.512381125707179e-05,0.001727264141663909,2025-11-22 06:58:52.522137,,,,,,,,,
7.536947668995708e-05,0.0017874318873509765,2025-11-22 06:58:52.767188,,,,,,,,,
7.486582035198808e-05,0.0020618753042072058,2025-11-22 06:58:53.019305,,,,,,,,,
7.683697185711935e-05,0.002006378723308444,2025-11-22 06:58:53.262310,,,,,,,,,
7.884767546784133e-05,0.0015386849408969283,2025-11-22 06:58:53.510273,,,,,,,,,
7.944012759253383e-05,0.0016167006688192487,2025-11-22 06:58:53.765039,,,,,,,,,
7.919128256617114e-05,0.0016744914464652538,2025-11-22 06:58:54.011104,,,,,,,,,
7.843727507861331e-05,0.001996644539758563,2025-11-22 06:58:54.264079,,,,,,,,,
7.863063365221024e-05,0.0019189388258382678,2025-11-22 06:58:54.512656,,,,,,,,,
7.75838561821729e-05,0.002015098463743925,2025-11-22 06:58:54.755472,,,,,,,,,
7.716788968537003e-05,0.0016467281384393573,2025-11-22 06:58:55.000142,,,,,,,,,
7.517694029957056e-05,0.001903593190945685,2025-11-22 06:58:55.246269,,,,,,,,,
7.295786053873599e-05,0.001898157992400229,2025-11-22 06:58:55.491805,,,,,,,,,
7.256176468217745e-05,0.002514667110517621,2025-11-22 06:58:55.737478,,,,,,,,,
7.390238897642121e-05,0.0014778729528188705,2025-11-22 06:58:55.985428,,,,,,,,,
7.308674685191363e-05,0.0019858151208609343,2025-11-22 06:58:56.230873,,,,,,,,,
7.302597805391997e-05,0.0018419439438730478,2025-11-22 06:58:56.485320,,,,,,,,,
7.325929618673399e-05,0.0018716611666604877,2025-11-22 06:58:56.723590,,,,,,,,,
7.43194468668662e-05,0.001543052145279944,2025-11-22 06:58:56.968973,,,,,,,,,
7.541899685747921e-05,0.0023010391741991043,2025-11-22 06:58:57.219018,,,,,,,,,
7.680576527491212e-05,0.00213024509139359,2025-11-22 06:58:57.465326,,,,,,,,,
7.844730862416327e-05,0.001788211753591895,2025-11-22 06:58:57.710801,,,,,,,,,
7.923329394543543e-05,0.0020716702565550804,2025-11-22 06:58:57.958561,,,,,,,,,
8.032692858250812e-05,0.002009998308494687,2025-11-22 06:58:58.205083,,,,,,,,,
8.115798118524253e-05,0.0019246939336881042,2025-11-22 06:58:58.453764,,,,,,,,,
8.0645848356653e-05,0.0017864861292764544,2025-11-22 06:58:58.703468,,,,,,,,,
7.906233804533258e-05,0.0016932691214606166,2025-11-22 06:58:58.946844,,,,,,,,,
7.689996709814295e-05,0.0021772717591375113,2025-11-22 06:58:59.195998,,,,,,,,,
7.563080725958571e-05,0.0019799883011728525,2025-11-22 06:58:59.443275,,,,,,,,,
7.486461254302412e-05,0.002003414323553443,2025-11-22 06:58:59.690160,,,,,,,,,
7.431917038047686e-05,0.001626739394851029,2025-11-22 06:58:59.936455,,,,,,,,,
7.299939898075536e-05,0.0015904732281342149,2025-11-22 06:59:00.197520,,,,,,,,,
7.15425776434131e-05,0.0017628808273002505,2025-11-22 06:59:00.432334,,,,,,,,,
7.164174894569442e-05,0.0020626152399927378,2025-11-22 06:59:00.679075,,,,,,,,,
7.314422691706568e-05,0.0018247292609885335,2025-11-22 06:59:00.925361,,,,,,,,,
7.478343468392268e-05,0.0018206927925348282,2025-11-22 06:59:01.179895,,,,,,,,,
7.63984426157549e-05,0.0020999100524932146,2025-11-22 06:59:01.426218,,,,,,,,,
7.803490007063374e-05,0.001791409682482481,2025-11-22 06:59:01.684364,,,,,,,,,
7.834230927983299e-05,0.00185211724601686,2025-11-22 06:59:01.920667,,,,,,,,,
7.825053035048768e-05,0.0016623552655801177,2025-11-22 06:59:02.179602,,,,,,,,,
7.854580326238647e-05,0.0019366169581189752,2025-11-22 06:59:02.415097,,,,,,,,,
7.783774344716221e-05,0.002183814998716116,2025-11-22 06:59:02.669817,,,,,,,,,
7.93070939835161e-05,0.0017800878267735243,2025-11-22 06:59:02.923114,,,,,,,,,
8.003925177035853e-05,0.0019723251461982727,2025-11-22 06:59:03.162072,,,,,,,,,
7.9354242188856e-05,0.0017410189611837268,2025-11-22 06:59:03.407371,,,,,,,,,
7.725547766312957e-05,0.0018264737445861101,2025-11-22 06:59:03.665270,,,,,,,,,
7.615326467202976e-05,0.0020177694968879223,2025-11-22 06:59:03.908216,,,,,,,,,
7.569021545350552e-05,0.002317896345630288,2025-11-22 06:59:04.160164,,,,,,,,,
,,2025-11-22 06:59:04.228930,7.574935090006975e-05,0.0018514539834642266,0.0001875,,,,,,
,,2025-11-22 06:59:12.838896,,,,27.247779846191406,9.756636619567871,,,,
,,2025-11-22 06:59:12.840452,,,,,,7.59948530825428e-05,0.0018980831373482943,27.247779846191406,9.756636619567871
7.599485979881138e-05,0.002379742218181491,2025-11-22 06:59:17.024209,,,,,,,,,
7.656801608391106e-05,0.001935442560352385,2025-11-22 06:59:17.194995,,,,,,,,,
7.744321919744834e-05,0.0020063493866473436,2025-11-22 06:59:17.438187,,,,,,,,,
7.723320595687255e-05,0.0015272301388904452,2025-11-22 06:59:17.687770,,,,,,,,,
7.656611705897376e-05,0.0017411313019692898,2025-11-22 06:59:17.948717,,,,,,,,,
7.582227408420295e-05,0.001743382541462779,2025-11-22 06:59:18.200247,,,,,,,,,
7.544830441474915e-05,0.001894444227218628,2025-11-22 06:59:18.443686,,,,,,,,,
7.585331331938505e-05,0.0017174248350784183,2025-11-22 06:59:18.678981,,,,,,,,,
7.665676821488887e-05,0.0018447388429194689,2025-11-22 06:59:18.935233,,,,,,,,,
7.626425940543413e-05,0.0017616632394492626,2025-11-22 06:59:19.182689,,,,,,,,,
7.577521319035441e-05,0.00204267306253314,2025-11-22 06:59:19.439030,,,,,,,,,
7.577486394438893e-05,0.001698254724033177,2025-11-22 06:59:19.671966,,,,,,,,,
7.601130346301943e-05,0.0017960848053917289,2025-11-22 06:59:19.921421,,,,,,,,,
7.631620246684179e-05,0.0017251839162781835,2025-11-22 06:59:20.168133,,,,,,,,,
7.68204263295047e-05,0.0020757727324962616,2025-11-22 06:59:20.413329,,,,,,,,,
7.904545782366768e-05,0.001757382764481008,2025-11-22 06:59:20.662763,,,,,,,,,
8.071673073573038e-05,0.0015729585429653525,2025-11-22 06:59:20.907807,,,,,,,,,
8.00469279056415e-05,0.0018733080942183733,2025-11-22 06:59:21.155076,,,,,,,,,
7.888796972110868e-05,0.0017655662959441543,2025-11-22 06:59:21.399196,,,,,,,,,
7.771062519168481e-05,0.0017098881071433425,2025-11-22 06:59:21.641264,,,,,,,,,
7.645232108188793e-05,0.0020833087619394064,2025-11-22 06:59:21.888031,,,,,,,,,
7.574033224955201e-05,0.0016925057861953974,2025-11-22 06:59:22.133430,,,,,,,,,
7.426942465826869e-05,0.0017313032876700163,2025-11-22 06:59:22.384678,,,,,,,,,
7.269308116519824e-05,0.0020208933856338263,2025-11-22 06:59:22.629729,,,,,,,,,
7.313342939596623e-05,0.0018161307089030743,2025-11-22 06:59:22.874784,,,,,,,,,
7.296102558029816e-05,0.0019600074738264084,2025-11-22 06:59:23.129840,,,,,,,,,
7.354366971412674e-05,0.002156390342861414,2025-11-22 06:59:23.381378,,,,,,,,,
7.468873809557408e-05,0.0016564206453040242,2025-11-22 06:59:23.638369,,,,,,,,,
7.44427161407657e-05,0.0016166884452104568,2025-11-22 06:59:23.875658,,,,,,,,,
7.453108992194757e-05,0.0017561790300533175,2025-11-22 06:59:24.115530,,,,,,,,,
7.602914411108941e-05,0.002313249744474888,2025-11-22 06:59:24.365996,,,,,,,,,
7.803577318554744e-05,0.0022660507820546627,2025-11-22 06:59:24.610257,,,,,,,,,
7.910777640063316e-05,0.0018370022298768163,2025-11-22 06:59:24.863429,,,,,,,,,
7.860305049689487e-05,0.0018699473002925515,2025-11-22 06:59:25.101143,,,,,,,,,
7.974818436196074e-05,0.0015855500241741538,2025-11-22 06:59:25.351288,,,,,,,,,
7.981669477885589e-05,0.0018339251400902867,2025-11-22 06:59:25.598990,,,,,,,,,
7.845890650060028e-05,0.00199521123431623,2025-11-22 06:59:25.843750,,,,,,,,,
7.794338307576254e-05,0.001591313281096518,2025-11-22 06:59:26.092518,,,,,,,,,
7.67139281379059e-05,0.0016198522644117475,2025-11-22 06:59:26.337340,,,,,,,,,
7.561497477581725e-05,0.001882912707515061,2025-11-22 06:59:26.587973,,,,,,,,,
7.46650475775823e-05,0.0016211926704272628,2025-11-22 06:59:26.831425,,,,,,,,,
7.385137723758817e-05,0.0018002060241997242,2025-11-22 06:59:27.077866,,,,,,,,,
7.357251161010936e-05,0.0020470195449888706,2025-11-22 06:59:27.331391,,,,,,,,,
7.483892841264606e-05,0.0018525165505707264,2025-11-22 06:59:27.570981,,,,,,,,,
7.464931695722044e-05,0.0020258433651179075,2025-11-22 06:59:27.818288,,,,,,,,,
7.530764560215175e-05,0.0020352916326373816,2025-11-22 06:59:28.063904,,,,,,,,,
7.56701483624056e-05,0.0017932989867404103,2025-11-22 06:59:28.317876,,,,,,,,,
7.646062294952571e-05,0.0016970225842669606,2025-11-22 06:59:28.555876,,,,,,,,,
7.707949407631531e-05,0.0018446020549163222,2025-11-22 06:59:28.804215,,,,,,,,,
7.710547652095556e-05,0.0018763340776786208,2025-11-22 06:59:29.066996,,,,,,,,,
7.825653301551938e-05,0.0017466951394453645,2025-11-22 06:59:29.300500,,,,,,,,,
7.869410183047876e-05,0.0021296869963407516,2025-11-22 06:59:29.544084,,,,,,,,,
7.791747339069843e-05,0.0016930042766034603,2025-11-22 06:59:29.799882,,,,,,,,,
7.635852671228349e-05,0.0017373025184497237,2025-11-22 06:59:30.042506,,,,,,,,,
7.639586692675948e-05,0.0017768439138308167,2025-11-22 06:59:30.284532,,,,,,,,,
7.695578096900135e-05,0.0018562390469014645,2025-11-22 06:59:30.528972,,,,,,,,,
7.668116450076923e-05,0.0015782250557094812,2025-11-22 06:59:30.791907,,,,,,,,,
7.528163405368105e-05,0.0019781843293458223,2025-11-22 06:59:31.045247,,,,,,,,,
7.430835103150457e-05,0.001909114420413971,2025-11-22 06:59:31.280941,,,,,,,,,
7.59241302148439e-05,0.0022643222473561764,2025-11-22 06:59:31.539724,,,,,,,,,
7.812313560862094e-05,0.0016228887252509594,2025-11-22 06:59:31.782450,,,,,,,,,
7.870406261645257e-05,0.0016454517608508468,2025-11-22 06:59:32.022246,,,,,,,,,
7.781986641930416e-05,0.0017330378759652376,2025-11-22 06:59:32.267276,,,,,,,,,
7.694768282817677e-05,0.0019339934224262834,2025-11-22 06:59:32.516571,,,,,,,,,
7.666818419238552e-05,0.0018472098745405674,2025-11-22 06:59:32.778207,,,,,,,,,
7.651755004189909e-05,0.0022388172801584005,2025-11-22 06:59:33.008852,,,,,,,,,
7.746778283035383e-05,0.0017976494273170829,2025-11-22 06:59:33.261906,,,,,,,,,
7.770227239234373e-05,0.0022794967517256737,2025-11-22 06:59:33.509387,,,,,,,,,
7.757018465781584e-05,0.0014222420286387205,2025-11-22 06:59:33.751650,,,,,,,,,
7.641487900400534e-05,0.0018646185053512454,2025-11-22 06:59:34.002304,,,,,,,,,
7.513573655160144e-05,0.002027471549808979,2025-11-22 06:59:34.245490,,,,,,,,,
7.469691627193242e-05,0.001985696144402027,2025-11-22 06:59:34.487998,,,,,,,,,
7.432562415488064e-05,0.0017807121621444821,2025-11-22 06:59:34.736002,,,,,,,,,
7.455438026227057e-05,0.0022673828061670065,2025-11-22 06:59:34.984448,,,,,,,,,
7.444049697369337e-05,0.0017600554274395108,2025-11-22 06:59:35.225657,,,,,,,,,
7.452780118910596e-05,0.0019378321012482047,2025-11-22 06:59:35.474239,,,,,,,,,
7.472207653336227e-05,0.0018257248448207974,2025-11-22 06:59:35.728411,,,,,,,,,
7.471688877558336e-05,0.0019061421044170856,2025-11-22 06:59:35.969809,,,,,,,,,
7.638683746336028e-05,0.001910076942294836,2025-11-22 06:59:36.218789,,,,,,,,,
7.810206443537027e-05,0.0016680652042850852,2025-11-22 06:59:36.466481,,,,,,,,,
7.697784894844517e-05,0.0017851954326033592,2025-11-22 06:59:36.730629,,,,,,,,,
7.565242412965745e-05,0.0018584372010082006,2025-11-22 06:59:36.959479,,,,,,,,,
7.533131429227069e-05,0.0015710181323811412,2025-11-22 06:59:37.200056,,,,,,,,,
7.506419933633879e-05,0.002146665006875992,2025-11-22 06:59:37.448041,,,,,,,,,
7.717879634583369e-05,0.0016734555829316378,2025-11-22 06:59:37.693778,,,,,,,,,
7.674760854570195e-05,0.0015231459401547909,2025-11-22 06:59:37.939326,,,,,,,,,
7.468206604244187e-05,0.001926578232087195,2025-11-22 06:59:38.190871,,,,,,,,,
7.258848927449435e-05,0.0024884005542844534,2025-11-22 06:59:38.439623,,,,,,,,,
7.432189158862457e-05,0.0019622298423200846,2025-11-22 06:59:38.681056,,,,,,,,,
7.600730896228924e-05,0.0020076376385986805,2025-11-22 06:59:38.931347,,,,,,,,,
7.702437869738787e-05,0.0018717487109825015,2025-11-22 06:59:39.175013,,,,,,,,,
7.72927887737751e-05,0.001621814793907106,2025-11-22 06:59:39.420814,,,,,,,,,
7.716321852058172e-05,0.0018591007683426142,2025-11-22 06:59:39.666896,,,,,,,,,
7.677242683712393e-05,0.0018747879657894373,2025-11-22 06:59:39.920342,,,,,,,,,
7.627092418260872e-05,0.0015628248220309615,2025-11-22 06:59:40.160016,,,,,,,,,
7.591000030515715e-05,0.001833308837376535,2025-11-22 06:59:40.407430,,,,,,,,,
7.601152901770547e-05,0.0019223777344450355,2025-11-22 06:59:40.653559,,,,,,,,,
7.66698140068911e-05,0.001955007901415229,2025-11-22 06:59:40.907827,,,,,,,,,
7.804634515196085e-05,0.002121067838743329,2025-11-22 06:59:41.145879,,,,,,,,,
7.856629235902801e-05,0.001730256131850183,2025-11-22 06:59:41.402198,,,,,,,,,
7.695024396525696e-05,0.0019706054590642452,2025-11-22 06:59:41.647077,,,,,,,,,
7.658402319066226e-05,0.0016052185092121363,2025-11-22 06:59:41.890825,,,,,,,,,
7.692771032452583e-05,0.0016746879555284977,2025-11-22 06:59:42.145470,,,,,,,,,
7.786547939758748e-05,0.0019909602124243975,2025-11-22 06:59:42.390946,,,,,,,,,
7.935245957924053e-05,0.0013598543591797352,2025-11-22 06:59:42.632928,,,,,,,,,
7.765114423818886e-05,0.0022127870470285416,2025-11-22 06:59:42.883533,,,,,,,,,
7.616233051521704e-05,0.0014484334969893098,2025-11-22 06:59:43.137202,,,,,,,,,
7.462834037141874e-05,0.0017563316505402327,2025-11-22 06:59:43.377951,,,,,,,,,
7.408735837088898e-05,0.0015406341990455985,2025-11-22 06:59:43.627685,,,,,,,,,
7.32089756638743e-05,0.0016464265063405037,2025-11-22 06:59:43.890314,,,,,,,,,
7.204345456557348e-05,0.00204972131177783,2025-11-22 06:59:44.136290,,,,,,,,,
7.19743620720692e-05,0.002134054433554411,2025-11-22 06:59:44.375015,,,,,,,,,
7.245843153214082e-05,0.0021065883338451385,2025-11-22 06:59:44.638627,,,,,,,,,
7.336935232160613e-05,0.001607706886716187,2025-11-22 06:59:44.871024,,,,,,,,,
7.341802847804502e-05,0.0016845599748194218,2025-11-22 06:59:45.118618,,,,,,,,,
7.294952229131013e-05,0.0023594144731760025,2025-11-22 06:59:45.361312,,,,,,,,,
7.421548070851713e-05,0.001758249243721366,2025-11-22 06:59:45.610486,,,,,,,,,
7.607973384438083e-05,0.0015251897275447845,2025-11-22 06:59:45.861096,,,,,,,,,
7.660155097255483e-05,0.0018208014080300927,2025-11-22 06:59:46.103973,,,,,,,,,
7.625455327797681e-05,0.00163224374409765,2025-11-22 06:59:46.352729,,,,,,,,,
7.560016092611477e-05,0.0018197838217020035,2025-11-22 06:59:46.599432,,,,,,,,,
7.475196616724133e-05,0.0019832653924822807,2025-11-22 06:59:46.841335,,,,,,,,,
7.483088847948238e-05,0.001672356273047626,2025-11-22 06:59:47.090675,,,,,,,,,
7.412823470076546e-05,0.0016620595706626773,2025-11-22 06:59:47.333518,,,,,,,,,
7.32175976736471e-05,0.0018999911844730377,2025-11-22 06:59:47.580276,,,,,,,,,
7.27216392988339e-05,0.0019201678223907948,2025-11-22 06:59:47.832366,,,,,,,,,
7.269391062436625e-05,0.0018512198003008962,2025-11-22 06:59:48.079632,,,,,,,,,
7.350561645580456e-05,0.002024010755121708,2025-11-22 06:59:48.323678,,,,,,,,,
7.432411803165451e-05,0.0018491926603019238,2025-11-22 06:59:48.578567,,,,,,,,,
7.628426828887314e-05,0.0020089324098080397,2025-11-22 06:59:48.820178,,,,,,,,,
7.736107363598421e-05,0.00185383390635252,2025-11-22 06:59:49.066003,,,,,,,,,
7.824243948562071e-05,0.0014277625596150756,2025-11-22 06:59:49.310420,,,,,,,,,
7.897686737123877e-05,0.001686936360783875,2025-11-22 06:59:49.562212,,,,,,,,,
7.831053517293185e-05,0.0016380667220801115,2025-11-22 06:59:49.810955,,,,,,,,,
7.61242990847677e-05,0.001951259677298367,2025-11-22 06:59:50.057118,,,,,,,,,
7.368765363935381e-05,0.001941160298883915,2025-11-22 06:59:50.299049,,,,,,,,,
7.295057002920657e-05,0.0017235118430107832,2025-11-22 06:59:50.551343,,,,,,,,,
7.344400364672765e-05,0.0018205431988462806,2025-11-22 06:59:50.792874,,,,,,,,,
7.329459913307801e-05,0.0017854546895250678,2025-11-22 06:59:51.037201,,,,,,,,,
7.258231926243752e-05,0.00219709356315434,2025-11-22 06:59:51.289870,,,,,,,,,
7.216663652798161e-05,0.001503929030150175,2025-11-22 06:59:51.536061,,,,,,,,,
7.363966869888827e-05,0.002132770139724016,2025-11-22 06:59:51.780102,,,,,,,,,
7.657970854779705e-05,0.002184020821005106,2025-11-22 06:59:52.029022,,,,,,,,,
7.860375626478344e-05,0.0015737778740003705,2025-11-22 06:59:52.272320,,,,,,,,,
,,2025-11-22 06:59:52.366732,7.593115964886642e-05,0.0018462611365571825,0.0001875,,,,,,
,,2025-11-22 07:00:00.230178,,,,27.115877151489258,9.830658912658691,,,,
,,2025-11-22 07:00:00.231810,,,,,,7.833831282019113e-05,0.0018671098245809285,27.115877151489258,9.830658912658691
7.83383147791028e-05,0.001714910613372922,2025-11-22 07:00:04.412171,,,,,,,,,
7.726417243247852e-05,0.0015378776006400585,2025-11-22 07:00:04.653549,,,,,,,,,
7.75030130171217e-05,0.0017119344556704164,2025-11-22 07:00:04.897481,,,,,,,,,
7.661781273782253e-05,0.001688221818767488,2025-11-22 07:00:05.147503,,,,,,,,,
7.51017068978399e-05,0.0018223857041448355,2025-11-22 07:00:05.390999,,,,,,,,,
7.415727304760367e-05,0.0018806693842634559,2025-11-22 07:00:05.634636,,,,,,,,,
7.382941839750856e-05,0.0020807404071092606,2025-11-22 07:00:05.890058,,,,,,,,,
7.353044929914176e-05,0.0022624353878200054,2025-11-22 07:00:06.127344,,,,,,,,,
7.389196252916008e-05,0.0018146224319934845,2025-11-22 07:00:06.375666,,,,,,,,,
7.357378490269184e-05,0.0019290039781481028,2025-11-22 07:00:06.619314,,,,,,,,,
7.367628859356046e-05,0.0016760826110839844,2025-11-22 07:00:06.871947,,,,,,,,,
7.483000081265345e-05,0.0016831158427521586,2025-11-22 07:00:07.111527,,,,,,,,,
7.600423123221844e-05,0.002116021467372775,2025-11-22 07:00:07.359352,,,,,,,,,
7.729481148999184e-05,0.0020755291916429996,2025-11-22 07:00:07.610355,,,,,,,,,
7.812401599949226e-05,0.0017890434246510267,2025-11-22 07:00:07.863150,,,,,,,,,
7.832657138351351e-05,0.0020436488557606936,2025-11-22 07:00:08.111036,,,,,,,,,
7.83908981247805e-05,0.001901649055071175,2025-11-22 07:00:08.351654,,,,,,,,,
7.836528675397858e-05,0.0018051806837320328,2025-11-22 07:00:08.594367,,,,,,,,,
7.738498243270442e-05,0.00199519214220345,2025-11-22 07:00:08.860646,,,,,,,,,
7.596918294439092e-05,0.0015917420387268066,2025-11-22 07:00:09.093868,,,,,,,,,
7.385160279227421e-05,0.0019551143050193787,2025-11-22 07:00:09.340883,,,,,,,,,
7.389036909444258e-05,0.0020925418939441442,2025-11-22 07:00:09.592282,,,,,,,,,
7.498190097976476e-05,0.001625651610083878,2025-11-22 07:00:09.825692,,,,,,,,,
7.527378329541534e-05,0.0016020123148337007,2025-11-22 07:00:10.105311,,,,,,,,,
7.42403426556848e-05,0.0021323608234524727,2025-11-22 07:00:10.335822,,,,,,,,,
7.43436103221029e-05,0.0020492528565227985,2025-11-22 07:00:10.570850,,,,,,,,,
7.588787411805242e-05,0.0017767278477549553,2025-11-22 07:00:10.824583,,,,,,,,,
7.691844075452536e-05,0.0019613709300756454,2025-11-22 07:00:11.068550,,,,,,,,,
7.693070801906288e-05,0.00213844096288085,2025-11-22 07:00:11.322390,,,,,,,,,
7.760465814499184e-05,0.001955596264451742,2025-11-22 07:00:11.591398,,,,,,,,,
7.726839248789474e-05,0.0016694447258487344,2025-11-22 07:00:11.825000,,,,,,,,,
7.605624705320224e-05,0.0014348778640851378,2025-11-22 07:00:12.077364,,,,,,,,,
7.436769374180585e-05,0.0020712607074528933,2025-11-22 07:00:12.328920,,,,,,,,,
7.415352592943236e-05,0.002266296185553074,2025-11-22 07:00:12.575281,,,,,,,,,
7.682275463594124e-05,0.0020950408652424812,2025-11-22 07:00:12.815701,,,,,,,,,
7.846818334655836e-05,0.0016983516979962587,2025-11-22 07:00:13.069743,,,,,,,,,
7.735182589385659e-05,0.001703136251308024,2025-11-22 07:00:13.306781,,,,,,,,,
7.544235268142074e-05,0.0015642315847799182,2025-11-22 07:00:13.551491,,,,,,,,,
7.438945613102987e-05,0.001779298298060894,2025-11-22 07:00:13.799020,,,,,,,,,
7.473500591004267e-05,0.0014773306902498007,2025-11-22 07:00:14.050154,,,,,,,,,
7.515620382037014e-05,0.0017201184527948499,2025-11-22 07:00:14.297746,,,,,,,,,
7.442457717843354e-05,0.0018466438632458448,2025-11-22 07:00:14.543965,,,,,,,,,
7.266645843628794e-05,0.0017783520743250847,2025-11-22 07:00:14.789583,,,,,,,,,
7.219393592095003e-05,0.0013894805451855063,2025-11-22 07:00:15.036049,,,,,,,,,
7.193392957560718e-05,0.0021586420480161905,2025-11-22 07:00:15.277673,,,,,,,,,
7.307162013603374e-05,0.0016516325995326042,2025-11-22 07:00:15.529472,,,,,,,,,
7.316016126424074e-05,0.001835061702877283,2025-11-22 07:00:15.777921,,,,,,,,,
7.335471309488639e-05,0.001569936634041369,2025-11-22 07:00:16.022458,,,,,,,,,
7.325084879994392e-05,0.002048576483502984,2025-11-22 07:00:16.273431,,,,,,,,,
7.330232620006427e-05,0.0018134800484403968,2025-11-22 07:00:16.516573,,,,,,,,,
7.396320870611817e-05,0.001590798725374043,2025-11-22 07:00:16.766963,,,,,,,,,
7.393140549538657e-05,0.0018725305562838912,2025-11-22 07:00:17.008528,,,,,,,,,
7.383305637631565e-05,0.001817570417188108,2025-11-22 07:00:17.253420,,,,,,,,,
7.443844515364617e-05,0.0018428546609357,2025-11-22 07:00:17.500481,,,,,,,,,
7.453303260263056e-05,0.0023070406168699265,2025-11-22 07:00:17.744293,,,,,,,,,
7.503282540710643e-05,0.0019301787251606584,2025-11-22 07:00:17.995482,,,,,,,,,
7.591499161208048e-05,0.0015588803216814995,2025-11-22 07:00:18.239940,,,,,,,,,
7.576900679850951e-05,0.0017525183502584696,2025-11-22 07:00:18.486062,,,,,,,,,
7.658892718609422e-05,0.0020479499362409115,2025-11-22 07:00:18.731794,,,,,,,,,
7.825860666343942e-05,0.0021460293792188168,2025-11-22 07:00:18.980781,,,,,,,,,
7.89212790550664e-05,0.0019162938697263598,2025-11-22 07:00:19.228776,,,,,,,,,
7.806145731592551e-05,0.001627609133720398,2025-11-22 07:00:19.479322,,,,,,,,,
7.631762127857655e-05,0.0016289111226797104,2025-11-22 07:00:19.722334,,,,,,,,,
7.500579522456974e-05,0.0019492629216983914,2025-11-22 07:00:19.982178,,,,,,,,,
7.390822429442778e-05,0.001987988594919443,2025-11-22 07:00:20.218225,,,,,,,,,
7.296056719496846e-05,0.0019875923171639442,2025-11-22 07:00:20.462777,,,,,,,,,
7.312772504519671e-05,0.0017456660280004144,2025-11-22 07:00:20.713466,,,,,,,,,
7.312127127079293e-05,0.001505451975390315,2025-11-22 07:00:20.964523,,,,,,,,,
7.284159801201895e-05,0.0017631963128224015,2025-11-22 07:00:21.204234,,,,,,,,,
7.201341941254213e-05,0.0019016287988051772,2025-11-22 07:00:21.458142,,,,,,,,,
7.256489334395155e-05,0.0019179627997800708,2025-11-22 07:00:21.702915,,,,,,,,,
7.485601236112416e-05,0.001960200257599354,2025-11-22 07:00:21.946986,,,,,,,,,
7.709385681664571e-05,0.0016691817436367273,2025-11-22 07:00:22.189909,,,,,,,,,
7.778999133734033e-05,0.0019931248389184475,2025-11-22 07:00:22.461645,,,,,,,,,
7.799853483447805e-05,0.0015550139360129833,2025-11-22 07:00:22.691046,,,,,,,,,
7.745872426312417e-05,0.0018610230181366205,2025-11-22 07:00:22.944286,,,,,,,,,
7.637977978447452e-05,0.001896796515211463,2025-11-22 07:00:23.189917,,,,,,,,,
7.559751975350082e-05,0.0018433858640491962,2025-11-22 07:00:23.430407,,,,,,,,,
7.56980080041103e-05,0.0016808602958917618,2025-11-22 07:00:23.679930,,,,,,,,,
7.532394374720752e-05,0.0018833201611414552,2025-11-22 07:00:23.924583,,,,,,,,,
7.420567999361083e-05,0.001792987808585167,2025-11-22 07:00:24.171658,,,,,,,,,
7.298913988051936e-05,0.0019411424873396754,2025-11-22 07:00:24.416832,,,,,,,,,
7.190075848484412e-05,0.002180446172133088,2025-11-22 07:00:24.664969,,,,,,,,,
7.213030039565638e-05,0.0019299288978800178,2025-11-22 07:00:24.920143,,,,,,,,,
7.227942114695907e-05,0.0017151455394923687,2025-11-22 07:00:25.161033,,,,,,,,,
7.262708822963759e-05,0.0018636496970430017,2025-11-22 07:00:25.405226,,,,,,,,,
7.138584624044597e-05,0.0017660103039816022,2025-11-22 07:00:25.659987,,,,,,,,,
6.980876787565649e-05,0.0021162121556699276,2025-11-22 07:00:25.905776,,,,,,,,,
7.036801980575547e-05,0.0016209171153604984,2025-11-22 07:00:26.150889,,,,,,,,,
7.272772927535698e-05,0.0016708036419004202,2025-11-22 07:00:26.407164,,,,,,,,,
7.536062912549824e-05,0.0019552113953977823,2025-11-22 07:00:26.646867,,,,,,,,,
7.735197141300887e-05,0.0018144802888855338,2025-11-22 07:00:26.890669,,,,,,,,,
7.952374289743602e-05,0.0016919872723519802,2025-11-22 07:00:27.148570,,,,,,,,,
7.977974019013345e-05,0.0014212288660928607,2025-11-22 07:00:27.401357,,,,,,,,,
7.847134838812053e-05,0.0019266906892880797,2025-11-22 07:00:27.652036,,,,,,,,,
7.81345515861176e-05,0.0023357763420790434,2025-11-22 07:00:27.889588,,,,,,,,,
7.902834477135912e-05,0.0019665155559778214,2025-11-22 07:00:28.143202,,,,,,,,,
8.024623821256682e-05,0.00214702682569623,2025-11-22 07:00:28.389531,,,,,,,,,
8.024198177736253e-05,0.001813586917705834,2025-11-22 07:00:28.638416,,,,,,,,,
7.864243525546044e-05,0.0015896436525508761,2025-11-22 07:00:28.902147,,,,,,,,,
7.597318472107872e-05,0.0016419360181316733,2025-11-22 07:00:29.142027,,,,,,,,,
7.366551290033385e-05,0.0019472219282761216,2025-11-22 07:00:29.385223,,,,,,,,,
7.277016993612051e-05,0.0017148135229945183,2025-11-22 07:00:29.630471,,,,,,,,,
7.332670065807179e-05,0.0017524687573313713,2025-11-22 07:00:29.876613,,,,,,,,,
7.433002610923722e-05,0.0020751834381371737,2025-11-22 07:00:30.121216,,,,,,,,,
7.43441705708392e-05,0.001936851185746491,2025-11-22 07:00:30.369618,,,,,,,,,
7.34922505216673e-05,0.002014355966821313,2025-11-22 07:00:30.629885,,,,,,,,,
7.412252307403833e-05,0.0020289893727749586,2025-11-22 07:00:30.870591,,,,,,,,,
7.590758468722925e-05,0.0020027104765176773,2025-11-22 07:00:31.122824,,,,,,,,,
7.799486047588289e-05,0.0016010099789127707,2025-11-22 07:00:31.369380,,,,,,,,,
7.858653407311067e-05,0.00176343135535717,2025-11-22 07:00:31.622261,,,,,,,,,
7.806703069945797e-05,0.0019070024136453867,2025-11-22 07:00:31.875670,,,,,,,,,
7.738165004411712e-05,0.0016122129745781422,2025-11-22 07:00:32.117171,,,,,,,,,
7.657072274014354e-05,0.0017133179353550076,2025-11-22 07:00:32.380217,,,,,,,,,
7.746397750452161e-05,0.0020258058793842793,2025-11-22 07:00:32.620676,,,,,,,,,
7.818404264980927e-05,0.0016803836915642023,2025-11-22 07:00:32.861795,,,,,,,,,
7.727969205006957e-05,0.0018211347050964832,2025-11-22 07:00:33.108194,,,,,,,,,
7.70983169786632e-05,0.001869182102382183,2025-11-22 07:00:33.355089,,,,,,,,,
7.746123446850106e-05,0.001665538060478866,2025-11-22 07:00:33.623851,,,,,,,,,
7.730649667792022e-05,0.00168440246488899,2025-11-22 07:00:33.851365,,,,,,,,,
7.594215276185423e-05,0.001811632770113647,2025-11-22 07:00:34.100168,,,,,,,,,
7.47087542549707e-05,0.0019245760049670935,2025-11-22 07:00:34.344749,,,,,,,,,
7.562519749626517e-05,0.002145268488675356,2025-11-22 07:00:34.591332,,,,,,,,,
7.6966782216914e-05,0.001922967261634767,2025-11-22 07:00:34.838082,,,,,,,,,
7.733291568001732e-05,0.002210698090493679,2025-11-22 07:00:35.084621,,,,,,,,,
7.76336164562963e-05,0.0018612185958772898,2025-11-22 07:00:35.343164,,,,,,,,,
7.846795051591471e-05,0.0018989193486049771,2025-11-22 07:00:35.581101,,,,,,,,,
7.969464058987796e-05,0.00167707703076303,2025-11-22 07:00:35.827040,,,,,,,,,
8.029501623241231e-05,0.0014797864714637399,2025-11-22 07:00:36.073907,,,,,,,,,
7.899583579273894e-05,0.0016245790757238865,2025-11-22 07:00:36.320967,,,,,,,,,
7.659350376343355e-05,0.0017220836598426104,2025-11-22 07:00:36.567916,,,,,,,,,
7.584115519421175e-05,0.0022334647364914417,2025-11-22 07:00:36.812051,,,,,,,,,
7.627964805578813e-05,0.0017801204230636358,2025-11-22 07:00:37.065208,,,,,,,,,
7.677245594095439e-05,0.0020468563307076693,2025-11-22 07:00:37.306780,,,,,,,,,
7.587064465042204e-05,0.0018770553870126605,2025-11-22 07:00:37.553385,,,,,,,,,
7.486514368792996e-05,0.0018678851192817092,2025-11-22 07:00:37.800495,,,,,,,,,
7.409797399304807e-05,0.00203164154663682,2025-11-22 07:00:38.047076,,,,,,,,,
7.50116232666187e-05,0.0016806860221549869,2025-11-22 07:00:38.297448,,,,,,,,,
7.581395766464993e-05,0.0015650467248633504,2025-11-22 07:00:38.537942,,,,,,,,,
7.412744889734313e-05,0.001865318394266069,2025-11-22 07:00:38.790572,,,,,,,,,
7.354057743214071e-05,0.0018378376262262464,2025-11-22 07:00:39.039346,,,,,,,,,
7.431365520460531e-05,0.0016047344543039799,2025-11-22 07:00:39.284737,,,,,,,,,
7.575550262117758e-05,0.002026089932769537,2025-11-22 07:00:39.532108,,,,,,,,,
7.704836752964184e-05,0.0016966061666607857,2025-11-22 07:00:39.779239,,,,,,,,,
,,2025-11-22 07:00:39.857891,7.560483572888188e-05,0.0018418790690096405,0.0001875,,,,,,
,,2025-11-22 07:00:48.290429,,,,27.213346481323242,9.817485809326172,,,,
,,2025-11-22 07:00:48.291650,,,,,,7.659977759780864e-05,0.0018728735964172161,27.213346481323242,9.817485809326172
7.659977563889697e-05,0.0016818377189338207,2025-11-22 07:00:52.746521,,,,,,,,,
7.541023660451174e-05,0.0017938453238457441,2025-11-22 07:00:52.984249,,,,,,,,,
7.463943620678037e-05,0.0021910113282501698,2025-11-22 07:00:53.230294,,,,,,,,,
7.540142541984096e-05,0.0019314074888825417,2025-11-22 07:00:53.478530,,,,,,,,,
7.516175537602976e-05,0.00193498726002872,2025-11-22 07:00:53.720598,,,,,,,,,
7.501211803173646e-05,0.0020013151224702597,2025-11-22 07:00:53.967401,,,,,,,,,
7.532221934525296e-05,0.0019066260429099202,2025-11-22 07:00:54.217347,,,,,,,,,
7.534800533903763e-05,0.0015358547680079937,2025-11-22 07:00:54.465521,,,,,,,,,
7.425885269185528e-05,0.0017816413892433047,2025-11-22 07:00:54.711789,,,,,,,,,
7.330928929150105e-05,0.0016366411000490189,2025-11-22 07:00:54.953248,,,,,,,,,
7.276031101355329e-05,0.001984579721465707,2025-11-22 07:00:55.209146,,,,,,,,,
7.399915921268985e-05,0.0015806593000888824,2025-11-22 07:00:55.444671,,,,,,,,,
7.400603499263525e-05,0.001835924107581377,2025-11-22 07:00:55.704127,,,,,,,,,
7.309076318051666e-05,0.0021622278727591038,2025-11-22 07:00:55.940560,,,,,,,,,
7.333823305089027e-05,0.0019111762521788478,2025-11-22 07:00:56.182861,,,,,,,,,
7.47842132113874e-05,0.002011080738157034,2025-11-22 07:00:56.436321,,,,,,,,,
7.620814722031355e-05,0.0016660357359796762,2025-11-22 07:00:56.678891,,,,,,,,,
7.621051918249577e-05,0.001852861954830587,2025-11-22 07:00:56.926892,,,,,,,,,
7.563782128272578e-05,0.0016696247039362788,2025-11-22 07:00:57.169182,,,,,,,,,
7.459701009793207e-05,0.0019745132885873318,2025-11-22 07:00:57.414703,,,,,,,,,
7.41865296731703e-05,0.0017111804336309433,2025-11-22 07:00:57.666394,,,,,,,,,
7.424468640238047e-05,0.002250742632895708,2025-11-22 07:00:57.905510,,,,,,,,,
7.571028982056305e-05,0.001862062606960535,2025-11-22 07:00:58.163144,,,,,,,,,
7.676134555367753e-05,0.001530077657662332,2025-11-22 07:00:58.404378,,,,,,,,,
7.694192026974633e-05,0.001639095600694418,2025-11-22 07:00:58.658054,,,,,,,,,
7.669003389310092e-05,0.0018652115250006318,2025-11-22 07:00:58.896199,,,,,,,,,
7.678635301999748e-05,0.0018738646758720279,2025-11-22 07:00:59.155895,,,,,,,,,
7.750627992209047e-05,0.0017822020454332232,2025-11-22 07:00:59.405663,,,,,,,,,
7.738449494354427e-05,0.001702717738226056,2025-11-22 07:00:59.641996,,,,,,,,,
7.621875556651503e-05,0.001998310210183263,2025-11-22 07:00:59.887560,,,,,,,,,
7.526210538344458e-05,0.0019777764100581408,2025-11-22 07:01:00.134960,,,,,,,,,
7.476900645997375e-05,0.0015006534522399306,2025-11-22 07:01:00.383955,,,,,,,,,
7.402162736980245e-05,0.0019937998149544,2025-11-22 07:01:00.631283,,,,,,,,,
7.335426198551431e-05,0.0015865933382883668,2025-11-22 07:01:00.875052,,,,,,,,,
7.270483183674514e-05,0.002120555844157934,2025-11-22 07:01:01.123553,,,,,,,,,
7.394595013465732e-05,0.001872110296972096,2025-11-22 07:01:01.366515,,,,,,,,,
7.47716476325877e-05,0.001774465199559927,2025-11-22 07:01:01.624829,,,,,,,,,
7.383878255495802e-05,0.0019996517803519964,2025-11-22 07:01:01.867613,,,,,,,,,
7.254262163769454e-05,0.00162665662355721,2025-11-22 07:01:02.103100,,,,,,,,,
7.251060742419213e-05,0.0016833635745570064,2025-11-22 07:01:02.353741,,,,,,,,,
7.436765736201778e-05,0.0020049482118338346,2025-11-22 07:01:02.601056,,,,,,,,,
7.580022065667436e-05,0.002039787359535694,2025-11-22 07:01:02.845973,,,,,,,,,
7.698569243075326e-05,0.001564888283610344,2025-11-22 07:01:03.095112,,,,,,,,,
7.616870425408706e-05,0.0017488226294517517,2025-11-22 07:01:03.339315,,,,,,,,,
7.47652884456329e-05,0.0017749783582985401,2025-11-22 07:01:03.582328,,,,,,,,,
7.442844798788428e-05,0.0016325871692970395,2025-11-22 07:01:03.839853,,,,,,,,,
7.478545740013942e-05,0.0021623773500323296,2025-11-22 07:01:04.093456,,,,,,,,,
7.674667722312734e-05,0.0021101010497659445,2025-11-22 07:01:04.342413,,,,,,,,,
7.815931894583628e-05,0.0016505414387211204,2025-11-22 07:01:04.593401,,,,,,,,,
7.741992158116773e-05,0.00186641002073884,2025-11-22 07:01:04.826992,,,,,,,,,
7.740552973700687e-05,0.0018541580066084862,2025-11-22 07:01:05.078819,,,,,,,,,
7.726946205366403e-05,0.0019385629566386342,2025-11-22 07:01:05.322152,,,,,,,,,
7.761677989037707e-05,0.002016525948420167,2025-11-22 07:01:05.574242,,,,,,,,,
7.874191942391917e-05,0.0017110196640715003,2025-11-22 07:01:05.814865,,,,,,,,,
7.997241482371464e-05,0.0019109597196802497,2025-11-22 07:01:06.059944,,,,,,,,,
7.999385707080364e-05,0.001882199547253549,2025-11-22 07:01:06.315235,,,,,,,,,
7.91567872511223e-05,0.0015098538715392351,2025-11-22 07:01:06.563096,,,,,,,,,
7.678617839701474e-05,0.0017309392569586635,2025-11-22 07:01:06.825913,,,,,,,,,
7.472207653336227e-05,0.0015735633205622435,2025-11-22 07:01:07.063571,,,,,,,,,
7.332290260819718e-05,0.0018937182612717152,2025-11-22 07:01:07.302569,,,,,,,,,
7.303396705538034e-05,0.0016260703559964895,2025-11-22 07:01:07.557131,,,,,,,,,
7.254468800965697e-05,0.001707698218524456,2025-11-22 07:01:07.805958,,,,,,,,,
7.093923341017216e-05,0.0020165028981864452,2025-11-22 07:01:08.048815,,,,,,,,,
7.152335456339642e-05,0.0015665546525269747,2025-11-22 07:01:08.296844,,,,,,,,,
7.295838440768421e-05,0.0018881575670093298,2025-11-22 07:01:08.547448,,,,,,,,,
7.511900184908882e-05,0.0017740217735990882,2025-11-22 07:01:08.801947,,,,,,,,,
7.613308844156563e-05,0.0017949913162738085,2025-11-22 07:01:09.044153,,,,,,,,,
7.647309394087642e-05,0.001695160986855626,2025-11-22 07:01:09.284577,,,,,,,,,
7.62299241614528e-05,0.0016215159557759762,2025-11-22 07:01:09.541061,,,,,,,,,
7.550942245870829e-05,0.002001221524551511,2025-11-22 07:01:09.794694,,,,,,,,,
7.489364361390471e-05,0.002007194561883807,2025-11-22 07:01:10.035936,,,,,,,,,
7.543669198639691e-05,0.0022564090322703123,2025-11-22 07:01:10.277091,,,,,,,,,
7.734561222605407e-05,0.00198699370957911,2025-11-22 07:01:10.528813,,,,,,,,,
7.92744176578708e-05,0.0022818788420408964,2025-11-22 07:01:10.774736,,,,,,,,,
8.155882096616551e-05,0.001981460489332676,2025-11-22 07:01:11.033003,,,,,,,,,
8.22892106953077e-05,0.0019228127785027027,2025-11-22 07:01:11.266741,,,,,,,,,
8.197961142286658e-05,0.001920243725180626,2025-11-22 07:01:11.512533,,,,,,,,,
8.183717000065371e-05,0.0016192315379157662,2025-11-22 07:01:11.775393,,,,,,,,,
7.985956472111866e-05,0.0017657753778621554,2025-11-22 07:01:12.017870,,,,,,,,,
7.77056411607191e-05,0.0019677963573485613,2025-11-22 07:01:12.273342,,,,,,,,,
7.61875489843078e-05,0.001983126625418663,2025-11-22 07:01:12.516377,,,,,,,,,
7.471237040590495e-05,0.002019873820245266,2025-11-22 07:01:12.769126,,,,,,,,,
7.298069976968691e-05,0.0015009648632258177,2025-11-22 07:01:13.005825,,,,,,,,,
7.15397036401555e-05,0.0020593355875462294,2025-11-22 07:01:13.263753,,,,,,,,,
7.211959746200591e-05,0.0016913126455619931,2025-11-22 07:01:13.507336,,,,,,,,,
7.27273290976882e-05,0.0020662439055740833,2025-11-22 07:01:13.755840,,,,,,,,,
7.289397035492584e-05,0.0018631392158567905,2025-11-22 07:01:13.997912,,,,,,,,,
7.264428859343752e-05,0.0016691782511770725,2025-11-22 07:01:14.245079,,,,,,,,,
7.247050962178037e-05,0.0016851125983521342,2025-11-22 07:01:14.495584,,,,,,,,,
7.343858305830508e-05,0.0017270541284233332,2025-11-22 07:01:14.738954,,,,,,,,,
7.458576874341816e-05,0.0016805405030027032,2025-11-22 07:01:14.986287,,,,,,,,,
7.575945346616209e-05,0.0016156572382897139,2025-11-22 07:01:15.232830,,,,,,,,,
7.560205995105207e-05,0.0019763782620429993,2025-11-22 07:01:15.475803,,,,,,,,,
7.529111462645233e-05,0.0019469494000077248,2025-11-22 07:01:15.728465,,,,,,,,,
7.601246034028009e-05,0.002006975933909416,2025-11-22 07:01:15.970510,,,,,,,,,
7.565069245174527e-05,0.0018028626218438148,2025-11-22 07:01:16.216084,,,,,,,,,
7.4606308771763e-05,0.001974445302039385,2025-11-22 07:01:16.467856,,,,,,,,,
7.4353716627229e-05,0.0019303534645587206,2025-11-22 07:01:16.717014,,,,,,,,,
7.4758667324204e-05,0.001751433126628399,2025-11-22 07:01:16.962085,,,,,,,,,
7.504811947001144e-05,0.0015781818656250834,2025-11-22 07:01:17.207886,,,,,,,,,
7.413918501697481e-05,0.0018889443017542362,2025-11-22 07:01:17.456363,,,,,,,,,
7.482124055968598e-05,0.0017112273490056396,2025-11-22 07:01:17.701785,,,,,,,,,
7.556037598988041e-05,0.002199919195845723,2025-11-22 07:01:17.968217,,,,,,,,,
7.792584074195474e-05,0.0017356961034238338,2025-11-22 07:01:18.201964,,,,,,,,,
7.846104563213885e-05,0.0016808646032586694,2025-11-22 07:01:18.454270,,,,,,,,,
7.829444803064689e-05,0.0021774217020720243,2025-11-22 07:01:18.696747,,,,,,,,,
7.855381409171969e-05,0.0020799017511308193,2025-11-22 07:01:18.943359,,,,,,,,,
7.87496319389902e-05,0.0017207651399075985,2025-11-22 07:01:19.193104,,,,,,,,,
7.793310942361131e-05,0.001965947914868593,2025-11-22 07:01:19.437889,,,,,,,,,
7.72349740145728e-05,0.0017041517421603203,2025-11-22 07:01:19.690407,,,,,,,,,
7.580528472317383e-05,0.0016018893802538514,2025-11-22 07:01:19.953812,,,,,,,,,
7.447229290846735e-05,0.001468641683459282,2025-11-22 07:01:20.188766,,,,,,,,,
7.262315921252593e-05,0.0020788542460650206,2025-11-22 07:01:20.437151,,,,,,,,,
7.235604425659403e-05,0.0019333951640874147,2025-11-22 07:01:20.681838,,,,,,,,,
7.322966121137142e-05,0.001997478771954775,2025-11-22 07:01:20.933673,,,,,,,,,
7.398932939395308e-05,0.0018565250793471932,2025-11-22 07:01:21.175564,,,,,,,,,
7.440703484462574e-05,0.0016570677980780602,2025-11-22 07:01:21.431438,,,,,,,,,
7.510845898650587e-05,0.001377233536913991,2025-11-22 07:01:21.670143,,,,,,,,,
7.541728700743988e-05,0.0017660813173279166,2025-11-22 07:01:21.917132,,,,,,,,,
7.573633047286421e-05,0.0018612903077155352,2025-11-22 07:01:22.161512,,,,,,,,,
7.648325117770582e-05,0.0019409015076234937,2025-11-22 07:01:22.411457,,,,,,,,,
7.867092062951997e-05,0.0019054419826716185,2025-11-22 07:01:22.658412,,,,,,,,,
7.91861311881803e-05,0.0019710524939000607,2025-11-22 07:01:22.922242,,,,,,,,,
7.987856224644929e-05,0.001674107857979834,2025-11-22 07:01:23.152279,,,,,,,,,
7.895300223026425e-05,0.0016503112856298685,2025-11-22 07:01:23.398547,,,,,,,,,
7.749775977572426e-05,0.0019702729769051075,2025-11-22 07:01:23.648670,,,,,,,,,
7.783649198245257e-05,0.0016947832191362977,2025-11-22 07:01:23.908408,,,,,,,,,
7.808972441125661e-05,0.0016291801584884524,2025-11-22 07:01:24.158919,,,,,,,,,
7.652895874343812e-05,0.0017751064151525497,2025-11-22 07:01:24.396192,,,,,,,,,
7.499253115383908e-05,0.0014893270563334227,2025-11-22 07:01:24.656745,,,,,,,,,
7.353776163654402e-05,0.001708574709482491,2025-11-22 07:01:24.906437,,,,,,,,,
7.240050763357431e-05,0.002162860706448555,2025-11-22 07:01:25.147223,,,,,,,,,
7.221919804578647e-05,0.0015900646103546023,2025-11-22 07:01:25.396562,,,,,,,,,
7.175529754022136e-05,0.002304146531969309,2025-11-22 07:01:25.637936,,,,,,,,,
7.180023385444656e-05,0.0016836455324664712,2025-11-22 07:01:25.888826,,,,,,,,,
7.13793997419998e-05,0.001659492845647037,2025-11-22 07:01:26.145769,,,,,,,,,
7.130672747734934e-05,0.0018530588131397963,2025-11-22 07:01:26.385151,,,,,,,,,
7.212506170617417e-05,0.0019514226587489247,2025-11-22 07:01:26.637140,,,,,,,,,
7.335795817198232e-05,0.0018266120459884405,2025-11-22 07:01:26.880075,,,,,,,,,
7.518324855482206e-05,0.0018533356487751007,2025-11-22 07:01:27.137860,,,,,,,,,
7.659645052626729e-05,0.0018717733910307288,2025-11-22 07:01:27.376406,,,,,,,,,
7.763903704471886e-05,0.0015108680818229914,2025-11-22 07:01:27.621440,,,,,,,,,
7.67094679758884e-05,0.0015104564372450113,2025-11-22 07:01:27.873696,,,,,,,,,
7.552988245151937e-05,0.002096808748319745,2025-11-22 07:01:28.119189,,,,,,,,,
,,2025-11-22 07:01:28.219942,7.54886553598529e-05,0.0018308999925567252,0.0001875,,,,,,
,,2025-11-22 07:01:36.707727,,,,27.210620880126953,9.838929176330566,,,,
,,2025-11-22 07:01:36.709074,,,,,,7.664783110018246e-05,0.0018646656804216595,27.210620880126953,9.838929176330566
7.664782606298104e-05,0.0018749559530988336,2025-11-22 07:01:40.577248,,,,,,,,,
7.832135452190414e-05,0.0016069982666522264,2025-11-22 07:01:40.823131,,,,,,,,,
7.733831444056705e-05,0.0016308494377881289,2025-11-22 07:01:41.078214,,,,,,,,,
7.529008871642873e-05,0.001956162741407752,2025-11-22 07:01:41.312234,,,,,,,,,
7.479496707674116e-05,0.0019342844607308507,2025-11-22 07:01:41.563284,,,,,,,,,
7.463525980710983e-05,0.001707396237179637,2025-11-22 07:01:41.800514,,,,,,,,,
7.441751949954778e-05,0.0019769801292568445,2025-11-22 07:01:42.053289,,,,,,,,,
7.460758206434548e-05,0.001793879666365683,2025-11-22 07:01:42.308618,,,,,,,,,
7.596216892125085e-05,0.001922487048432231,2025-11-22 07:01:42.547587,,,,,,,,,
7.717732660239562e-05,0.001707612187601626,2025-11-22 07:01:42.791264,,,,,,,,,
7.739548163954169e-05,0.0013289283961057663,2025-11-22 07:01:43.038584,,,,,,,,,
7.640288822585717e-05,0.001607697457075119,2025-11-22 07:01:43.282795,,,,,,,,,
7.509301940444857e-05,0.001669139601290226,2025-11-22 07:01:43.531025,,,,,,,,,
7.473937148461118e-05,0.0017377454787492752,2025-11-22 07:01:43.774985,,,,,,,,,
7.405286305584013e-05,0.0020171315409243107,2025-11-22 07:01:44.024125,,,,,,,,,
7.429326797137037e-05,0.0018776358338072896,2025-11-22 07:01:44.267096,,,,,,,,,
7.310289947781712e-05,0.002049358794465661,2025-11-22 07:01:44.524259,,,,,,,,,
7.244420703500509e-05,0.0016587066929787397,2025-11-22 07:01:44.757100,,,,,,,,,
7.29716703062877e-05,0.0018646030221134424,2025-11-22 07:01:45.002893,,,,,,,,,
7.277849363163114e-05,0.002066301880404353,2025-11-22 07:01:45.267972,,,,,,,,,
7.351627573370934e-05,0.0019077028846368194,2025-11-22 07:01:45.500792,,,,,,,,,
7.462342182407156e-05,0.0019872162956744432,2025-11-22 07:01:45.754802,,,,,,,,,
7.625465514138341e-05,0.0021140885073691607,2025-11-22 07:01:45.990261,,,,,,,,,
7.772514072712511e-05,0.001865730038844049,2025-11-22 07:01:46.239889,,,,,,,,,
7.861406629672274e-05,0.001898113638162613,2025-11-22 07:01:46.495613,,,,,,,,,
7.880196790210903e-05,0.0019747032783925533,2025-11-22 07:01:46.735270,,,,,,,,,
7.805130735505372e-05,0.0016594012267887592,2025-11-22 07:01:46.991681,,,,,,,,,
7.818680023774505e-05,0.00178380380384624,2025-11-22 07:01:47.239606,,,,,,,,,
7.818096491973847e-05,0.001792627153918147,2025-11-22 07:01:47.490785,,,,,,,,,
7.68485406297259e-05,0.001787597662769258,2025-11-22 07:01:47.737690,,,,,,,,,
7.547605491708964e-05,0.001531534013338387,2025-11-22 07:01:47.990186,,,,,,,,,
7.351229578489438e-05,0.0015635855961591005,2025-11-22 07:01:48.244847,,,,,,,,,
7.158351218095049e-05,0.001498642610386014,2025-11-22 07:01:48.476727,,,,,,,,,
7.142814865801483e-05,0.0017567866016179323,2025-11-22 07:01:48.728219,,,,,,,,,
7.216887752292678e-05,0.00202734163030982,2025-11-22 07:01:48.980605,,,,,,,,,
7.280483259819448e-05,0.001954164821654558,2025-11-22 07:01:49.229635,,,,,,,,,
7.344385085161775e-05,0.0018163020722568035,2025-11-22 07:01:49.469860,,,,,,,,,
7.449003896908835e-05,0.0016753118252381682,2025-11-22 07:01:49.728081,,,,,,,,,
7.53658969188109e-05,0.0018665458774194121,2025-11-22 07:01:49.963433,,,,,,,,,
7.716447726124898e-05,0.0017726158257573843,2025-11-22 07:01:50.208391,,,,,,,,,
7.902106881374493e-05,0.0016328493366017938,2025-11-22 07:01:50.461315,,,,,,,,,
7.880792691139504e-05,0.0020158912520855665,2025-11-22 07:01:50.708333,,,,,,,,,
7.873453432694077e-05,0.0017929268069565296,2025-11-22 07:01:50.950851,,,,,,,,,
7.734488463029265e-05,0.0019220159156247973,2025-11-22 07:01:51.191471,,,,,,,,,
7.581832323921844e-05,0.0016641385154798627,2025-11-22 07:01:51.438325,,,,,,,,,
7.456028106389567e-05,0.0019260565750300884,2025-11-22 07:01:51.692223,,,,,,,,,
7.502807420678437e-05,0.0017876029014587402,2025-11-22 07:01:51.938147,,,,,,,,,
7.454714796040207e-05,0.0017764430958777666,2025-11-22 07:01:52.184468,,,,,,,,,
7.335032569244504e-05,0.0020448705181479454,2025-11-22 07:01:52.426173,,,,,,,,,
7.301828009076416e-05,0.0016394956037402153,2025-11-22 07:01:52.679151,,,,,,,,,
7.295500108739361e-05,0.0019438841845840216,2025-11-22 07:01:52.928759,,,,,,,,,
7.356653804890811e-05,0.0015763650881126523,2025-11-22 07:01:53.167487,,,,,,,,,
7.391337567241862e-05,0.0020705643109977245,2025-11-22 07:01:53.417267,,,,,,,,,
7.458980689989403e-05,0.001790427602827549,2025-11-22 07:01:53.668348,,,,,,,,,
7.48670136090368e-05,0.0020614222157746553,2025-11-22 07:01:53.924996,,,,,,,,,
7.489638664992526e-05,0.0020027540158480406,2025-11-22 07:01:54.158311,,,,,,,,,
7.463368092430755e-05,0.001841409015469253,2025-11-22 07:01:54.404411,,,,,,,,,
7.51082698116079e-05,0.0019409350352361798,2025-11-22 07:01:54.659997,,,,,,,,,
7.624034333275631e-05,0.0016514086164534092,2025-11-22 07:01:54.896710,,,,,,,,,
7.837483281036839e-05,0.0016119194915518165,2025-11-22 07:01:55.145000,,,,,,,,,
7.825755164958537e-05,0.002069481648504734,2025-11-22 07:01:55.398247,,,,,,,,,
7.775566336931661e-05,0.002138369018211961,2025-11-22 07:01:55.641710,,,,,,,,,
7.765486225252971e-05,0.0021335750352591276,2025-11-22 07:01:55.887628,,,,,,,,,
7.796048157615587e-05,0.0015779571840539575,2025-11-22 07:01:56.133530,,,,,,,,,
7.752232340862975e-05,0.0013747368939220905,2025-11-22 07:01:56.387415,,,,,,,,,
7.594531052745879e-05,0.001635040738619864,2025-11-22 07:01:56.635367,,,,,,,,,
7.486366666853428e-05,0.001763131469488144,2025-11-22 07:01:56.883782,,,,,,,,,
7.359158189501613e-05,0.0017182388110086322,2025-11-22 07:01:57.132003,,,,,,,,,
7.17063740012236e-05,0.0017256413120776415,2025-11-22 07:01:57.371868,,,,,,,,,
7.071764412103221e-05,0.0019475355511531234,2025-11-22 07:01:57.618419,,,,,,,,,
7.074386667227373e-05,0.0016851532272994518,2025-11-22 07:01:57.866021,,,,,,,,,
7.11136672180146e-05,0.0021041983272880316,2025-11-22 07:01:58.123925,,,,,,,,,
7.325752085307613e-05,0.001711997319944203,2025-11-22 07:01:58.356868,,,,,,,,,
7.555737101938576e-05,0.001995646860450506,2025-11-22 07:01:58.602465,,,,,,,,,
7.729722710791975e-05,0.0019295536912977695,2025-11-22 07:01:58.849900,,,,,,,,,
7.806970097590238e-05,0.0017558811232447624,2025-11-22 07:01:59.102439,,,,,,,,,
7.883434591349214e-05,0.0019175668712705374,2025-11-22 07:01:59.375562,,,,,,,,,
7.949985592858866e-05,0.001677263411693275,2025-11-22 07:01:59.599983,,,,,,,,,
7.921592623461038e-05,0.0018279047217220068,2025-11-22 07:01:59.844980,,,,,,,,,
7.804555934853852e-05,0.0019157339120283723,2025-11-22 07:02:00.092881,,,,,,,,,
7.671821367694065e-05,0.002043480984866619,2025-11-22 07:02:00.333119,,,,,,,,,
7.558384822914377e-05,0.0017818949418142438,2025-11-22 07:02:00.575814,,,,,,,,,
7.429464312735945e-05,0.0016412708209827542,2025-11-22 07:02:00.836307,,,,,,,,,
7.328009814955294e-05,0.0017251145327463746,2025-11-22 07:02:01.078700,,,,,,,,,
7.257729885168374e-05,0.001731633790768683,2025-11-22 07:02:01.319755,,,,,,,,,
7.256098615471274e-05,0.002166967373341322,2025-11-22 07:02:01.566423,,,,,,,,,
7.42147458367981e-05,0.0019355843542143703,2025-11-22 07:02:01.812177,,,,,,,,,
7.544844993390143e-05,0.0015722373500466347,2025-11-22 07:02:02.079181,,,,,,,,,
7.580185047117993e-05,0.0019560300279408693,2025-11-22 07:02:02.324653,,,,,,,,,
7.541707600466907e-05,0.0018092204118147492,2025-11-22 07:02:02.564396,,,,,,,,,
7.542876846855506e-05,0.0015035246033221483,2025-11-22 07:02:02.815543,,,,,,,,,
7.558819925179705e-05,0.001990274293348193,2025-11-22 07:02:03.060371,,,,,,,,,
7.560734229627997e-05,0.0017545291921123862,2025-11-22 07:02:03.308006,,,,,,,,,
7.472328434232622e-05,0.0022299825213849545,2025-11-22 07:02:03.557929,,,,,,,,,
7.423478382406756e-05,0.001808802131563425,2025-11-22 07:02:03.797194,,,,,,,,,
7.406846270896494e-05,0.001964235445484519,2025-11-22 07:02:04.043033,,,,,,,,,
7.40543327992782e-05,0.001308209029957652,2025-11-22 07:02:04.312393,,,,,,,,,
7.408563396893442e-05,0.0020635821856558323,2025-11-22 07:02:04.552014,,,,,,,,,
7.5369534897618e-05,0.002071170136332512,2025-11-22 07:02:04.793355,,,,,,,,,
7.782468310324475e-05,0.0016691569471731782,2025-11-22 07:02:05.039208,,,,,,,,,
7.721831934759393e-05,0.0017061925027519464,2025-11-22 07:02:05.286149,,,,,,,,,
7.553675823146477e-05,0.0020801923237740993,2025-11-22 07:02:05.530259,,,,,,,,,
7.486727554351091e-05,0.002120751654729247,2025-11-22 07:02:05.783917,,,,,,,,,
7.567347347503528e-05,0.0017106126761063933,2025-11-22 07:02:06.028267,,,,,,,,,
7.549079600721598e-05,0.002216172404587269,2025-11-22 07:02:06.271265,,,,,,,,,
7.579439989058301e-05,0.0015898882411420345,2025-11-22 07:02:06.520127,,,,,,,,,
7.425601506838575e-05,0.0018498265417292714,2025-11-22 07:02:06.766278,,,,,,,,,
7.266027387231588e-05,0.002103869803249836,2025-11-22 07:02:07.014595,,,,,,,,,
7.31814798200503e-05,0.001827741740271449,2025-11-22 07:02:07.266405,,,,,,,,,
7.435664156218991e-05,0.001550297369249165,2025-11-22 07:02:07.503516,,,,,,,,,
7.515050674555823e-05,0.001842560595832765,2025-11-22 07:02:07.752141,,,,,,,,,
7.48693200876005e-05,0.0017710321117192507,2025-11-22 07:02:07.998355,,,,,,,,,
7.392559928121045e-05,0.0019427327206358314,2025-11-22 07:02:08.247946,,,,,,,,,
7.648600148968399e-05,0.001817107666283846,2025-11-22 07:02:08.491919,,,,,,,,,
7.835162978153676e-05,0.001638738322071731,2025-11-22 07:02:08.741829,,,,,,,,,
7.761774759273976e-05,0.0016544421669095755,2025-11-22 07:02:08.986061,,,,,,,,,
7.724021270405501e-05,0.0016746791079640388,2025-11-22 07:02:09.232566,,,,,,,,,
7.698506669839844e-05,0.0018573427805677056,2025-11-22 07:02:09.478776,,,,,,,,,
7.674020162085071e-05,0.001780343009158969,2025-11-22 07:02:09.726143,,,,,,,,,
7.547568384325132e-05,0.0019760490395128727,2025-11-22 07:02:09.977847,,,,,,,,,
7.446989911841229e-05,0.0019341415027156472,2025-11-22 07:02:10.224206,,,,,,,,,
7.487381662940606e-05,0.0019288359908387065,2025-11-22 07:02:10.473987,,,,,,,,,
7.612244371557608e-05,0.002079529920592904,2025-11-22 07:02:10.730631,,,,,,,,,
7.615653885295615e-05,0.0017572856741026044,2025-11-22 07:02:10.977928,,,,,,,,,
7.609237945871428e-05,0.0017919039819389582,2025-11-22 07:02:11.222129,,,,,,,,,
7.553829345852137e-05,0.0016573528992012143,2025-11-22 07:02:11.468323,,,,,,,,,
7.497995102312416e-05,0.0017642960883677006,2025-11-22 07:02:11.719048,,,,,,,,,
7.36523506930098e-05,0.001519292825832963,2025-11-22 07:02:11.965708,,,,,,,,,
7.19018280506134e-05,0.0019415616989135742,2025-11-22 07:02:12.209833,,,,,,,,,
7.057172479107976e-05,0.001791483606211841,2025-11-22 07:02:12.455562,,,,,,,,,
6.957249570405111e-05,0.001678972039371729,2025-11-22 07:02:12.704791,,,,,,,,,
6.985554500715807e-05,0.0018993649864569306,2025-11-22 07:02:12.949778,,,,,,,,,
7.12031323928386e-05,0.001767881796695292,2025-11-22 07:02:13.197985,,,,,,,,,
7.229225593619049e-05,0.0017287142109125853,2025-11-22 07:02:13.444927,,,,,,,,,
7.384549098787829e-05,0.0015579316532239318,2025-11-22 07:02:13.688290,,,,,,,,,
7.511979492846876e-05,0.0020288992673158646,2025-11-22 07:02:13.949007,,,,,,,,,
7.664752774871886e-05,0.0018899488495662808,2025-11-22 07:02:14.183722,,,,,,,,,
7.767772331135347e-05,0.0017763699870556593,2025-11-22 07:02:14.434376,,,,,,,,,
7.818111771484837e-05,0.0017811908619478345,2025-11-22 07:02:14.679789,,,,,,,,,
7.796679710736498e-05,0.0016228966414928436,2025-11-22 07:02:14.924208,,,,,,,,,
7.756920967949554e-05,0.001971539808437228,2025-11-22 07:02:15.173910,,,,,,,,,
7.666014425922185e-05,0.0018380695255473256,2025-11-22 07:02:15.418288,,,,,,,,,
7.667811587452888e-05,0.00202579190954566,2025-11-22 07:02:15.672235,,,,,,,,,
7.530330185545608e-05,0.0017937239026650786,2025-11-22 07:02:15.921801,,,,,,,,,
,,2025-11-22 07:02:16.008424,7.527351256915911e-05,0.0018228132701349547,0.0001875,,,,,,
,,2025-11-22 07:02:24.553438,,,,27.357349395751953,9.780631065368652,,,,
,,2025-11-22 07:02:24.554399,,,,,,7.41015246603638e-05,0.0018887181694690997,27.357349395751953,9.780631065368652
7.41015246603638e-05,0.0019475274020805955,2025-11-22 07:02:29.502640,,,,,,,,,
7.334481051657349e-05,0.0019942547660320997,2025-11-22 07:02:29.750612,,,,,,,,,
7.399021706078202e-05,0.0016832067631185055,2025-11-22 07:02:29.994243,,,,,,,,,
7.447120879078284e-05,0.0015096182469278574,2025-11-22 07:02:30.237313,,,,,,,,,
7.453216676367447e-05,0.0018620312912389636,2025-11-22 07:02:30.484636,,,,,,,,,
7.523357635363936e-05,0.001964529976248741,2025-11-22 07:02:30.726899,,,,,,,,,
7.671763160033152e-05,0.001975723309442401,2025-11-22 07:02:30.971182,,,,,,,,,
7.771881064400077e-05,0.0017315655713900924,2025-11-22 07:02:31.225380,,,,,,,,,
7.776194979669526e-05,0.0019427447114139795,2025-11-22 07:02:31.461921,,,,,,,,,
7.834058487787843e-05,0.0018159577157348394,2025-11-22 07:02:31.708861,,,,,,,,,
7.81429698690772e-05,0.0020433685276657343,2025-11-22 07:02:31.956130,,,,,,,,,
7.679423288209364e-05,0.0018211142159998417,2025-11-22 07:02:32.213599,,,,,,,,,
7.558831566711888e-05,0.0017596642719581723,2025-11-22 07:02:32.453282,,,,,,,,,
7.426918455166742e-05,0.0017357610631734133,2025-11-22 07:02:32.694883,,,,,,,,,
7.397260196739808e-05,0.0018877083202823997,2025-11-22 07:02:32.942006,,,,,,,,,
7.435806037392467e-05,0.0018656650790944695,2025-11-22 07:02:33.195965,,,,,,,,,
7.41650874260813e-05,0.0018058278365060687,2025-11-22 07:02:33.432284,,,,,,,,,
7.342851313296705e-05,0.0016453457064926624,2025-11-22 07:02:33.687095,,,,,,,,,
7.337366696447134e-05,0.001591454609297216,2025-11-22 07:02:33.952599,,,,,,,,,
7.288983033504337e-05,0.0015432394575327635,2025-11-22 07:02:34.181287,,,,,,,,,
7.229560287669301e-05,0.0018409801414236426,2025-11-22 07:02:34.443647,,,,,,,,,
7.204499706858769e-05,0.0015829552430659533,2025-11-22 07:02:34.675152,,,,,,,,,
7.217004895210266e-05,0.001691018813289702,2025-11-22 07:02:34.920491,,,,,,,,,
7.314948015846312e-05,0.0019862691406160593,2025-11-22 07:02:35.166383,,,,,,,,,
7.438681495841593e-05,0.0017070855246856809,2025-11-22 07:02:35.411741,,,,,,,,,
7.510233263019472e-05,0.0018940161680802703,2025-11-22 07:02:35.655743,,,,,,,,,
7.51201223465614e-05,0.001868243096396327,2025-11-22 07:02:35.900944,,,,,,,,,
7.490137068089098e-05,0.0020905586425215006,2025-11-22 07:02:36.161434,,,,,,,,,
7.504205132136121e-05,0.0015605308581143618,2025-11-22 07:02:36.396588,,,,,,,,,
7.515436300309375e-05,0.0018508749781176448,2025-11-22 07:02:36.650511,,,,,,,,,
7.485009700758383e-05,0.0015747122233733535,2025-11-22 07:02:36.901289,,,,,,,,,
7.37961454433389e-05,0.0019393741386011243,2025-11-22 07:02:37.146929,,,,,,,,,
7.367039506789297e-05,0.001738135702908039,2025-11-22 07:02:37.402259,,,,,,,,,
7.392465340672061e-05,0.002099850447848439,2025-11-22 07:02:37.648511,,,,,,,,,
7.53085914766416e-05,0.0018699632491916418,2025-11-22 07:02:37.897707,,,,,,,,,
7.571321475552395e-05,0.0019512346480041742,2025-11-22 07:02:38.133858,,,,,,,,,
7.633709174115211e-05,0.001901875133626163,2025-11-22 07:02:38.380000,,,,,,,,,
7.694273517699912e-05,0.001769722206518054,2025-11-22 07:02:38.628814,,,,,,,,,
7.642785931238905e-05,0.0019356445409357548,2025-11-22 07:02:38.869770,,,,,,,,,
7.597867079311982e-05,0.001516998396255076,2025-11-22 07:02:39.136384,,,,,,,,,
7.511595322284847e-05,0.0016419377643615007,2025-11-22 07:02:39.381700,,,,,,,,,
7.442586502293125e-05,0.001551226363517344,2025-11-22 07:02:39.642682,,,,,,,,,
7.423620263580233e-05,0.0016794127877801657,2025-11-22 07:02:39.872995,,,,,,,,,
7.453104626620188e-05,0.0015582990599796176,2025-11-22 07:02:40.117358,,,,,,,,,
7.350539090111852e-05,0.00187449820805341,2025-11-22 07:02:40.362885,,,,,,,,,
7.338704017456621e-05,0.001810078858397901,2025-11-22 07:02:40.624214,,,,,,,,,
7.532827294198796e-05,0.001881412579677999,2025-11-22 07:02:40.867023,,,,,,,,,
7.734532846370712e-05,0.0018497428391128778,2025-11-22 07:02:41.117166,,,,,,,,,
7.873661525081843e-05,0.0018261631485074759,2025-11-22 07:02:41.367479,,,,,,,,,
7.895177259342745e-05,0.0019701761193573475,2025-11-22 07:02:41.607497,,,,,,,,,
7.802644540788606e-05,0.0018346257274970412,2025-11-22 07:02:41.857549,,,,,,,,,
7.682661816943437e-05,0.0020427550189197063,2025-11-22 07:02:42.104904,,,,,,,,,
7.663392898393795e-05,0.001927979988977313,2025-11-22 07:02:42.374692,,,,,,,,,
7.689162157475948e-05,0.0021562406327575445,2025-11-22 07:02:42.613711,,,,,,,,,
7.590066525153816e-05,0.00197959435172379,2025-11-22 07:02:42.855260,,,,,,,,,
7.63306234148331e-05,0.001791847520507872,2025-11-22 07:02:43.100813,,,,,,,,,
7.617326627951115e-05,0.0019458140013739467,2025-11-22 07:02:43.347236,,,,,,,,,
7.638962415512651e-05,0.00186557334382087,2025-11-22 07:02:43.603681,,,,,,,,,
7.657791138626635e-05,0.0019608372822403908,2025-11-22 07:02:43.844152,,,,,,,,,
7.666359306313097e-05,0.0015903280582278967,2025-11-22 07:02:44.089070,,,,,,,,,
7.595391798531637e-05,0.001944857882335782,2025-11-22 07:02:44.334621,,,,,,,,,
7.681726856390014e-05,0.0017270633252337575,2025-11-22 07:02:44.578151,,,,,,,,,
7.721161091467366e-05,0.0019857538864016533,2025-11-22 07:02:44.822428,,,,,,,,,
7.739238208159804e-05,0.001381144393235445,2025-11-22 07:02:45.078396,,,,,,,,,
7.57673115003854e-05,0.00173086894210428,2025-11-22 07:02:45.317718,,,,,,,,,
7.434847066178918e-05,0.0017783850198611617,2025-11-22 07:02:45.565150,,,,,,,,,
7.383578486042097e-05,0.0019144973484799266,2025-11-22 07:02:45.812981,,,,,,,,,
7.364572229562327e-05,0.0018625188386067748,2025-11-22 07:02:46.065201,,,,,,,,,
7.33011111151427e-05,0.0017433285247534513,2025-11-22 07:02:46.308184,,,,,,,,,
7.376643043244258e-05,0.0018466387409716845,2025-11-22 07:02:46.554523,,,,,,,,,
7.448327232850716e-05,0.001988497097045183,2025-11-22 07:02:46.804107,,,,,,,,,
7.60392940719612e-05,0.0021021999418735504,2025-11-22 07:02:47.049145,,,,,,,,,
7.695459498791024e-05,0.0018948266515508294,2025-11-22 07:02:47.314482,,,,,,,,,
7.572946196887642e-05,0.0020134353544563055,2025-11-22 07:02:47.549155,,,,,,,,,
7.537686178693548e-05,0.001919671194627881,2025-11-22 07:02:47.790970,,,,,,,,,
7.553286559414119e-05,0.0019384943880140781,2025-11-22 07:02:48.044169,,,,,,,,,
7.672769424971193e-05,0.0015992610715329647,2025-11-22 07:02:48.284444,,,,,,,,,
7.678438123548403e-05,0.0021000804845243692,2025-11-22 07:02:48.528574,,,,,,,,,
7.756884588161483e-05,0.0014236568240448833,2025-11-22 07:02:48.789622,,,,,,,,,
7.733359962003306e-05,0.0016330130165442824,2025-11-22 07:02:49.038945,,,,,,,,,
7.648173050256446e-05,0.0017741058254614472,2025-11-22 07:02:49.274704,,,,,,,,,
7.489930430892855e-05,0.0017875644844025373,2025-11-22 07:02:49.524610,,,,,,,,,
7.377881411230192e-05,0.0016619486268609762,2025-11-22 07:02:49.773403,,,,,,,,,
7.263818406499922e-05,0.001945562893524766,2025-11-22 07:02:50.026772,,,,,,,,,
7.26445869076997e-05,0.001730771386064589,2025-11-22 07:02:50.278106,,,,,,,,,
7.198859384516254e-05,0.0014617473352700472,2025-11-22 07:02:50.514033,,,,,,,,,
7.043510413495824e-05,0.001819657627493143,2025-11-22 07:02:50.771345,,,,,,,,,
7.011088018771261e-05,0.0016497249016538262,2025-11-22 07:02:51.006247,,,,,,,,,
7.075307075865567e-05,0.001878859126009047,2025-11-22 07:02:51.260621,,,,,,,,,
7.202450069598854e-05,0.001816381816752255,2025-11-22 07:02:51.501006,,,,,,,,,
7.289661152753979e-05,0.001666982308961451,2025-11-22 07:02:51.750455,,,,,,,,,
7.381279283436015e-05,0.0023265816271305084,2025-11-22 07:02:51.995337,,,,,,,,,
7.444430229952559e-05,0.0016971835866570473,2025-11-22 07:02:52.248998,,,,,,,,,
7.503677625209093e-05,0.0017261231550946832,2025-11-22 07:02:52.495570,,,,,,,,,
7.613196066813543e-05,0.0015988644445315003,2025-11-22 07:02:52.739666,,,,,,,,,
7.68299141782336e-05,0.0021896290127187967,2025-11-22 07:02:52.986823,,,,,,,,,
7.810247916495427e-05,0.0017922761617228389,2025-11-22 07:02:53.234745,,,,,,,,,
7.890441338531673e-05,0.0018184846267104149,2025-11-22 07:02:53.481352,,,,,,,,,
7.865679799579084e-05,0.001932033570483327,2025-11-22 07:02:53.727950,,,,,,,,,
7.815398566890508e-05,0.0017497802618891,2025-11-22 07:02:53.973512,,,,,,,,,
7.846365042496473e-05,0.001978478394448757,2025-11-22 07:02:54.222120,,,,,,,,,
7.949961582198739e-05,0.0018184507498517632,2025-11-22 07:02:54.467645,,,,,,,,,
7.982996612554416e-05,0.0014620079891756177,2025-11-22 07:02:54.713760,,,,,,,,,
7.910260319476947e-05,0.0015510539524257183,2025-11-22 07:02:54.971149,,,,,,,,,
7.676351378904656e-05,0.0017034296179190278,2025-11-22 07:02:55.211979,,,,,,,,,
7.453295984305441e-05,0.0022673457860946655,2025-11-22 07:02:55.453460,,,,,,,,,
7.339796866290271e-05,0.0021132633555680513,2025-11-22 07:02:55.702688,,,,,,,,,
7.34556742827408e-05,0.0023687435314059258,2025-11-22 07:02:55.948424,,,,,,,,,
7.604873098898679e-05,0.0021244932431727648,2025-11-22 07:02:56.195271,,,,,,,,,
7.778390863677487e-05,0.001772325485944748,2025-11-22 07:02:56.447046,,,,,,,,,
7.756990089546889e-05,0.0019005067879334092,2025-11-22 07:02:56.708640,,,,,,,,,
7.733592065051198e-05,0.0015445159515365958,2025-11-22 07:02:56.944691,,,,,,,,,
7.66659140936099e-05,0.0014132180949673057,2025-11-22 07:02:57.190864,,,,,,,,,
7.734385872026905e-05,0.0017599478596821427,2025-11-22 07:02:57.446631,,,,,,,,,
7.789034134475514e-05,0.0016308570047840476,2025-11-22 07:02:57.685072,,,,,,,,,
7.581817044410855e-05,0.001677235122770071,2025-11-22 07:02:57.933590,,,,,,,,,
7.253242802107707e-05,0.0016960246721282601,2025-11-22 07:02:58.181965,,,,,,,,,
7.052597356960177e-05,0.0018545304192230105,2025-11-22 07:02:58.426394,,,,,,,,,
6.983704952290282e-05,0.0017714323475956917,2025-11-22 07:02:58.668675,,,,,,,,,
6.987751112319529e-05,0.0021114845294505358,2025-11-22 07:02:58.917969,,,,,,,,,
7.137794455047697e-05,0.0015927960630506277,2025-11-22 07:02:59.164953,,,,,,,,,
7.155797356972471e-05,0.0017528096213936806,2025-11-22 07:02:59.426386,,,,,,,,,
7.10078384145163e-05,0.0020697175059467554,2025-11-22 07:02:59.664752,,,,,,,,,
7.314586400752887e-05,0.001893119653686881,2025-11-22 07:02:59.906849,,,,,,,,,
7.406288932543248e-05,0.0019873029086738825,2025-11-22 07:03:00.156617,,,,,,,,,
7.492102304240689e-05,0.002143226098269224,2025-11-22 07:03:00.423601,,,,,,,,,
7.581701356684789e-05,0.0017102134879678488,2025-11-22 07:03:00.666946,,,,,,,,,
7.648597238585353e-05,0.001583422883413732,2025-11-22 07:03:00.916253,,,,,,,,,
7.606406143167987e-05,0.002179074799641967,2025-11-22 07:03:01.164199,,,,,,,,,
7.572995673399419e-05,0.0015416741371154785,2025-11-22 07:03:01.419673,,,,,,,,,
7.556869240943342e-05,0.001647567143663764,2025-11-22 07:03:01.662114,,,,,,,,,
7.54079592297785e-05,0.0021548408549278975,2025-11-22 07:03:01.919696,,,,,,,,,
7.502972584916279e-05,0.001842658151872456,2025-11-22 07:03:02.165585,,,,,,,,,
7.442952482961118e-05,0.0018261829391121864,2025-11-22 07:03:02.409786,,,,,,,,,
7.446809468092397e-05,0.0017814255552366376,2025-11-22 07:03:02.665245,,,,,,,,,
7.493572047678754e-05,0.0017350788693875074,2025-11-22 07:03:02.906063,,,,,,,,,
7.396113505819812e-05,0.0018199281767010689,2025-11-22 07:03:03.153882,,,,,,,,,
7.450024713762105e-05,0.0018778289668262005,2025-11-22 07:03:03.397725,,,,,,,,,
7.520397048210725e-05,0.0019726690370589495,2025-11-22 07:03:03.645265,,,,,,,,,
7.398364687105641e-05,0.001504614599980414,2025-11-22 07:03:03.891880,,,,,,,,,
7.281511352630332e-05,0.0020685086492449045,2025-11-22 07:03:04.141145,,,,,,,,,
7.34010391170159e-05,0.001620276365429163,2025-11-22 07:03:04.395889,,,,,,,,,
7.375567656708881e-05,0.00152868265286088,2025-11-22 07:03:04.640982,,,,,,,,,
7.33165506972e-05,0.001821353449486196,2025-11-22 07:03:04.889388,,,,,,,,,
,,2025-11-22 07:03:04.983369,7.511116907860721e-05,0.0018191782566848108,0.0001875,,,,,,
,,2025-11-22 07:03:13.347829,,,,27.344379425048828,9.80928897857666,,,,
,,2025-11-22 07:03:13.349851,,,,,,7.432315760524943e-05,0.001876737156775422,27.344379425048828,9.80928897857666
7.432315760524943e-05,0.0017402330413460732,2025-11-22 07:03:17.656704,,,,,,,,,
7.641826960025355e-05,0.0016274144873023033,2025-11-22 07:03:17.895070,,,,,,,,,
7.735202234471217e-05,0.001567211700603366,2025-11-22 07:03:18.143196,,,,,,,,,
7.769915828248486e-05,0.0018067730125039816,2025-11-22 07:03:18.387772,,,,,,,,,
7.709417695878074e-05,0.0017472064355388284,2025-11-22 07:03:18.632330,,,,,,,,,
7.616778020747006e-05,0.001943950541317463,2025-11-22 07:03:18.882818,,,,,,,,,
7.528338755946606e-05,0.0018768670270219445,2025-11-22 07:03:19.124181,,,,,,,,,
7.495906174881384e-05,0.001434860983863473,2025-11-22 07:03:19.375846,,,,,,,,,
7.3681389039848e-05,0.0016957151237875223,2025-11-22 07:03:19.618981,,,,,,,,,
7.220225234050304e-05,0.0017952179769054055,2025-11-22 07:03:19.873180,,,,,,,,,
7.168603769969195e-05,0.0020871812012046576,2025-11-22 07:03:20.112772,,,,,,,,,
7.289318455150351e-05,0.0016598472138866782,2025-11-22 07:03:20.360405,,,,,,,,,
7.389421080006287e-05,0.00172407366335392,2025-11-22 07:03:20.606934,,,,,,,,,
7.467089017154649e-05,0.002000153064727783,2025-11-22 07:03:20.853070,,,,,,,,,
7.698419358348474e-05,0.001900126924738288,2025-11-22 07:03:21.108267,,,,,,,,,
7.755336264381185e-05,0.001914753345772624,2025-11-22 07:03:21.344093,,,,,,,,,
7.784116314724088e-05,0.0017292981501668692,2025-11-22 07:03:21.597086,,,,,,,,,
7.782778993714601e-05,0.002098150085657835,2025-11-22 07:03:21.838695,,,,,,,,,
7.778620783938095e-05,0.0015589987160637975,2025-11-22 07:03:22.086905,,,,,,,,,
7.740982982795686e-05,0.0019980526994913816,2025-11-22 07:03:22.328838,,,,,,,,,
7.768602517899126e-05,0.0016650548204779625,2025-11-22 07:03:22.578964,,,,,,,,,
7.597590592922643e-05,0.0019048511749133468,2025-11-22 07:03:22.831640,,,,,,,,,
7.474672747775912e-05,0.0017890525050461292,2025-11-22 07:03:23.072815,,,,,,,,,
7.430888945236802e-05,0.001868046005256474,2025-11-22 07:03:23.316208,,,,,,,,,
7.43790078558959e-05,0.0022539468482136726,2025-11-22 07:03:23.562173,,,,,,,,,
7.5651885708794e-05,0.001797160366550088,2025-11-22 07:03:23.811332,,,,,,,,,
7.608102168887854e-05,0.0021250955760478973,2025-11-22 07:03:24.055872,,,,,,,,,
7.584455306641757e-05,0.0016213051276281476,2025-11-22 07:03:24.304017,,,,,,,,,
7.662925781914964e-05,0.00199826224707067,2025-11-22 07:03:24.548055,,,,,,,,,
7.870457193348557e-05,0.0014356931205838919,2025-11-22 07:03:24.802880,,,,,,,,,
7.851696136640385e-05,0.0017845634138211608,2025-11-22 07:03:25.058768,,,,,,,,,
7.773650577291846e-05,0.0016636864747852087,2025-11-22 07:03:25.293210,,,,,,,,,
7.681947317905724e-05,0.001882648328319192,2025-11-22 07:03:25.560916,,,,,,,,,
7.682891009608284e-05,0.0018661788199096918,2025-11-22 07:03:25.804888,,,,,,,,,
7.648571772733703e-05,0.0018327785655856133,2025-11-22 07:03:26.039355,,,,,,,,,
7.50725666875951e-05,0.0018853844376280904,2025-11-22 07:03:26.286236,,,,,,,,,
7.332331733778119e-05,0.0017620112048462033,2025-11-22 07:03:26.542539,,,,,,,,,
7.295245450222865e-05,0.001952709280885756,2025-11-22 07:03:26.785749,,,,,,,,,
7.364938937826082e-05,0.0016909667756408453,2025-11-22 07:03:27.031308,,,,,,,,,
7.44551289244555e-05,0.0016367698553949594,2025-11-22 07:03:27.275698,,,,,,,,,
7.514512981288135e-05,0.0022957799956202507,2025-11-22 07:03:27.536509,,,,,,,,,
7.75093722040765e-05,0.0019071497954428196,2025-11-22 07:03:27.769223,,,,,,,,,
7.858267781557515e-05,0.0014744986547157168,2025-11-22 07:03:28.016293,,,,,,,,,
7.814248965587467e-05,0.0015871641226112843,2025-11-22 07:03:28.264201,,,,,,,,,
7.631150219822302e-05,0.0014183825114741921,2025-11-22 07:03:28.509739,,,,,,,,,
7.42457268643193e-05,0.002158322837203741,2025-11-22 07:03:28.767395,,,,,,,,,
7.519916835008189e-05,0.001611672923900187,2025-11-22 07:03:29.007038,,,,,,,,,
7.454130536643788e-05,0.0016679797554388642,2025-11-22 07:03:29.251303,,,,,,,,,
7.294749229913577e-05,0.0019902652129530907,2025-11-22 07:03:29.515775,,,,,,,,,
7.137063948903233e-05,0.001637654029764235,2025-11-22 07:03:29.751422,,,,,,,,,
7.190892210928723e-05,0.0016232177149504423,2025-11-22 07:03:29.998671,,,,,,,,,
7.26466896594502e-05,0.0017064500134438276,2025-11-22 07:03:30.246315,,,,,,,,,
7.415336585836485e-05,0.0016703539295122027,2025-11-22 07:03:30.489228,,,,,,,,,
7.563526014564559e-05,0.001994146266952157,2025-11-22 07:03:30.737910,,,,,,,,,
7.5775824370794e-05,0.0023271963000297546,2025-11-22 07:03:30.981016,,,,,,,,,
7.70011538406834e-05,0.001553211361169815,2025-11-22 07:03:31.242583,,,,,,,,,
7.754267426207662e-05,0.0019237332744523883,2025-11-22 07:03:31.487783,,,,,,,,,
7.726763578830287e-05,0.0015854029916226864,2025-11-22 07:03:31.719246,,,,,,,,,
7.65146323828958e-05,0.001920947222970426,2025-11-22 07:03:31.970450,,,,,,,,,
7.628795719938353e-05,0.0017187482444569468,2025-11-22 07:03:32.212770,,,,,,,,,
7.511756120948121e-05,0.0016388033982366323,2025-11-22 07:03:32.457485,,,,,,,,,
7.309142529265955e-05,0.0015462859300896525,2025-11-22 07:03:32.709878,,,,,,,,,
7.131417805794626e-05,0.001755981706082821,2025-11-22 07:03:32.967458,,,,,,,,,
7.008769171079621e-05,0.001846810569986701,2025-11-22 07:03:33.207911,,,,,,,,,
7.065469981171191e-05,0.0017789708217605948,2025-11-22 07:03:33.460077,,,,,,,,,
7.109405851224437e-05,0.001642984920181334,2025-11-22 07:03:33.709285,,,,,,,,,
7.103529060259461e-05,0.0019678156822919846,2025-11-22 07:03:33.944233,,,,,,,,,
7.129580626497045e-05,0.0015457242261618376,2025-11-22 07:03:34.191838,,,,,,,,,
7.243424624903128e-05,0.0018548243679106236,2025-11-22 07:03:34.437612,,,,,,,,,
7.414485298795626e-05,0.0014040448004379869,2025-11-22 07:03:34.682931,,,,,,,,,
7.411799015244469e-05,0.0014007099671289325,2025-11-22 07:03:34.934382,,,,,,,,,
7.333190296776593e-05,0.0024770956952124834,2025-11-22 07:03:35.184904,,,,,,,,,
7.41054755053483e-05,0.0015771157341077924,2025-11-22 07:03:35.425056,,,,,,,,,
7.438100874423981e-05,0.0017482484690845013,2025-11-22 07:03:35.687216,,,,,,,,,
7.412008562823758e-05,0.00172161846421659,2025-11-22 07:03:35.928482,,,,,,,,,
7.34726563678123e-05,0.002024373272433877,2025-11-22 07:03:36.176424,,,,,,,,,
7.442582864314318e-05,0.002211320912465453,2025-11-22 07:03:36.416088,,,,,,,,,
7.531437586294487e-05,0.0016768142813816667,2025-11-22 07:03:36.662265,,,,,,,,,
7.50294784666039e-05,0.002027128590270877,2025-11-22 07:03:36.909822,,,,,,,,,
7.539358193753287e-05,0.001631936407648027,2025-11-22 07:03:37.153583,,,,,,,,,
7.51455154386349e-05,0.0018717488273978233,2025-11-22 07:03:37.400477,,,,,,,,,
7.588766311528161e-05,0.0017373483860865235,2025-11-22 07:03:37.652306,,,,,,,,,
7.627307786606252e-05,0.002014351077377796,2025-11-22 07:03:37.898644,,,,,,,,,
7.604934216942638e-05,0.002017407910898328,2025-11-22 07:03:38.139724,,,,,,,,,
7.569589070044458e-05,0.00172511232085526,2025-11-22 07:03:38.383592,,,,,,,,,
7.429643301293254e-05,0.0017839056672528386,2025-11-22 07:03:38.642466,,,,,,,,,
7.382658077403903e-05,0.0018168980022892356,2025-11-22 07:03:38.884972,,,,,,,,,
7.529169670306146e-05,0.0018782864790409803,2025-11-22 07:03:39.135617,,,,,,,,,
7.656806701561436e-05,0.0018979859305545688,2025-11-22 07:03:39.374007,,,,,,,,,
7.572944014100358e-05,0.0019392708782106638,2025-11-22 07:03:39.636295,,,,,,,,,
7.481045759050176e-05,0.001893462031148374,2025-11-22 07:03:39.886459,,,,,,,,,
7.579095108667389e-05,0.002157763112336397,2025-11-22 07:03:40.126249,,,,,,,,,
7.765222107991576e-05,0.0020216552074998617,2025-11-22 07:03:40.374453,,,,,,,,,
7.8522069088649e-05,0.0016479025362059474,2025-11-22 07:03:40.626281,,,,,,,,,
7.736979750916362e-05,0.0017554465448483825,2025-11-22 07:03:40.870863,,,,,,,,,
7.560726953670382e-05,0.0019702825229614973,2025-11-22 07:03:41.111992,,,,,,,,,
7.541654485976323e-05,0.0018174760043621063,2025-11-22 07:03:41.360556,,,,,,,,,
7.537702185800299e-05,0.0019003864144906402,2025-11-22 07:03:41.615890,,,,,,,,,
7.588526932522655e-05,0.001717127743177116,2025-11-22 07:03:41.866649,,,,,,,,,
7.690980419283733e-05,0.0021052188239991665,2025-11-22 07:03:42.118905,,,,,,,,,
7.765991176711395e-05,0.0017895328346639872,2025-11-22 07:03:42.353641,,,,,,,,,
7.685332820983604e-05,0.0016238292446359992,2025-11-22 07:03:42.601374,,,,,,,,,
7.52848936826922e-05,0.0013445245567709208,2025-11-22 07:03:42.851148,,,,,,,,,
7.337201532209292e-05,0.002156873233616352,2025-11-22 07:03:43.104650,,,,,,,,,
7.23636694601737e-05,0.00178426259662956,2025-11-22 07:03:43.344304,,,,,,,,,
7.221430132631212e-05,0.00162006716709584,2025-11-22 07:03:43.590104,,,,,,,,,
7.249418558785692e-05,0.0020154649391770363,2025-11-22 07:03:43.840612,,,,,,,,,
7.27353326510638e-05,0.0019777424167841673,2025-11-22 07:03:44.098686,,,,,,,,,
7.377695146715268e-05,0.0019089874112978578,2025-11-22 07:03:44.352432,,,,,,,,,
7.46536097722128e-05,0.001694705686531961,2025-11-22 07:03:44.587524,,,,,,,,,
7.517406629631296e-05,0.0019584575202316046,2025-11-22 07:03:44.831240,,,,,,,,,
7.608159648953006e-05,0.0018159199971705675,2025-11-22 07:03:45.083599,,,,,,,,,
7.723772432655096e-05,0.0018481683218851686,2025-11-22 07:03:45.341978,,,,,,,,,
7.800333696650341e-05,0.0017223721370100975,2025-11-22 07:03:45.581826,,,,,,,,,
7.652748172404245e-05,0.0022063730284571648,2025-11-22 07:03:45.824308,,,,,,,,,
7.697114779148251e-05,0.0020122274290770292,2025-11-22 07:03:46.078385,,,,,,,,,
7.797505531925708e-05,0.0014984006993472576,2025-11-22 07:03:46.332868,,,,,,,,,
7.773327524773777e-05,0.001525739673525095,2025-11-22 07:03:46.583868,,,,,,,,,
7.638907118234783e-05,0.0016275406815111637,2025-11-22 07:03:46.822723,,,,,,,,,
7.456272578565404e-05,0.0019101958023384213,2025-11-22 07:03:47.089870,,,,,,,,,
7.480450585717335e-05,0.0019195055356249213,2025-11-22 07:03:47.317162,,,,,,,,,
7.498778722947463e-05,0.0018528071232140064,2025-11-22 07:03:47.566552,,,,,,,,,
7.37919908715412e-05,0.0019685784354805946,2025-11-22 07:03:47.810229,,,,,,,,,
7.321742305066437e-05,0.0017043965635821223,2025-11-22 07:03:48.060700,,,,,,,,,
7.40338145988062e-05,0.0016669039614498615,2025-11-22 07:03:48.301050,,,,,,,,,
7.457324682036415e-05,0.0020880119409412146,2025-11-22 07:03:48.551973,,,,,,,,,
7.506692782044411e-05,0.0017746115336194634,2025-11-22 07:03:48.795053,,,,,,,,,
7.565293344669044e-05,0.0020685791969299316,2025-11-22 07:03:49.042503,,,,,,,,,
7.663146971026435e-05,0.002271653851494193,2025-11-22 07:03:49.310236,,,,,,,,,
7.727131742285565e-05,0.0015047192573547363,2025-11-22 07:03:49.550695,,,,,,,,,
7.574680057587102e-05,0.0017235390841960907,2025-11-22 07:03:49.802268,,,,,,,,,
7.550810551038012e-05,0.0015762249240651727,2025-11-22 07:03:50.045383,,,,,,,,,
7.550299778813496e-05,0.0018226290121674538,2025-11-22 07:03:50.295161,,,,,,,,,
7.570064917672426e-05,0.0020300005562603474,2025-11-22 07:03:50.547213,,,,,,,,,
7.604159327456728e-05,0.0017690534004941583,2025-11-22 07:03:50.815682,,,,,,,,,
7.507351983804256e-05,0.0013921884819865227,2025-11-22 07:03:51.045477,,,,,,,,,
7.230720075313002e-05,0.0018551097018644214,2025-11-22 07:03:51.292287,,,,,,,,,
7.097260822774842e-05,0.0019287281902506948,2025-11-22 07:03:51.549780,,,,,,,,,
7.122034003259614e-05,0.0018162059132009745,2025-11-22 07:03:51.799646,,,,,,,,,
7.206040027085692e-05,0.0018948463257402182,2025-11-22 07:03:52.031756,,,,,,,,,
7.290626672329381e-05,0.0016897182213142514,2025-11-22 07:03:52.295058,,,,,,,,,
7.316726259887218e-05,0.0014318663161247969,2025-11-22 07:03:52.534050,,,,,,,,,
7.276341057149693e-05,0.0019889420364052057,2025-11-22 07:03:52.780270,,,,,,,,,
7.238924445118755e-05,0.002024418441578746,2025-11-22 07:03:53.021105,,,,,,,,,
,,2025-11-22 07:03:53.077517,7.506825153945506e-05,0.00181282496891476,0.0001875,,,,,,
,,2025-11-22 07:04:01.398931,,,,27.41956329345703,9.807840347290039,,,,
,,2025-11-22 07:04:01.400690,,,,,,7.304758960694577e-05,0.0018769994942256464,27.41956329345703,9.807840347290039
7.30475876480341e-05,0.0015992751577869058,2025-11-22 07:04:06.286646,,,,,,,,,
7.413354614982381e-05,0.001997290411964059,2025-11-22 07:04:06.510979,,,,,,,,,
7.62959462008439e-05,0.0016516669420525432,2025-11-22 07:04:06.758965,,,,,,,,,
7.62095587560907e-05,0.0020622655283659697,2025-11-22 07:04:07.005845,,,,,,,,,
7.522173837060109e-05,0.0019989190623164177,2025-11-22 07:04:07.284237,,,,,,,,,
7.552411989308894e-05,0.0018166551599279046,2025-11-22 07:04:07.513775,,,,,,,,,
7.59823524276726e-05,0.0017292494885623455,2025-11-22 07:04:07.764635,,,,,,,,,
7.567823922727257e-05,0.0020966320298612118,2025-11-22 07:04:08.010608,,,,,,,,,
7.57454545237124e-05,0.0017470037564635277,2025-11-22 07:04:08.265847,,,,,,,,,
7.45863071642816e-05,0.0014436290366575122,2025-11-22 07:04:08.503760,,,,,,,,,
7.274253584910184e-05,0.0019212189363315701,2025-11-22 07:04:08.788434,,,,,,,,,
7.19660019967705e-05,0.0015788062009960413,2025-11-22 07:04:09.017500,,,,,,,,,
7.180877582868561e-05,0.0018648579716682434,2025-11-22 07:04:09.268467,,,,,,,,,
7.177900988608599e-05,0.002017294755205512,2025-11-22 07:04:09.513870,,,,,,,,,
7.218231621664017e-05,0.001656755805015564,2025-11-22 07:04:09.757087,,,,,,,,,
7.127714343369007e-05,0.0021360155660659075,2025-11-22 07:04:10.026208,,,,,,,,,
7.266415195772424e-05,0.002083276864141226,2025-11-22 07:04:10.251969,,,,,,,,,
7.51672123442404e-05,0.0015841963468119502,2025-11-22 07:04:10.498117,,,,,,,,,
7.612787157995626e-05,0.0019047156674787402,2025-11-22 07:04:10.747561,,,,,,,,,
7.698853005422279e-05,0.0019178149523213506,2025-11-22 07:04:10.991931,,,,,,,,,
7.677650137338787e-05,0.0016250342596322298,2025-11-22 07:04:11.244558,,,,,,,,,
7.71246268413961e-05,0.001610828097909689,2025-11-22 07:04:11.486224,,,,,,,,,
7.731584628345445e-05,0.0016717722173780203,2025-11-22 07:04:11.735814,,,,,,,,,
7.726473995717242e-05,0.0019105466781184077,2025-11-22 07:04:11.977205,,,,,,,,,
7.726418698439375e-05,0.0019731593783944845,2025-11-22 07:04:12.229340,,,,,,,,,
7.929650018922985e-05,0.001780112856067717,2025-11-22 07:04:12.472021,,,,,,,,,
7.956470653880388e-05,0.0013918234035372734,2025-11-22 07:04:12.713456,,,,,,,,,
7.718230335740373e-05,0.0021135355345904827,2025-11-22 07:04:12.958371,,,,,,,,,
7.552877650596201e-05,0.0018232188886031508,2025-11-22 07:04:13.204947,,,,,,,,,
7.556270429631695e-05,0.0013521432410925627,2025-11-22 07:04:13.450748,,,,,,,,,
7.516686309827492e-05,0.002054489217698574,2025-11-22 07:04:13.697624,,,,,,,,,
7.555527554359287e-05,0.0016035675071179867,2025-11-22 07:04:13.940039,,,,,,,,,
7.418184395646676e-05,0.0017789993435144424,2025-11-22 07:04:14.188770,,,,,,,,,
7.39880051696673e-05,0.001585409976541996,2025-11-22 07:04:14.437199,,,,,,,,,
7.498291961383075e-05,0.001948126358911395,2025-11-22 07:04:14.680635,,,,,,,,,
7.613813068019226e-05,0.0015936725540086627,2025-11-22 07:04:14.927848,,,,,,,,,
7.504892710130662e-05,0.00191127834841609,2025-11-22 07:04:15.172272,,,,,,,,,
7.49833052395843e-05,0.0019062476931139827,2025-11-22 07:04:15.417055,,,,,,,,,
7.429222750943154e-05,0.0015814162325114012,2025-11-22 07:04:15.668673,,,,,,,,,
7.331225060625002e-05,0.002165122888982296,2025-11-22 07:04:15.907811,,,,,,,,,
7.329642539843917e-05,0.0014498080126941204,2025-11-22 07:04:16.154434,,,,,,,,,
7.39046954549849e-05,0.002099888166412711,2025-11-22 07:04:16.429135,,,,,,,,,
7.534715405199677e-05,0.002033853903412819,2025-11-22 07:04:16.655926,,,,,,,,,
7.704059680690989e-05,0.0018796066287904978,2025-11-22 07:04:16.894592,,,,,,,,,
7.830993854440749e-05,0.0016059069894254208,2025-11-22 07:04:17.140830,,,,,,,,,
7.74620784795843e-05,0.0018277730559930205,2025-11-22 07:04:17.396945,,,,,,,,,
7.60767434258014e-05,0.001953209051862359,2025-11-22 07:04:17.633903,,,,,,,,,
7.73117208154872e-05,0.001660807291045785,2025-11-22 07:04:17.888354,,,,,,,,,
7.95377345639281e-05,0.0016200304962694645,2025-11-22 07:04:18.137739,,,,,,,,,
7.971006562002003e-05,0.0019024910870939493,2025-11-22 07:04:18.375284,,,,,,,,,
7.908988482085988e-05,0.0017886704299598932,2025-11-22 07:04:18.634300,,,,,,,,,
7.851971895433962e-05,0.0018544296035543084,2025-11-22 07:04:18.869661,,,,,,,,,
7.722480222582817e-05,0.0022607743740081787,2025-11-22 07:04:19.118997,,,,,,,,,
7.587576692458242e-05,0.001932610059157014,2025-11-22 07:04:19.373015,,,,,,,,,
7.419346366077662e-05,0.0018596532754600048,2025-11-22 07:04:19.619154,,,,,,,,,
7.292504596989602e-05,0.0020577057730406523,2025-11-22 07:04:19.868871,,,,,,,,,
7.426234515151009e-05,0.0014191546943038702,2025-11-22 07:04:20.127904,,,,,,,,,
7.372204709099606e-05,0.0014858052600175142,2025-11-22 07:04:20.367092,,,,,,,,,
7.341797754634172e-05,0.002025540918111801,2025-11-22 07:04:20.612653,,,,,,,,,
7.393211853923276e-05,0.0018527884967625141,2025-11-22 07:04:20.860722,,,,,,,,,
7.481657667085528e-05,0.0016443806234747171,2025-11-22 07:04:21.106901,,,,,,,,,
7.575518975500017e-05,0.0017458987422287464,2025-11-22 07:04:21.349865,,,,,,,,,
7.552502938779071e-05,0.0017180192517116666,2025-11-22 07:04:21.597925,,,,,,,,,
7.481269130948931e-05,0.0021030872594565153,2025-11-22 07:04:21.843353,,,,,,,,,
7.480261410819367e-05,0.0016418425366282463,2025-11-22 07:04:22.099881,,,,,,,,,
7.380742317764089e-05,0.0015113101107999682,2025-11-22 07:04:22.345125,,,,,,,,,
7.26601792848669e-05,0.0019594288896769285,2025-11-22 07:04:22.589274,,,,,,,,,
7.268178160302341e-05,0.00154556380584836,2025-11-22 07:04:22.832689,,,,,,,,,
7.24137935321778e-05,0.0022001659963279963,2025-11-22 07:04:23.094882,,,,,,,,,
7.389999518636614e-05,0.001774026546627283,2025-11-22 07:04:23.346848,,,,,,,,,
7.44921708246693e-05,0.0016029573744162917,2025-11-22 07:04:23.603513,,,,,,,,,
7.438610919052735e-05,0.001799323596060276,2025-11-22 07:04:23.830654,,,,,,,,,
7.60731054469943e-05,0.0021431350614875555,2025-11-22 07:04:24.079034,,,,,,,,,
7.819661550456658e-05,0.0016883863136172295,2025-11-22 07:04:24.347439,,,,,,,,,
7.880658813519403e-05,0.0018216243479400873,2025-11-22 07:04:24.579169,,,,,,,,,
7.847035158192739e-05,0.0016693309880793095,2025-11-22 07:04:24.827892,,,,,,,,,
7.74770524003543e-05,0.0016750316135585308,2025-11-22 07:04:25.102907,,,,,,,,,
7.63161588110961e-05,0.0016835720743983984,2025-11-22 07:04:25.329371,,,,,,,,,
7.528158312197775e-05,0.0018824914004653692,2025-11-22 07:04:25.585479,,,,,,,,,
7.391905091935769e-05,0.0016937332693487406,2025-11-22 07:04:25.818392,,,,,,,,,
7.340585580095649e-05,0.001751570263877511,2025-11-22 07:04:26.066734,,,,,,,,,
7.279805868165568e-05,0.0015008513582870364,2025-11-22 07:04:26.329813,,,,,,,,,
7.141601236071438e-05,0.0017127578612416983,2025-11-22 07:04:26.580846,,,,,,,,,
6.974202551646158e-05,0.0016989544965326786,2025-11-22 07:04:26.822317,,,,,,,,,
6.856218533357605e-05,0.0019534246530383825,2025-11-22 07:04:27.076077,,,,,,,,,
6.975027645239606e-05,0.0017816828330978751,2025-11-22 07:04:27.314634,,,,,,,,,
7.332416134886444e-05,0.0019350872607901692,2025-11-22 07:04:27.565753,,,,,,,,,
7.561541860923171e-05,0.0018796983640640974,2025-11-22 07:04:27.812423,,,,,,,,,
7.58705718908459e-05,0.001582312397658825,2025-11-22 07:04:28.055680,,,,,,,,,
7.596828072564676e-05,0.0019028165843337774,2025-11-22 07:04:28.307007,,,,,,,,,
7.65732693253085e-05,0.0018050390062853694,2025-11-22 07:04:28.548258,,,,,,,,,
7.6792981417384e-05,0.0017457250505685806,2025-11-22 07:04:28.806959,,,,,,,,,
7.743752212263644e-05,0.0018139549065381289,2025-11-22 07:04:29.050827,,,,,,,,,
7.678964175283909e-05,0.0019012725679203868,2025-11-22 07:04:29.292319,,,,,,,,,
7.515491597587243e-05,0.0020049805752933025,2025-11-22 07:04:29.539701,,,,,,,,,
7.332143286475912e-05,0.0015764232957735658,2025-11-22 07:04:29.785260,,,,,,,,,
7.089261634973809e-05,0.0017508857417851686,2025-11-22 07:04:30.032521,,,,,,,,,
7.075056055327877e-05,0.001557358424179256,2025-11-22 07:04:30.287424,,,,,,,,,
7.116104825399816e-05,0.0018149540992453694,2025-11-22 07:04:30.529490,,,,,,,,,
7.210284820757806e-05,0.0015655045863240957,2025-11-22 07:04:30.774216,,,,,,,,,
7.207483577076346e-05,0.002013266319409013,2025-11-22 07:04:31.036438,,,,,,,,,
7.16179856681265e-05,0.0020034005865454674,2025-11-22 07:04:31.283902,,,,,,,,,
7.236997043946758e-05,0.0019240697147324681,2025-11-22 07:04:31.522706,,,,,,,,,
7.498539343941957e-05,0.001878404407761991,2025-11-22 07:04:31.768927,,,,,,,,,
7.820441533112898e-05,0.0016896175220608711,2025-11-22 07:04:32.027674,,,,,,,,,
7.923576049506664e-05,0.0015016411198303103,2025-11-22 07:04:32.263630,,,,,,,,,
7.83544746809639e-05,0.001722847344353795,2025-11-22 07:04:32.511584,,,,,,,,,
7.714705861872062e-05,0.0018312956672161818,2025-11-22 07:04:32.764254,,,,,,,,,
7.608515443280339e-05,0.001946846372447908,2025-11-22 07:04:33.018437,,,,,,,,,
7.572852337034419e-05,0.0019205552525818348,2025-11-22 07:04:33.254313,,,,,,,,,
7.583839760627598e-05,0.0017883384134620428,2025-11-22 07:04:33.503769,,,,,,,,,
7.480072235921398e-05,0.0015344899147748947,2025-11-22 07:04:33.753511,,,,,,,,,
7.318581629078835e-05,0.001532617723569274,2025-11-22 07:04:33.997833,,,,,,,,,
7.13462068233639e-05,0.002008159179240465,2025-11-22 07:04:34.264621,,,,,,,,,
7.090126018738374e-05,0.0015383751597255468,2025-11-22 07:04:34.497321,,,,,,,,,
7.048316183499992e-05,0.0018703603418543935,2025-11-22 07:04:34.757334,,,,,,,,,
7.081323565216735e-05,0.0018073406536132097,2025-11-22 07:04:34.991884,,,,,,,,,
7.132947939680889e-05,0.0016513294540345669,2025-11-22 07:04:35.249942,,,,,,,,,
7.054110756143928e-05,0.0020327160600572824,2025-11-22 07:04:35.492281,,,,,,,,,
7.082096271915361e-05,0.001957247033715248,2025-11-22 07:04:35.742875,,,,,,,,,
7.25711724953726e-05,0.002049831673502922,2025-11-22 07:04:35.996245,,,,,,,,,
7.500257925130427e-05,0.0016303809825330973,2025-11-22 07:04:36.235346,,,,,,,,,
7.609936437802389e-05,0.0022824860643595457,2025-11-22 07:04:36.493900,,,,,,,,,
7.68952231737785e-05,0.0018181063933297992,2025-11-22 07:04:36.747257,,,,,,,,,
7.744910544715822e-05,0.0020317723974585533,2025-11-22 07:04:36.985796,,,,,,,,,
7.760462904116139e-05,0.0015761667164042592,2025-11-22 07:04:37.236676,,,,,,,,,
7.718300184933469e-05,0.0014603598974645138,2025-11-22 07:04:37.479820,,,,,,,,,
7.628715684404597e-05,0.0015691271983087063,2025-11-22 07:04:37.729870,,,,,,,,,
7.510394061682746e-05,0.0017608164343982935,2025-11-22 07:04:37.972893,,,,,,,,,
7.448385440511629e-05,0.0018730424344539642,2025-11-22 07:04:38.217717,,,,,,,,,
7.409792306134477e-05,0.0020610825158655643,2025-11-22 07:04:38.466948,,,,,,,,,
7.350105443038046e-05,0.0017287216614931822,2025-11-22 07:04:38.713904,,,,,,,,,
7.28382365196012e-05,0.0019449344836175442,2025-11-22 07:04:38.960264,,,,,,,,,
7.298899436136708e-05,0.001767258858308196,2025-11-22 07:04:39.212056,,,,,,,,,
7.380887836916372e-05,0.001873865956440568,2025-11-22 07:04:39.456314,,,,,,,,,
7.42015618016012e-05,0.0020725426729768515,2025-11-22 07:04:39.711420,,,,,,,,,
7.414144783979282e-05,0.002040588529780507,2025-11-22 07:04:39.953030,,,,,,,,,
7.405975338770077e-05,0.0017900100210681558,2025-11-22 07:04:40.201250,,,,,,,,,
7.417663437081501e-05,0.0019787049386650324,2025-11-22 07:04:40.449822,,,,,,,,,
7.48698366805911e-05,0.0022025881335139275,2025-11-22 07:04:40.696380,,,,,,,,,
7.596910290885717e-05,0.001694653183221817,2025-11-22 07:04:40.943600,,,,,,,,,
7.677444227738306e-05,0.00226536113768816,2025-11-22 07:04:41.195930,,,,,,,,,
7.699878915445879e-05,0.0015560881001874804,2025-11-22 07:04:41.445841,,,,,,,,,
7.627657032571733e-05,0.0018337109358981252,2025-11-22 07:04:41.692242,,,,,,,,,
,,2025-11-22 07:04:41.766940,7.48478491914284e-05,0.001809112747044613,0.0001875,,,,,,
,,2025-11-22 07:04:50.754783,,,,27.257234573364258,9.808823585510254,,,,
,,2025-11-22 07:04:50.756176,,,,,,7.582957186968997e-05,0.0018768729731583824,27.257234573364258,9.808823585510254
7.582957186968997e-05,0.002005418064072728,2025-11-22 07:04:55.019251,,,,,,,,,
7.535894837928936e-05,0.0017903015250340104,2025-11-22 07:04:55.269731,,,,,,,,,
7.481865759473294e-05,0.0017119067488238215,2025-11-22 07:04:55.506241,,,,,,,,,
7.432323036482558e-05,0.0018208015244454145,2025-11-22 07:04:55.750970,,,,,,,,,
7.438689499394968e-05,0.0019300348358228803,2025-11-22 07:04:55.997677,,,,,,,,,
7.4809453508351e-05,0.00194035773165524,2025-11-22 07:04:56.259305,,,,,,,,,
7.522439409513026e-05,0.0018149794777855277,2025-11-22 07:04:56.499979,,,,,,,,,
7.613740308443084e-05,0.001988047966733575,2025-11-22 07:04:56.736101,,,,,,,,,
7.666183228138834e-05,0.0017965788720175624,2025-11-22 07:04:56.996897,,,,,,,,,
7.723929593339562e-05,0.0018862002762034535,2025-11-22 07:04:57.237133,,,,,,,,,
7.677114626858383e-05,0.00183002685662359,2025-11-22 07:04:57.491013,,,,,,,,,
7.628162711625919e-05,0.001769341412000358,2025-11-22 07:04:57.726949,,,,,,,,,
7.606614963151515e-05,0.0017496857326477766,2025-11-22 07:04:57.973141,,,,,,,,,
7.614257629029453e-05,0.001479604048654437,2025-11-22 07:04:58.219718,,,,,,,,,
7.548258872702718e-05,0.0017305564833804965,2025-11-22 07:04:58.477907,,,,,,,,,
7.420593465212733e-05,0.0018185096560046077,2025-11-22 07:04:58.719287,,,,,,,,,
7.348771760007367e-05,0.0014972926583141088,2025-11-22 07:04:58.955130,,,,,,,,,
7.389264646917582e-05,0.0016193361952900887,2025-11-22 07:04:59.219395,,,,,,,,,
7.38904345780611e-05,0.0020675458945333958,2025-11-22 07:04:59.474172,,,,,,,,,
7.623847341164947e-05,0.0017915337812155485,2025-11-22 07:04:59.709686,,,,,,,,,
7.757316052448004e-05,0.0014935191720724106,2025-11-22 07:04:59.955354,,,,,,,,,
7.630376785527915e-05,0.0018043069867417216,2025-11-22 07:05:00.212140,,,,,,,,,
7.512042066082358e-05,0.0020667302887886763,2025-11-22 07:05:00.458249,,,,,,,,,
7.458438631147146e-05,0.0018110735109075904,2025-11-22 07:05:00.713354,,,,,,,,,
7.484664092771709e-05,0.001883133314549923,2025-11-22 07:05:00.957695,,,,,,,,,
7.357815047726035e-05,0.0014955538790673018,2025-11-22 07:05:01.199628,,,,,,,,,
7.248133624671027e-05,0.002144250785931945,2025-11-22 07:05:01.445703,,,,,,,,,
7.251008355524391e-05,0.0014915151987224817,2025-11-22 07:05:01.696729,,,,,,,,,
7.36317306291312e-05,0.0018519207369536161,2025-11-22 07:05:01.937422,,,,,,,,,
7.500239735236391e-05,0.0017691130051389337,2025-11-22 07:05:02.190989,,,,,,,,,
7.565279520349577e-05,0.001834332593716681,2025-11-22 07:05:02.431628,,,,,,,,,
7.616876246174797e-05,0.0017463145777583122,2025-11-22 07:05:02.681698,,,,,,,,,
7.696869579376653e-05,0.001808091183193028,2025-11-22 07:05:02.931908,,,,,,,,,
7.726491458015516e-05,0.0017607829067856073,2025-11-22 07:05:03.188840,,,,,,,,,
7.724373426754028e-05,0.0017432034946978092,2025-11-22 07:05:03.433725,,,,,,,,,
7.73779975133948e-05,0.0016949344426393509,2025-11-22 07:05:03.672654,,,,,,,,,
7.670354534639046e-05,0.001967846415936947,2025-11-22 07:05:03.919084,,,,,,,,,
7.673713116673753e-05,0.0017520836554467678,2025-11-22 07:05:04.165897,,,,,,,,,
7.555730553576723e-05,0.0023537559900432825,2025-11-22 07:05:04.406501,,,,,,,,,
7.538016507169232e-05,0.001796683412976563,2025-11-22 07:05:04.652843,,,,,,,,,
7.629040192114189e-05,0.0018494504038244486,2025-11-22 07:05:04.903884,,,,,,,,,
7.710972568020225e-05,0.0017033403273671865,2025-11-22 07:05:05.153632,,,,,,,,,
7.666223973501474e-05,0.0018332860199734569,2025-11-22 07:05:05.401470,,,,,,,,,
7.604782149428502e-05,0.0019668920431286097,2025-11-22 07:05:05.641150,,,,,,,,,
7.760311564197764e-05,0.0015945808263495564,2025-11-22 07:05:05.888978,,,,,,,,,
7.787995127728209e-05,0.001823536353185773,2025-11-22 07:05:06.163760,,,,,,,,,
7.774077676003799e-05,0.0019154665060341358,2025-11-22 07:05:06.398428,,,,,,,,,
7.753632962703705e-05,0.0018458031117916107,2025-11-22 07:05:06.637217,,,,,,,,,
7.61854462325573e-05,0.0018101399764418602,2025-11-22 07:05:06.881579,,,,,,,,,
7.50471226638183e-05,0.001758671598508954,2025-11-22 07:05:07.131810,,,,,,,,,
7.367550279013813e-05,0.0015860475832596421,2025-11-22 07:05:07.378428,,,,,,,,,
7.189194730017334e-05,0.0017599231796339154,2025-11-22 07:05:07.624664,,,,,,,,,
7.16643626219593e-05,0.001918253256008029,2025-11-22 07:05:07.873976,,,,,,,,,
7.129243749659508e-05,0.0020972059573978186,2025-11-22 07:05:08.121414,,,,,,,,,
7.185871800174937e-05,0.0017001674277707934,2025-11-22 07:05:08.362208,,,,,,,,,
7.169388845795766e-05,0.001963235903531313,2025-11-22 07:05:08.638895,,,,,,,,,
7.2155446105171e-05,0.001653128070756793,2025-11-22 07:05:08.859133,,,,,,,,,
7.24529818398878e-05,0.0015609986148774624,2025-11-22 07:05:09.099301,,,,,,,,,
7.398395973723382e-05,0.0015965737402439117,2025-11-22 07:05:09.345656,,,,,,,,,
7.437749445671216e-05,0.0021314690820872784,2025-11-22 07:05:09.598215,,,,,,,,,
7.545295375166461e-05,0.0018180989427492023,2025-11-22 07:05:09.842510,,,,,,,,,
7.651096530025825e-05,0.002434218768030405,2025-11-22 07:05:10.093244,,,,,,,,,
7.981626549735665e-05,0.00155702605843544,2025-11-22 07:05:10.335569,,,,,,,,,
8.118519326671958e-05,0.0019239143002778292,2025-11-22 07:05:10.582442,,,,,,,,,
7.99455083324574e-05,0.0016276469686999917,2025-11-22 07:05:10.833348,,,,,,,,,
7.870122499298304e-05,0.0015683692181482911,2025-11-22 07:05:11.081916,,,,,,,,,
7.717015250818804e-05,0.0019119803328067064,2025-11-22 07:05:11.329070,,,,,,,,,
7.53589192754589e-05,0.001725605339743197,2025-11-22 07:05:11.567760,,,,,,,,,
7.319305586861446e-05,0.0015365889994427562,2025-11-22 07:05:11.822144,,,,,,,,,
6.970550020923838e-05,0.0017559214029461145,2025-11-22 07:05:12.071611,,,,,,,,,
6.838075205450878e-05,0.0021254534367471933,2025-11-22 07:05:12.309594,,,,,,,,,
7.01955723343417e-05,0.0019269157201051712,2025-11-22 07:05:12.560406,,,,,,,,,
7.230481423903257e-05,0.0021686574909836054,2025-11-22 07:05:12.817165,,,,,,,,,
7.331051165238023e-05,0.001776663470081985,2025-11-22 07:05:13.049335,,,,,,,,,
7.278674456756562e-05,0.0013322954764589667,2025-11-22 07:05:13.299200,,,,,,,,,
7.24547280697152e-05,0.0018457573605701327,2025-11-22 07:05:13.555649,,,,,,,,,
7.34588029445149e-05,0.0018944389885291457,2025-11-22 07:05:13.794164,,,,,,,,,
7.436542364303023e-05,0.0017982583958655596,2025-11-22 07:05:14.045116,,,,,,,,,
7.587737491121516e-05,0.0021502526942640543,2025-11-22 07:05:14.293853,,,,,,,,,
7.617848314112052e-05,0.0019391601672396064,2025-11-22 07:05:14.544910,,,,,,,,,
7.676196401007473e-05,0.0016021821647882462,2025-11-22 07:05:14.785850,,,,,,,,,
7.670545164728537e-05,0.0018966428469866514,2025-11-22 07:05:15.030955,,,,,,,,,
7.611437467858195e-05,0.001828529522754252,2025-11-22 07:05:15.277130,,,,,,,,,
7.451713463524356e-05,0.001868530991487205,2025-11-22 07:05:15.521828,,,,,,,,,
7.335931877605617e-05,0.0020199751015752554,2025-11-22 07:05:15.773302,,,,,,,,,
7.48359234421514e-05,0.0017073252238333225,2025-11-22 07:05:16.014649,,,,,,,,,
7.52276973798871e-05,0.0016888430109247565,2025-11-22 07:05:16.276722,,,,,,,,,
7.398075103992596e-05,0.0018105185590684414,2025-11-22 07:05:16.522681,,,,,,,,,
7.340260344790295e-05,0.0020098432432860136,2025-11-22 07:05:16.765436,,,,,,,,,
7.360265590250492e-05,0.0014609739882871509,2025-11-22 07:05:17.013282,,,,,,,,,
7.419446774292737e-05,0.0017968297470360994,2025-11-22 07:05:17.259009,,,,,,,,,
7.451977580785751e-05,0.0016748327761888504,2025-11-22 07:05:17.508357,,,,,,,,,
7.389918027911335e-05,0.0017167545156553388,2025-11-22 07:05:17.752549,,,,,,,,,
7.309881766559556e-05,0.0018381051486358047,2025-11-22 07:05:17.997156,,,,,,,,,
7.262079452630132e-05,0.0018264777027070522,2025-11-22 07:05:18.245695,,,,,,,,,
7.369024388026446e-05,0.0019095618044957519,2025-11-22 07:05:18.499041,,,,,,,,,
7.572006870759651e-05,0.001813368173316121,2025-11-22 07:05:18.738223,,,,,,,,,
7.697697583353147e-05,0.0014472389593720436,2025-11-22 07:05:18.999317,,,,,,,,,
7.616868242621422e-05,0.001555254333652556,2025-11-22 07:05:19.232074,,,,,,,,,
7.487802940886468e-05,0.0016383008332923055,2025-11-22 07:05:19.478581,,,,,,,,,
7.32485787011683e-05,0.001961813075467944,2025-11-22 07:05:19.735613,,,,,,,,,
7.332720997510478e-05,0.0017761276103556156,2025-11-22 07:05:19.988597,,,,,,,,,
7.329133950406685e-05,0.001992630772292614,2025-11-22 07:05:20.233417,,,,,,,,,
7.388486847048625e-05,0.001818981021642685,2025-11-22 07:05:20.486398,,,,,,,,,
7.367481885012239e-05,0.0017931662732735276,2025-11-22 07:05:20.723752,,,,,,,,,
7.354629633482546e-05,0.0014796021860092878,2025-11-22 07:05:20.973603,,,,,,,,,
7.252879004226997e-05,0.0019427972147241235,2025-11-22 07:05:21.217045,,,,,,,,,
7.243677828228101e-05,0.0014954506186768413,2025-11-22 07:05:21.470314,,,,,,,,,
7.264495798153803e-05,0.0020293323323130608,2025-11-22 07:05:21.718997,,,,,,,,,
7.415466825477779e-05,0.002349521266296506,2025-11-22 07:05:21.969634,,,,,,,,,
7.53181375330314e-05,0.00157963449601084,2025-11-22 07:05:22.219719,,,,,,,,,
7.502371590817347e-05,0.0018769751768559217,2025-11-22 07:05:22.465571,,,,,,,,,
7.425312651321292e-05,0.0019841340836137533,2025-11-22 07:05:22.712389,,,,,,,,,
7.505795656470582e-05,0.0014484853018075228,2025-11-22 07:05:22.957585,,,,,,,,,
7.507444388465956e-05,0.0018865310121327639,2025-11-22 07:05:23.206015,,,,,,,,,
7.518608617829159e-05,0.0019104534294456244,2025-11-22 07:05:23.470242,,,,,,,,,
7.47522572055459e-05,0.0018215631134808064,2025-11-22 07:05:23.710105,,,,,,,,,
7.284410094143823e-05,0.0016186335124075413,2025-11-22 07:05:23.953603,,,,,,,,,
7.119666406651959e-05,0.0019713975489139557,2025-11-22 07:05:24.211805,,,,,,,,,
7.237831596285105e-05,0.001736347796395421,2025-11-22 07:05:24.447998,,,,,,,,,
7.384369382634759e-05,0.0017017247155308723,2025-11-22 07:05:24.706652,,,,,,,,,
7.54086795495823e-05,0.0018620090559124947,2025-11-22 07:05:24.946720,,,,,,,,,
7.679952250327915e-05,0.001762277795933187,2025-11-22 07:05:25.196211,,,,,,,,,
7.682092109462246e-05,0.001816540607251227,2025-11-22 07:05:25.448282,,,,,,,,,
7.594301860081032e-05,0.0019471830455586314,2025-11-22 07:05:25.695178,,,,,,,,,
7.681315037189052e-05,0.0017522164853289723,2025-11-22 07:05:25.946826,,,,,,,,,
7.735601684544235e-05,0.0014573350781574845,2025-11-22 07:05:26.194369,,,,,,,,,
7.629973697476089e-05,0.0017527320887893438,2025-11-22 07:05:26.449162,,,,,,,,,
7.552013994427398e-05,0.0016580119263380766,2025-11-22 07:05:26.689074,,,,,,,,,
7.442434434778988e-05,0.001980089582502842,2025-11-22 07:05:26.938574,,,,,,,,,
7.330522930715233e-05,0.0021056625992059708,2025-11-22 07:05:27.209477,,,,,,,,,
7.310742512345314e-05,0.0017879946390166879,2025-11-22 07:05:27.453658,,,,,,,,,
7.308913336601108e-05,0.0017553122015669942,2025-11-22 07:05:27.688686,,,,,,,,,
7.25872814655304e-05,0.0018591955304145813,2025-11-22 07:05:27.941158,,,,,,,,,
7.195534271886572e-05,0.00172960024792701,2025-11-22 07:05:28.187829,,,,,,,,,
7.237761747092009e-05,0.0018366168951615691,2025-11-22 07:05:28.434037,,,,,,,,,
7.346185884671286e-05,0.002157221781089902,2025-11-22 07:05:28.682302,,,,,,,,,
7.544703839812428e-05,0.0019728103652596474,2025-11-22 07:05:28.929215,,,,,,,,,
7.624973659403622e-05,0.0017993536312133074,2025-11-22 07:05:29.177231,,,,,,,,,
7.52037885831669e-05,0.001717318780720234,2025-11-22 07:05:29.433849,,,,,,,,,
7.51250991015695e-05,0.001406750176101923,2025-11-22 07:05:29.675320,,,,,,,,,
7.46080550015904e-05,0.0017896670615300536,2025-11-22 07:05:29.917934,,,,,,,,,
7.432537677232176e-05,0.001549608539789915,2025-11-22 07:05:30.166155,,,,,,,,,
7.382824696833268e-05,0.0018272569868713617,2025-11-22 07:05:30.412279,,,,,,,,,
,,2025-11-22 07:05:30.489982,7.478775827015245e-05,0.0018038941327378983,0.0001875,,,,,,
,,2025-11-22 07:05:38.776509,,,,27.468488693237305,9.799688339233398,,,,
,,2025-11-22 07:05:38.778084,,,,,,7.22292679711245e-05,0.0018816233361856295,27.468488693237305,9.799688339233398
7.22292679711245e-05,0.0018761351238936186,2025-11-22 07:05:43.492877,,,,,,,,,
7.111801824066788e-05,0.0016658009262755513,2025-11-22 07:05:43.734243,,,,,,,,,
7.052485307212919e-05,0.0017541893757879734,2025-11-22 07:05:43.979720,,,,,,,,,
7.078467024257407e-05,0.0019079175544902682,2025-11-22 07:05:44.232179,,,,,,,,,
7.251512579387054e-05,0.001986326416954398,2025-11-22 07:05:44.467609,,,,,,,,,
7.43193959351629e-05,0.0017913212068378925,2025-11-22 07:05:44.710875,,,,,,,,,
7.545047992607579e-05,0.001584382844157517,2025-11-22 07:05:44.963009,,,,,,,,,
7.541271043010056e-05,0.0017947802552953362,2025-11-22 07:05:45.237363,,,,,,,,,
7.831713446648791e-05,0.0019149139989167452,2025-11-22 07:05:45.461367,,,,,,,,,
8.074373909039423e-05,0.0016031122067943215,2025-11-22 07:05:45.706705,,,,,,,,,
8.098382386378944e-05,0.0017947576707229018,2025-11-22 07:05:45.961060,,,,,,,,,
7.935810572234914e-05,0.0016432839911431074,2025-11-22 07:05:46.203990,,,,,,,,,
7.753073441563174e-05,0.0016579900402575731,2025-11-22 07:05:46.449743,,,,,,,,,
7.547370478278026e-05,0.0018370180623605847,2025-11-22 07:05:46.708149,,,,,,,,,
7.347384962486103e-05,0.0016247996827587485,2025-11-22 07:05:46.943483,,,,,,,,,
7.148784789023921e-05,0.001804613508284092,2025-11-22 07:05:47.195381,,,,,,,,,
7.233035285025835e-05,0.001920925104059279,2025-11-22 07:05:47.447730,,,,,,,,,
7.368830847553909e-05,0.0015577975427731872,2025-11-22 07:05:47.691503,,,,,,,,,
7.29104649508372e-05,0.0016079596243798733,2025-11-22 07:05:47.941404,,,,,,,,,
7.200820255093277e-05,0.0019628512673079967,2025-11-22 07:05:48.199740,,,,,,,,,
7.381373870885e-05,0.0021813176572322845,2025-11-22 07:05:48.432933,,,,,,,,,
7.548448047600687e-05,0.0018435828387737274,2025-11-22 07:05:48.685251,,,,,,,,,
7.481849752366543e-05,0.0020208756905049086,2025-11-22 07:05:48.920449,,,,,,,,,
7.424024806823581e-05,0.0016700815176591277,2025-11-22 07:05:49.169436,,,,,,,,,
7.409553654724732e-05,0.0016644897405058146,2025-11-22 07:05:49.410798,,,,,,,,,
7.385767821688205e-05,0.0019122818484902382,2025-11-22 07:05:49.656982,,,,,,,,,
7.38857634132728e-05,0.001751256175339222,2025-11-22 07:05:49.902855,,,,,,,,,
7.327670755330473e-05,0.0015355163486674428,2025-11-22 07:05:50.153411,,,,,,,,,
7.258470577653497e-05,0.0018107974901795387,2025-11-22 07:05:50.395345,,,,,,,,,
7.273638038896024e-05,0.0017829095013439655,2025-11-22 07:05:50.646533,,,,,,,,,
7.3171169788111e-05,0.0016629607416689396,2025-11-22 07:05:50.888650,,,,,,,,,
7.285092578968033e-05,0.0021175965666770935,2025-11-22 07:05:51.142626,,,,,,,,,
7.40868053981103e-05,0.0017631279770284891,2025-11-22 07:05:51.379253,,,,,,,,,
7.439900218741968e-05,0.0017794746672734618,2025-11-22 07:05:51.622593,,,,,,,,,
7.416092557832599e-05,0.0016878952737897635,2025-11-22 07:05:51.872287,,,,,,,,,
7.503422966692597e-05,0.0019223667914047837,2025-11-22 07:05:52.120311,,,,,,,,,
7.656883826712146e-05,0.001808557310141623,2025-11-22 07:05:52.366369,,,,,,,,,
7.655863737454638e-05,0.0016627308214083314,2025-11-22 07:05:52.612825,,,,,,,,,
7.541081140516326e-05,0.0018380210967734456,2025-11-22 07:05:52.860977,,,,,,,,,
7.53472195356153e-05,0.0019666990265250206,2025-11-22 07:05:53.112405,,,,,,,,,
7.586868741782382e-05,0.0019902868662029505,2025-11-22 07:05:53.356148,,,,,,,,,
7.514299068134278e-05,0.0016883708303794265,2025-11-22 07:05:53.610072,,,,,,,,,
7.383764022961259e-05,0.0018122128676623106,2025-11-22 07:05:53.848255,,,,,,,,,
7.287509652087465e-05,0.0017899000085890293,2025-11-22 07:05:54.094379,,,,,,,,,
7.186691800598055e-05,0.0017865587724372745,2025-11-22 07:05:54.346453,,,,,,,,,
7.075361645547673e-05,0.0016940382774919271,2025-11-22 07:05:54.589488,,,,,,,,,
7.112915045581758e-05,0.0017291459953412414,2025-11-22 07:05:54.839837,,,,,,,,,
7.131353777367622e-05,0.002165860263630748,2025-11-22 07:05:55.078183,,,,,,,,,
7.361247116932645e-05,0.002220344031229615,2025-11-22 07:05:55.328163,,,,,,,,,
7.595477654831484e-05,0.001903200289234519,2025-11-22 07:05:55.568234,,,,,,,,,
7.612499030074105e-05,0.0018061193404719234,2025-11-22 07:05:55.816547,,,,,,,,,
7.618137169629335e-05,0.0018999621970579028,2025-11-22 07:05:56.065107,,,,,,,,,
7.789541268721223e-05,0.0017225666670128703,2025-11-22 07:05:56.315438,,,,,,,,,
7.935971370898187e-05,0.0017046433640643954,2025-11-22 07:05:56.571424,,,,,,,,,
7.855303556425497e-05,0.0020140616688877344,2025-11-22 07:05:56.812902,,,,,,,,,
7.659237599000335e-05,0.0018708951538428664,2025-11-22 07:05:57.056628,,,,,,,,,
7.48871243558824e-05,0.0021862934809178114,2025-11-22 07:05:57.303914,,,,,,,,,
7.427950913552195e-05,0.0016734604723751545,2025-11-22 07:05:57.555136,,,,,,,,,
7.25040226825513e-05,0.0017293159617111087,2025-11-22 07:05:57.807288,,,,,,,,,
7.117309723980725e-05,0.0017753401771187782,2025-11-22 07:05:58.055824,,,,,,,,,
7.071055006235838e-05,0.0018528873333707452,2025-11-22 07:05:58.310051,,,,,,,,,
7.145599374780431e-05,0.0016701655695214868,2025-11-22 07:05:58.561804,,,,,,,,,
7.321577868424356e-05,0.001972716534510255,2025-11-22 07:05:58.797484,,,,,,,,,
7.425292278639972e-05,0.0020104513969272375,2025-11-22 07:05:59.077306,,,,,,,,,
7.594267663080245e-05,0.0014176230179145932,2025-11-22 07:05:59.307121,,,,,,,,,
7.676950917812064e-05,0.0016172447940334678,2025-11-22 07:05:59.548276,,,,,,,,,
7.637371163582429e-05,0.0018877831753343344,2025-11-22 07:05:59.794515,,,,,,,,,
7.711358193773776e-05,0.0016190600581467152,2025-11-22 07:06:00.043729,,,,,,,,,
7.69011749071069e-05,0.0015275668120011687,2025-11-22 07:06:00.291378,,,,,,,,,
7.575380004709587e-05,0.001777124241925776,2025-11-22 07:06:00.535079,,,,,,,,,
7.508517592214048e-05,0.0021596355363726616,2025-11-22 07:06:00.782626,,,,,,,,,
7.555870251962915e-05,0.001539994147606194,2025-11-22 07:06:01.025783,,,,,,,,,
7.519162318203598e-05,0.0017478476511314511,2025-11-22 07:06:01.281628,,,,,,,,,
7.442793867085129e-05,0.0016209348104894161,2025-11-22 07:06:01.525288,,,,,,,,,
7.459082553396001e-05,0.00197549257427454,2025-11-22 07:06:01.764588,,,,,,,,,
7.483625813620165e-05,0.0018446077592670918,2025-11-22 07:06:02.015256,,,,,,,,,
7.498242484871298e-05,0.001498204655945301,2025-11-22 07:06:02.264343,,,,,,,,,
7.390150858554989e-05,0.0019726830068975687,2025-11-22 07:06:02.524659,,,,,,,,,
7.392550469376147e-05,0.001776844379492104,2025-11-22 07:06:02.763137,,,,,,,,,
7.356328569585457e-05,0.001623464748263359,2025-11-22 07:06:03.007884,,,,,,,,,
7.27305086911656e-05,0.0012192295398563147,2025-11-22 07:06:03.270913,,,,,,,,,
7.217131496872753e-05,0.0018670884892344475,2025-11-22 07:06:03.506653,,,,,,,,,
7.258863479364663e-05,0.001488330541178584,2025-11-22 07:06:03.756066,,,,,,,,,
7.256228855112568e-05,0.0019388546934351325,2025-11-22 07:06:03.992997,,,,,,,,,
7.248354813782498e-05,0.001988294767215848,2025-11-22 07:06:04.251114,,,,,,,,,
7.286016625585034e-05,0.002064148196950555,2025-11-22 07:06:04.490233,,,,,,,,,
7.430697587551549e-05,0.0017864254768937826,2025-11-22 07:06:04.735425,,,,,,,,,
7.539959187852219e-05,0.0017925831489264965,2025-11-22 07:06:04.993773,,,,,,,,,
7.583672413602471e-05,0.00197359686717391,2025-11-22 07:06:05.234577,,,,,,,,,
7.60527909733355e-05,0.00174705998506397,2025-11-22 07:06:05.480780,,,,,,,,,
7.653145439689979e-05,0.0022969802375882864,2025-11-22 07:06:05.737527,,,,,,,,,
7.65908116591163e-05,0.0020022992976009846,2025-11-22 07:06:05.979655,,,,,,,,,
7.619479583809152e-05,0.0015211617574095726,2025-11-22 07:06:06.218320,,,,,,,,,
7.541866943938658e-05,0.0019820360466837883,2025-11-22 07:06:06.466714,,,,,,,,,
7.529195136157796e-05,0.0022324780002236366,2025-11-22 07:06:06.715546,,,,,,,,,
7.584773265989497e-05,0.001846056547947228,2025-11-22 07:06:06.967614,,,,,,,,,
7.57830057409592e-05,0.0017335691954940557,2025-11-22 07:06:07.205191,,,,,,,,,
7.615289359819144e-05,0.0014131859643384814,2025-11-22 07:06:07.450908,,,,,,,,,
7.585145067423582e-05,0.0015683626988902688,2025-11-22 07:06:07.698026,,,,,,,,,
7.543012907262892e-05,0.0018074860563501716,2025-11-22 07:06:07.947446,,,,,,,,,
7.54471038817428e-05,0.0019485080847516656,2025-11-22 07:06:08.192210,,,,,,,,,
7.572492177132517e-05,0.0017074730712920427,2025-11-22 07:06:08.437226,,,,,,,,,
7.453417492797598e-05,0.0016611905302852392,2025-11-22 07:06:08.686065,,,,,,,,,
7.35964858904481e-05,0.0016099640633910894,2025-11-22 07:06:08.931528,,,,,,,,,
7.268210174515843e-05,0.0016636893851682544,2025-11-22 07:06:09.185911,,,,,,,,,
7.236694364110008e-05,0.001812719856388867,2025-11-22 07:06:09.424857,,,,,,,,,
7.354070839937776e-05,0.0020040860399603844,2025-11-22 07:06:09.678544,,,,,,,,,
7.578905206173658e-05,0.001704571070149541,2025-11-22 07:06:09.919892,,,,,,,,,
7.608551095472649e-05,0.0016863086493685842,2025-11-22 07:06:10.168305,,,,,,,,,
7.504960376536474e-05,0.001958040753379464,2025-11-22 07:06:10.415668,,,,,,,,,
7.581683894386515e-05,0.001715154736302793,2025-11-22 07:06:10.662146,,,,,,,,,
7.630505569977686e-05,0.0017598791746422648,2025-11-22 07:06:10.904776,,,,,,,,,
7.608811574755237e-05,0.001676394953392446,2025-11-22 07:06:11.153748,,,,,,,,,
7.453020953107625e-05,0.0017127098981291056,2025-11-22 07:06:11.397922,,,,,,,,,
7.282898150151595e-05,0.0016299495473504066,2025-11-22 07:06:11.650731,,,,,,,,,
7.187397568486631e-05,0.0017392063746228814,2025-11-22 07:06:11.906782,,,,,,,,,
7.218244718387723e-05,0.001636805827729404,2025-11-22 07:06:12.142574,,,,,,,,,
7.222210842883214e-05,0.0017327908426523209,2025-11-22 07:06:12.399946,,,,,,,,,
7.164741691667587e-05,0.0016687155002728105,2025-11-22 07:06:12.638249,,,,,,,,,
7.121781527530402e-05,0.0017651795642450452,2025-11-22 07:06:12.887470,,,,,,,,,
7.134578481782228e-05,0.001677979831583798,2025-11-22 07:06:13.144198,,,,,,,,,
7.115350308595225e-05,0.00237999833188951,2025-11-22 07:06:13.402475,,,,,,,,,
7.290926441783085e-05,0.0016754609532654285,2025-11-22 07:06:13.649098,,,,,,,,,
7.376623398158699e-05,0.0018035167595371604,2025-11-22 07:06:13.886093,,,,,,,,,
7.482743967557326e-05,0.002152619883418083,2025-11-22 07:06:14.130115,,,,,,,,,
7.633767381776124e-05,0.0019396679708734155,2025-11-22 07:06:14.382380,,,,,,,,,
7.706863834755495e-05,0.001971208956092596,2025-11-22 07:06:14.633999,,,,,,,,,
7.624653517268598e-05,0.0019110138528048992,2025-11-22 07:06:14.885294,,,,,,,,,
7.581658428534865e-05,0.0017876821802929044,2025-11-22 07:06:15.129331,,,,,,,,,
7.552890747319907e-05,0.0015720227966085076,2025-11-22 07:06:15.374246,,,,,,,,,
7.494029705412686e-05,0.0017565841553732753,2025-11-22 07:06:15.623330,,,,,,,,,
7.417743472615257e-05,0.0016523984959349036,2025-11-22 07:06:15.891016,,,,,,,,,
7.354338595177978e-05,0.001561711193062365,2025-11-22 07:06:16.120621,,,,,,,,,
7.242848369060084e-05,0.0016798936994746327,2025-11-22 07:06:16.377629,,,,,,,,,
7.254843512782827e-05,0.002011453965678811,2025-11-22 07:06:16.627680,,,,,,,,,
7.28148952475749e-05,0.002135137328878045,2025-11-22 07:06:16.877727,,,,,,,,,
7.39745664759539e-05,0.0018925496842712164,2025-11-22 07:06:17.121608,,,,,,,,,
7.614050264237449e-05,0.0017159426352009177,2025-11-22 07:06:17.368591,,,,,,,,,
7.674886001041159e-05,0.0016345985932275653,2025-11-22 07:06:17.616961,,,,,,,,,
7.752565579721704e-05,0.0017506814328953624,2025-11-22 07:06:17.884749,,,,,,,,,
7.698347326368093e-05,0.0015565685462206602,2025-11-22 07:06:18.118942,,,,,,,,,
7.680603448534384e-05,0.0017880188534036279,2025-11-22 07:06:18.369068,,,,,,,,,
7.794101838953793e-05,0.00184203393291682,2025-11-22 07:06:18.625856,,,,,,,,,
7.926295074867085e-05,0.0015774008352309465,2025-11-22 07:06:18.861099,,,,,,,,,
,,2025-11-22 07:06:18.945255,7.456911907866015e-05,0.001794701629680478,0.0001875,,,,,,
,,2025-11-22 07:06:27.409310,,,,27.196815490722656,9.883635520935059,,,,
,,2025-11-22 07:06:27.413703,,,,,,7.68919344409369e-05,0.001844530508746035,27.196815490722656,9.883635520935059
7.68919344409369e-05,0.0016129183350130916,2025-11-22 07:06:31.829610,,,,,,,,,
7.345456106122583e-05,0.0018758506048470736,2025-11-22 07:06:32.068728,,,,,,,,,
7.221691339509562e-05,0.0016122142551466823,2025-11-22 07:06:32.308073,,,,,,,,,
7.227579044410959e-05,0.001598998554982245,2025-11-22 07:06:32.554586,,,,,,,,,
7.102086237864569e-05,0.0018189839320257306,2025-11-22 07:06:32.808858,,,,,,,,,
7.044334779493511e-05,0.0016503753140568733,2025-11-22 07:06:33.069534,,,,,,,,,
7.173740596044809e-05,0.0015952445100992918,2025-11-22 07:06:33.309075,,,,,,,,,
7.306541374418885e-05,0.0020008860155940056,2025-11-22 07:06:33.550353,,,,,,,,,
7.349296356551349e-05,0.0015485264593735337,2025-11-22 07:06:33.798421,,,,,,,,,
7.376482244580984e-05,0.0018435480305925012,2025-11-22 07:06:34.045239,,,,,,,,,
7.545106200268492e-05,0.0016591897001489997,2025-11-22 07:06:34.298612,,,,,,,,,
7.687664037803188e-05,0.0017098180251196027,2025-11-22 07:06:34.532910,,,,,,,,,
7.674714288441464e-05,0.0020636306144297123,2025-11-22 07:06:34.785939,,,,,,,,,
7.651130727026612e-05,0.0016290955245494843,2025-11-22 07:06:35.035887,,,,,,,,,
7.57209345465526e-05,0.001940151210874319,2025-11-22 07:06:35.280928,,,,,,,,,
7.494808232877403e-05,0.0017861381638795137,2025-11-22 07:06:35.520640,,,,,,,,,
7.508056296501309e-05,0.001742748310789466,2025-11-22 07:06:35.773500,,,,,,,,,
7.59565518819727e-05,0.0017898157238960266,2025-11-22 07:06:36.026001,,,,,,,,,
7.586641004309058e-05,0.001821765792556107,2025-11-22 07:06:36.283212,,,,,,,,,
7.441073103109375e-05,0.0018527185311540961,2025-11-22 07:06:36.522007,,,,,,,,,
7.289229688467458e-05,0.0017322214553132653,2025-11-22 07:06:36.765756,,,,,,,,,
7.190027827164158e-05,0.0016175531782209873,2025-11-22 07:06:37.008981,,,,,,,,,
7.225103763630614e-05,0.0018649027915671468,2025-11-22 07:06:37.268831,,,,,,,,,
7.30358442524448e-05,0.001595503301359713,2025-11-22 07:06:37.502862,,,,,,,,,
7.238190300995484e-05,0.0015632298309355974,2025-11-22 07:06:37.747705,,,,,,,,,
7.07047656760551e-05,0.0019311057403683662,2025-11-22 07:06:37.996454,,,,,,,,,
7.049498526612297e-05,0.0017122059362009168,2025-11-22 07:06:38.240383,,,,,,,,,
7.10391832399182e-05,0.0017414086032658815,2025-11-22 07:06:38.489546,,,,,,,,,
7.302946323761716e-05,0.0018458531703799963,2025-11-22 07:06:38.729727,,,,,,,,,
7.431232370436192e-05,0.0018869206542149186,2025-11-22 07:06:38.981517,,,,,,,,,
7.534932956332341e-05,0.0019745812751352787,2025-11-22 07:06:39.240682,,,,,,,,,
7.556399941677228e-05,0.0017015461344271898,2025-11-22 07:06:39.488521,,,,,,,,,
7.536287739640102e-05,0.0017223289469256997,2025-11-22 07:06:39.740080,,,,,,,,,
7.487469702027738e-05,0.001747284783050418,2025-11-22 07:06:39.989930,,,,,,,,,
7.528290734626353e-05,0.0015600770711898804,2025-11-22 07:06:40.240891,,,,,,,,,
7.562075916212052e-05,0.0019498940091580153,2025-11-22 07:06:40.486223,,,,,,,,,
7.532193558290601e-05,0.0017995223170146346,2025-11-22 07:06:40.740123,,,,,,,,,
7.37500813556835e-05,0.0017290918622165918,2025-11-22 07:06:40.985341,,,,,,,,,
7.254442607518286e-05,0.0018018654081970453,2025-11-22 07:06:41.236186,,,,,,,,,
7.164301496231928e-05,0.0016286728205159307,2025-11-22 07:06:41.481459,,,,,,,,,
7.189896859927103e-05,0.0018149318639189005,2025-11-22 07:06:41.727904,,,,,,,,,
7.289332279469818e-05,0.001956954365596175,2025-11-22 07:06:41.974906,,,,,,,,,
7.39412716939114e-05,0.0019762213341891766,2025-11-22 07:06:42.220874,,,,,,,,,
7.406313670799136e-05,0.0016273375367745757,2025-11-22 07:06:42.477702,,,,,,,,,
7.324946636799723e-05,0.0019658904056996107,2025-11-22 07:06:42.720478,,,,,,,,,
7.410231046378613e-05,0.001886623096652329,2025-11-22 07:06:42.965469,,,,,,,,,
7.439183536916971e-05,0.0017365998355671763,2025-11-22 07:06:43.204982,,,,,,,,,
7.43164200684987e-05,0.0018754064803943038,2025-11-22 07:06:43.451467,,,,,,,,,
7.473435834981501e-05,0.0019279848784208298,2025-11-22 07:06:43.702028,,,,,,,,,
7.625029684277251e-05,0.001587257836945355,2025-11-22 07:06:43.947239,,,,,,,,,
7.642733544344082e-05,0.0016769594512879848,2025-11-22 07:06:44.187203,,,,,,,,,
7.625324360560626e-05,0.001584198442287743,2025-11-22 07:06:44.434812,,,,,,,,,
7.614021888002753e-05,0.0015552057884633541,2025-11-22 07:06:44.677761,,,,,,,,,
7.468744297511876e-05,0.0021805211436003447,2025-11-22 07:06:44.925772,,,,,,,,,
7.48525490052998e-05,0.001791687565855682,2025-11-22 07:06:45.180828,,,,,,,,,
7.424207433359697e-05,0.002096863929182291,2025-11-22 07:06:45.419814,,,,,,,,,
7.403974450426176e-05,0.0018701310036703944,2025-11-22 07:06:45.665070,,,,,,,,,
7.355954585364088e-05,0.0017396042821928859,2025-11-22 07:06:45.910636,,,,,,,,,
7.427396485581994e-05,0.0019049325492233038,2025-11-22 07:06:46.154890,,,,,,,,,
7.524451211793348e-05,0.0018389412434771657,2025-11-22 07:06:46.399514,,,,,,,,,
7.512629235861823e-05,0.0015833789948374033,2025-11-22 07:06:46.649307,,,,,,,,,
7.445189112331718e-05,0.0017253035912290215,2025-11-22 07:06:46.897947,,,,,,,,,
7.36258807592094e-05,0.0018528536893427372,2025-11-22 07:06:47.144301,,,,,,,,,
7.311065564863384e-05,0.0017696298891678452,2025-11-22 07:06:47.397309,,,,,,,,,
7.284719322342426e-05,0.002032448537647724,2025-11-22 07:06:47.638724,,,,,,,,,
7.240065315272659e-05,0.0019426826620474458,2025-11-22 07:06:47.890228,,,,,,,,,
7.237616955535486e-05,0.0018409244948998094,2025-11-22 07:06:48.131851,,,,,,,,,
7.300017023226246e-05,0.0019142776727676392,2025-11-22 07:06:48.377332,,,,,,,,,
7.37723967176862e-05,0.0016025104559957981,2025-11-22 07:06:48.624866,,,,,,,,,
7.356351125054061e-05,0.0015903409803286195,2025-11-22 07:06:48.873297,,,,,,,,,
7.30672909412533e-05,0.0017285874346271157,2025-11-22 07:06:49.122103,,,,,,,,,
7.234633812913671e-05,0.001844446873292327,2025-11-22 07:06:49.372753,,,,,,,,,
7.209983596112579e-05,0.001711375080049038,2025-11-22 07:06:49.616973,,,,,,,,,
7.160510722314939e-05,0.0017115190858021379,2025-11-22 07:06:49.859032,,,,,,,,,
7.109862053766847e-05,0.001884208875708282,2025-11-22 07:06:50.104810,,,,,,,,,
7.133300823625177e-05,0.0017548298928886652,2025-11-22 07:06:50.354120,,,,,,,,,
7.18396040610969e-05,0.0018769779708236456,2025-11-22 07:06:50.604081,,,,,,,,,
7.274958625202999e-05,0.0019210736500099301,2025-11-22 07:06:50.849791,,,,,,,,,
7.387869118247181e-05,0.0015834199730306864,2025-11-22 07:06:51.095863,,,,,,,,,
7.461931090801954e-05,0.0016985400579869747,2025-11-22 07:06:51.342877,,,,,,,,,
7.517322956118733e-05,0.0012646393151953816,2025-11-22 07:06:51.595906,,,,,,,,,
7.495299360016361e-05,0.0017457082867622375,2025-11-22 07:06:51.838159,,,,,,,,,
7.504548557335511e-05,0.0016803130274638534,2025-11-22 07:06:52.086186,,,,,,,,,
7.532427844125777e-05,0.0018557639559730887,2025-11-22 07:06:52.337499,,,,,,,,,
7.54292486817576e-05,0.0018600086914375424,2025-11-22 07:06:52.578235,,,,,,,,,
7.469004049198702e-05,0.0016310540959239006,2025-11-22 07:06:52.833425,,,,,,,,,
7.322865712922066e-05,0.0017412599408999085,2025-11-22 07:06:53.071751,,,,,,,,,
7.279205601662397e-05,0.0015594458673149347,2025-11-22 07:06:53.323331,,,,,,,,,
7.247592293424532e-05,0.0020989696495234966,2025-11-22 07:06:53.571721,,,,,,,,,
7.314360118471086e-05,0.0017588766058906913,2025-11-22 07:06:53.819164,,,,,,,,,
7.38126618671231e-05,0.0017021055100485682,2025-11-22 07:06:54.067469,,,,,,,,,
7.430072582792491e-05,0.001713136094622314,2025-11-22 07:06:54.316587,,,,,,,,,
7.448463293258101e-05,0.0016680711414664984,2025-11-22 07:06:54.557069,,,,,,,,,
7.549758447567001e-05,0.0017021778039634228,2025-11-22 07:06:54.808432,,,,,,,,,
7.554023613920435e-05,0.001594438450410962,2025-11-22 07:06:55.061714,,,,,,,,,
7.540886872448027e-05,0.0018828560132533312,2025-11-22 07:06:55.304607,,,,,,,,,
7.489286508644e-05,0.001738270279020071,2025-11-22 07:06:55.551425,,,,,,,,,
7.492052100133151e-05,0.0020820077043026686,2025-11-22 07:06:55.796812,,,,,,,,,
7.672377250855789e-05,0.001681474270299077,2025-11-22 07:06:56.053587,,,,,,,,,
7.560190715594217e-05,0.0015929698711261153,2025-11-22 07:06:56.287300,,,,,,,,,
7.39766182960011e-05,0.00191893195733428,2025-11-22 07:06:56.536466,,,,,,,,,
7.355993147939444e-05,0.0016819518059492111,2025-11-22 07:06:56.782076,,,,,,,,,
7.325450860662386e-05,0.0018195457523688674,2025-11-22 07:06:57.031841,,,,,,,,,
7.247922621900216e-05,0.001682458445429802,2025-11-22 07:06:57.287902,,,,,,,,,
7.212917989818379e-05,0.0016987023409456015,2025-11-22 07:06:57.532620,,,,,,,,,
7.250635826494545e-05,0.0019678983371704817,2025-11-22 07:06:57.770056,,,,,,,,,
7.322565943468362e-05,0.0017411740263924003,2025-11-22 07:06:58.021994,,,,,,,,,
7.332956010941416e-05,0.0016731771174818277,2025-11-22 07:06:58.262916,,,,,,,,,
7.437416934408247e-05,0.0016820913879200816,2025-11-22 07:06:58.515074,,,,,,,,,
7.545017433585599e-05,0.0021901694126427174,2025-11-22 07:06:58.759268,,,,,,,,,
7.746988558210433e-05,0.0015708375722169876,2025-11-22 07:06:59.006851,,,,,,,,,
7.630745676578954e-05,0.001683993497863412,2025-11-22 07:06:59.252399,,,,,,,,,
7.510348223149776e-05,0.0021031955257058144,2025-11-22 07:06:59.501683,,,,,,,,,
7.498078048229218e-05,0.002072717295959592,2025-11-22 07:06:59.744799,,,,,,,,,
7.515170727856457e-05,0.0022692198399454355,2025-11-22 07:07:00.003867,,,,,,,,,
7.534961332567036e-05,0.002032673917710781,2025-11-22 07:07:00.240898,,,,,,,,,
7.535351323895156e-05,0.0018781778635457158,2025-11-22 07:07:00.493188,,,,,,,,,
7.487108814530075e-05,0.0016598881920799613,2025-11-22 07:07:00.734362,,,,,,,,,
7.35725334379822e-05,0.0017125402810052037,2025-11-22 07:07:00.986483,,,,,,,,,
7.31579348212108e-05,0.002053864300251007,2025-11-22 07:07:01.244208,,,,,,,,,
7.381412433460355e-05,0.001754462020471692,2025-11-22 07:07:01.475753,,,,,,,,,
7.614391506649554e-05,0.0017623971216380596,2025-11-22 07:07:01.726599,,,,,,,,,
7.722891314188018e-05,0.0015785661526024342,2025-11-22 07:07:01.976448,,,,,,,,,
7.663814903935418e-05,0.001722987974062562,2025-11-22 07:07:02.222158,,,,,,,,,
7.585296407341957e-05,0.0018163953209295869,2025-11-22 07:07:02.470478,,,,,,,,,
7.567388820461929e-05,0.0017562026623636484,2025-11-22 07:07:02.715678,,,,,,,,,
7.575866766273975e-05,0.0017463496187701821,2025-11-22 07:07:02.967869,,,,,,,,,
7.619035022798926e-05,0.001638219808228314,2025-11-22 07:07:03.213748,,,,,,,,,
7.552056922577322e-05,0.0016212397022172809,2025-11-22 07:07:03.471971,,,,,,,,,
7.309669308597222e-05,0.0017548376927152276,2025-11-22 07:07:03.716126,,,,,,,,,
7.166902651078999e-05,0.0018134231213480234,2025-11-22 07:07:03.958869,,,,,,,,,
7.142444519558921e-05,0.0018421771237626672,2025-11-22 07:07:04.202732,,,,,,,,,
7.247688336065039e-05,0.001882830518297851,2025-11-22 07:07:04.458605,,,,,,,,,
7.356302376138046e-05,0.0018335500499233603,2025-11-22 07:07:04.694814,,,,,,,,,
7.512862066505477e-05,0.0020192854572087526,2025-11-22 07:07:04.942413,,,,,,,,,
7.751733210170642e-05,0.0015670368447899818,2025-11-22 07:07:05.191078,,,,,,,,,
7.75123480707407e-05,0.001677104039117694,2025-11-22 07:07:05.440658,,,,,,,,,
7.723052840447053e-05,0.0021550373639911413,2025-11-22 07:07:05.703974,,,,,,,,,
7.825696229701862e-05,0.0016950346762314439,2025-11-22 07:07:05.940040,,,,,,,,,
7.751506200293079e-05,0.0018778439844027162,2025-11-22 07:07:06.186788,,,,,,,,,
7.63129282859154e-05,0.0019826574716717005,2025-11-22 07:07:06.434734,,,,,,,,,
7.483195804525167e-05,0.0018769045127555728,2025-11-22 07:07:06.681568,,,,,,,,,
7.496451871702448e-05,0.0018491995288059115,2025-11-22 07:07:06.937276,,,,,,,,,
7.54578722990118e-05,0.0021599309984594584,2025-11-22 07:07:07.176062,,,,,,,,,
,,2025-11-22 07:07:07.255519,7.424018187723252e-05,0.0017878638819739637,0.0001875,,,,,,
,,2025-11-22 07:07:16.242029,,,,27.254383087158203,9.887557029724121,,,,
,,2025-11-22 07:07:16.244050,,,,,,7.587936852360144e-05,0.0018430938003942943,27.254383087158203,9.887557029724121
7.587936852360144e-05,0.0017872628523036838,2025-11-22 07:07:21.070666,,,,,,,,,
7.667020690860227e-05,0.0015849396586418152,2025-11-22 07:07:21.339308,,,,,,,,,
7.615565118612722e-05,0.001958735752850771,2025-11-22 07:07:21.588936,,,,,,,,,
7.573090988444164e-05,0.001951956539414823,2025-11-22 07:07:21.827949,,,,,,,,,
7.497015758417547e-05,0.0014337748289108276,2025-11-22 07:07:22.078665,,,,,,,,,
7.347750943154097e-05,0.0019087580731138587,2025-11-22 07:07:22.324488,,,,,,,,,
7.276787800947204e-05,0.0018529277294874191,2025-11-22 07:07:22.578529,,,,,,,,,
7.224263390526175e-05,0.0016838490264490247,2025-11-22 07:07:22.824352,,,,,,,,,
7.255109085235745e-05,0.0018933287356048822,2025-11-22 07:07:23.062645,,,,,,,,,
7.410374382743612e-05,0.0015308208530768752,2025-11-22 07:07:23.306693,,,,,,,,,
7.472913421224803e-05,0.0019971770234405994,2025-11-22 07:07:23.555516,,,,,,,,,
7.562555401818827e-05,0.001557417563162744,2025-11-22 07:07:23.797327,,,,,,,,,
7.591065514134243e-05,0.0016262171557173133,2025-11-22 07:07:24.042466,,,,,,,,,
7.526216359110549e-05,0.0016313160303980112,2025-11-22 07:07:24.291782,,,,,,,,,
7.458036270691082e-05,0.0019296904793009162,2025-11-22 07:07:24.539743,,,,,,,,,
7.491157884942368e-05,0.0021459346171468496,2025-11-22 07:07:24.785787,,,,,,,,,
7.519518112530932e-05,0.001561380922794342,2025-11-22 07:07:25.034710,,,,,,,,,
7.383621414192021e-05,0.001481605228036642,2025-11-22 07:07:25.279327,,,,,,,,,
7.251717033796012e-05,0.001942625269293785,2025-11-22 07:07:25.523283,,,,,,,,,
7.35540161258541e-05,0.001468862872570753,2025-11-22 07:07:25.768644,,,,,,,,,
7.550929149147123e-05,0.0015846866881474853,2025-11-22 07:07:26.015758,,,,,,,,,
7.62642957852222e-05,0.0017944092396646738,2025-11-22 07:07:26.260923,,,,,,,,,
7.659229595446959e-05,0.0019182494143024087,2025-11-22 07:07:26.506271,,,,,,,,,
7.66479570302181e-05,0.0021627466194331646,2025-11-22 07:07:26.759633,,,,,,,,,
7.820695464033633e-05,0.0015313256299123168,2025-11-22 07:07:27.002942,,,,,,,,,
7.82222268753685e-05,0.0018826021114364266,2025-11-22 07:07:27.247494,,,,,,,,,
7.801716856192797e-05,0.001663177041336894,2025-11-22 07:07:27.497130,,,,,,,,,
7.688375626457855e-05,0.0017670730594545603,2025-11-22 07:07:27.747077,,,,,,,,,
7.534817268606275e-05,0.0019029014511033893,2025-11-22 07:07:27.993166,,,,,,,,,
7.281571015482768e-05,0.0021000842098146677,2025-11-22 07:07:28.236037,,,,,,,,,
7.224591536214575e-05,0.0019059156766161323,2025-11-22 07:07:28.480566,,,,,,,,,
7.196632213890553e-05,0.0015128529630601406,2025-11-22 07:07:28.732708,,,,,,,,,
7.152766920626163e-05,0.0017353988951072097,2025-11-22 07:07:28.977590,,,,,,,,,
7.059978088364005e-05,0.002165387151762843,2025-11-22 07:07:29.218048,,,,,,,,,
7.106394332367927e-05,0.0016137872589752078,2025-11-22 07:07:29.466917,,,,,,,,,
7.217867096187547e-05,0.0019456883892416954,2025-11-22 07:07:29.729984,,,,,,,,,
7.273754454217851e-05,0.0017826772527769208,2025-11-22 07:07:29.971288,,,,,,,,,
7.372197433141991e-05,0.0017621946753934026,2025-11-22 07:07:30.212257,,,,,,,,,
7.531425944762304e-05,0.002352367853745818,2025-11-22 07:07:30.458960,,,,,,,,,
7.681663555558771e-05,0.001994644058868289,2025-11-22 07:07:30.700910,,,,,,,,,
7.770591764710844e-05,0.0014668290968984365,2025-11-22 07:07:30.962939,,,,,,,,,
7.768486102577299e-05,0.0019348511705175042,2025-11-22 07:07:31.198081,,,,,,,,,
7.664649456273764e-05,0.0018837150419130921,2025-11-22 07:07:31.445748,,,,,,,,,
7.68002137192525e-05,0.0020597348921000957,2025-11-22 07:07:31.689285,,,,,,,,,
7.705187454121187e-05,0.0018980756867676973,2025-11-22 07:07:31.949243,,,,,,,,,
7.561776146758348e-05,0.001427004812285304,2025-11-22 07:07:32.192680,,,,,,,,,
7.429777178913355e-05,0.001803720137104392,2025-11-22 07:07:32.435455,,,,,,,,,
7.337638817261904e-05,0.001890426967293024,2025-11-22 07:07:32.684014,,,,,,,,,
7.35004068701528e-05,0.001999598927795887,2025-11-22 07:07:32.942549,,,,,,,,,
7.483002991648391e-05,0.0014120875857770443,2025-11-22 07:07:33.190978,,,,,,,,,
7.36803631298244e-05,0.0016224649734795094,2025-11-22 07:07:33.427706,,,,,,,,,
7.338478462770581e-05,0.001985984854400158,2025-11-22 07:07:33.676791,,,,,,,,,
7.276538963196799e-05,0.001833884627558291,2025-11-22 07:07:33.924832,,,,,,,,,
7.349340739892796e-05,0.0018967502983286977,2025-11-22 07:07:34.176311,,,,,,,,,
7.487168477382511e-05,0.0016872674459591508,2025-11-22 07:07:34.420451,,,,,,,,,
7.514298340538517e-05,0.0019247374730184674,2025-11-22 07:07:34.661080,,,,,,,,,
7.610741158714518e-05,0.0021461197175085545,2025-11-22 07:07:34.904954,,,,,,,,,
7.714612002018839e-05,0.0016551233129575849,2025-11-22 07:07:35.153997,,,,,,,,,
7.726567855570465e-05,0.0015257115010172129,2025-11-22 07:07:35.402334,,,,,,,,,
7.50498948036693e-05,0.0016658921958878636,2025-11-22 07:07:35.647381,,,,,,,,,
7.342331809923053e-05,0.0022649222519248724,2025-11-22 07:07:35.890245,,,,,,,,,
7.428438402712345e-05,0.002109129447489977,2025-11-22 07:07:36.135915,,,,,,,,,
7.588000880787149e-05,0.001968172611668706,2025-11-22 07:07:36.387956,,,,,,,,,
7.718827691860497e-05,0.002405721927061677,2025-11-22 07:07:36.646383,,,,,,,,,
7.796052523190156e-05,0.0017215629341080785,2025-11-22 07:07:36.880044,,,,,,,,,
7.877153984736651e-05,0.001893221982754767,2025-11-22 07:07:37.124332,,,,,,,,,
7.979114161571488e-05,0.0016808602958917618,2025-11-22 07:07:37.374271,,,,,,,,,
8.054715726757422e-05,0.0016116960905492306,2025-11-22 07:07:37.617976,,,,,,,,,
8.131004142342135e-05,0.001560185686685145,2025-11-22 07:07:37.877117,,,,,,,,,
8.048344898270443e-05,0.0018915391992777586,2025-11-22 07:07:38.109703,,,,,,,,,
7.80966438469477e-05,0.0018933606334030628,2025-11-22 07:07:38.356394,,,,,,,,,
7.497342448914424e-05,0.00203828071244061,2025-11-22 07:07:38.613437,,,,,,,,,
7.269364141393453e-05,0.0017250260571017861,2025-11-22 07:07:38.856220,,,,,,,,,
7.188565359683707e-05,0.0013353790855035186,2025-11-22 07:07:39.097533,,,,,,,,,
7.067318074405193e-05,0.001631840830668807,2025-11-22 07:07:39.349134,,,,,,,,,
7.051861030049622e-05,0.0016485813539475203,2025-11-22 07:07:39.602801,,,,,,,,,
6.976169242989272e-05,0.0013672198401764035,2025-11-22 07:07:39.841755,,,,,,,,,
6.862049485789612e-05,0.0020681023597717285,2025-11-22 07:07:40.095933,,,,,,,,,
7.003980863373727e-05,0.0015430953353643417,2025-11-22 07:07:40.337295,,,,,,,,,
7.096528861438856e-05,0.00153350958134979,2025-11-22 07:07:40.580865,,,,,,,,,
7.163973350543529e-05,0.0015772194601595402,2025-11-22 07:07:40.829586,,,,,,,,,
7.220775296445936e-05,0.002132123103365302,2025-11-22 07:07:41.072073,,,,,,,,,
7.365544297499582e-05,0.0018222390208393335,2025-11-22 07:07:41.319236,,,,,,,,,
7.501697837142274e-05,0.0018268274143338203,2025-11-22 07:07:41.566742,,,,,,,,,
7.521435327362269e-05,0.0018814573995769024,2025-11-22 07:07:41.812025,,,,,,,,,
7.53998538129963e-05,0.00177057646214962,2025-11-22 07:07:42.059569,,,,,,,,,
7.593261398142204e-05,0.0021034185774624348,2025-11-22 07:07:42.304766,,,,,,,,,
7.772705430397764e-05,0.0014152841176837683,2025-11-22 07:07:42.553734,,,,,,,,,
7.771654782118276e-05,0.0016623849514871836,2025-11-22 07:07:42.799756,,,,,,,,,
7.710720092291012e-05,0.002092515816912055,2025-11-22 07:07:43.042107,,,,,,,,,
7.667361933272332e-05,0.0018945728661492467,2025-11-22 07:07:43.300079,,,,,,,,,
7.607172301504761e-05,0.0016845660284161568,2025-11-22 07:07:43.539692,,,,,,,,,
7.546465349150822e-05,0.0017210926162078977,2025-11-22 07:07:43.789213,,,,,,,,,
7.471119897672907e-05,0.001670720987021923,2025-11-22 07:07:44.031092,,,,,,,,,
7.46125660953112e-05,0.002063827123492956,2025-11-22 07:07:44.279188,,,,,,,,,
7.47117810533382e-05,0.001677252585068345,2025-11-22 07:07:44.530812,,,,,,,,,
7.27356891729869e-05,0.0015553507255390286,2025-11-22 07:07:44.771547,,,,,,,,,
7.138075307011604e-05,0.0016246725572273135,2025-11-22 07:07:45.044756,,,,,,,,,
7.264744635904208e-05,0.0014169879723340273,2025-11-22 07:07:45.269955,,,,,,,,,
7.431141420966014e-05,0.0015656946925446391,2025-11-22 07:07:45.527689,,,,,,,,,
7.416516746161506e-05,0.0018676398321986198,2025-11-22 07:07:45.771033,,,,,,,,,
7.349600491579622e-05,0.0017210071673616767,2025-11-22 07:07:46.034488,,,,,,,,,
7.347988139372319e-05,0.0021247160620987415,2025-11-22 07:07:46.270012,,,,,,,,,
7.453282159985974e-05,0.001391543191857636,2025-11-22 07:07:46.513207,,,,,,,,,
7.497795013478026e-05,0.002132306806743145,2025-11-22 07:07:46.757727,,,,,,,,,
7.576752977911383e-05,0.0018262218218296766,2025-11-22 07:07:47.010016,,,,,,,,,
7.653189823031425e-05,0.0015998450107872486,2025-11-22 07:07:47.250764,,,,,,,,,
7.590252789668739e-05,0.0018822451820597053,2025-11-22 07:07:47.493648,,,,,,,,,
7.558362995041534e-05,0.0017017313512042165,2025-11-22 07:07:47.745211,,,,,,,,,
7.413891580654308e-05,0.0017231348901987076,2025-11-22 07:07:47.990115,,,,,,,,,
7.277133408933878e-05,0.0018760502571240067,2025-11-22 07:07:48.236204,,,,,,,,,
7.215936784632504e-05,0.0017659314908087254,2025-11-22 07:07:48.480617,,,,,,,,,
7.211844786070287e-05,0.0016164020635187626,2025-11-22 07:07:48.726976,,,,,,,,,
7.069855200825259e-05,0.0018148748204112053,2025-11-22 07:07:48.981038,,,,,,,,,
6.924883928149939e-05,0.0016332943923771381,2025-11-22 07:07:49.220541,,,,,,,,,
6.901124288560823e-05,0.0017952921334654093,2025-11-22 07:07:49.476291,,,,,,,,,
7.061450014589354e-05,0.0015912536764517426,2025-11-22 07:07:49.717662,,,,,,,,,
7.203425775514916e-05,0.0019972133450210094,2025-11-22 07:07:49.963601,,,,,,,,,
7.325397746171802e-05,0.0015168242389336228,2025-11-22 07:07:50.213597,,,,,,,,,
7.280811405507848e-05,0.0017930838512256742,2025-11-22 07:07:50.456488,,,,,,,,,
7.377612928394228e-05,0.0018018103437498212,2025-11-22 07:07:50.702892,,,,,,,,,
7.543496030848473e-05,0.0019213116029277444,2025-11-22 07:07:50.961933,,,,,,,,,
7.72456987760961e-05,0.0016895296284928918,2025-11-22 07:07:51.196220,,,,,,,,,
7.675433153053746e-05,0.0017063618870452046,2025-11-22 07:07:51.443318,,,,,,,,,
7.60359616833739e-05,0.0017186077311635017,2025-11-22 07:07:51.699634,,,,,,,,,
7.627549348399043e-05,0.00190048071090132,2025-11-22 07:07:51.950180,,,,,,,,,
7.547029235865921e-05,0.001670302590355277,2025-11-22 07:07:52.199525,,,,,,,,,
7.312242814805359e-05,0.001767998794093728,2025-11-22 07:07:52.441680,,,,,,,,,
7.184794958448038e-05,0.002015784615650773,2025-11-22 07:07:52.697374,,,,,,,,,
7.254358206409961e-05,0.0020494512282311916,2025-11-22 07:07:52.933875,,,,,,,,,
7.544170512119308e-05,0.0020345808006823063,2025-11-22 07:07:53.191612,,,,,,,,,
7.647636084584519e-05,0.0018106098286807537,2025-11-22 07:07:53.430014,,,,,,,,,
7.576744246762246e-05,0.0014230068773031235,2025-11-22 07:07:53.683429,,,,,,,,,
7.475831807823852e-05,0.0017542799469083548,2025-11-22 07:07:53.924375,,,,,,,,,
7.521621591877192e-05,0.0017794620944187045,2025-11-22 07:07:54.167196,,,,,,,,,
7.673204527236521e-05,0.0014897673390805721,2025-11-22 07:07:54.422389,,,,,,,,,
7.6405267463997e-05,0.0017101805424317718,2025-11-22 07:07:54.659226,,,,,,,,,
7.531182200182229e-05,0.001763366162776947,2025-11-22 07:07:54.908856,,,,,,,,,
7.491697033401579e-05,0.0015678175259381533,2025-11-22 07:07:55.155736,,,,,,,,,
7.362528413068503e-05,0.001769954920746386,2025-11-22 07:07:55.400187,,,,,,,,,
7.304022437892854e-05,0.0017904879059642553,2025-11-22 07:07:55.649988,,,,,,,,,
7.320775330299512e-05,0.001678191707469523,2025-11-22 07:07:55.905447,,,,,,,,,
7.249882037285715e-05,0.0018788169836625457,2025-11-22 07:07:56.147689,,,,,,,,,
7.183632260421291e-05,0.0017322347266599536,2025-11-22 07:07:56.393570,,,,,,,,,
,,2025-11-22 07:07:56.545106,7.458065389679784e-05,0.001781749530184445,0.0001875,,,,,,
,,2025-11-22 07:08:04.905024,,,,27.553749084472656,9.795918464660645,,,,
,,2025-11-22 07:08:04.906859,,,,,,7.082513184286654e-05,0.001882244694010856,27.553749084472656,9.795918464660645
7.082513184286654e-05,0.001942734350450337,2025-11-22 07:08:10.216198,,,,,,,,,
7.026243110885844e-05,0.001747643225826323,2025-11-22 07:08:10.449729,,,,,,,,,
7.083566742949188e-05,0.001739291474223137,2025-11-22 07:08:10.692950,,,,,,,,,
7.193312922026962e-05,0.0019699260592460632,2025-11-22 07:08:10.946306,,,,,,,,,
7.40130853955634e-05,0.0017086301231756806,2025-11-22 07:08:11.183995,,,,,,,,,
7.453003490809351e-05,0.0016539022326469421,2025-11-22 07:08:11.439862,,,,,,,,,
7.367580838035792e-05,0.0016281107673421502,2025-11-22 07:08:11.678654,,,,,,,,,
7.232450298033655e-05,0.0016723902663215995,2025-11-22 07:08:11.934333,,,,,,,,,
7.243781874421984e-05,0.0019639581441879272,2025-11-22 07:08:12.168842,,,,,,,,,
7.43178534321487e-05,0.002135742688551545,2025-11-22 07:08:12.424694,,,,,,,,,
7.646544690942392e-05,0.0016777790151536465,2025-11-22 07:08:12.662775,,,,,,,,,
7.619157986482605e-05,0.0016042001079767942,2025-11-22 07:08:12.905564,,,,,,,,,
7.533694588346407e-05,0.0016474009025841951,2025-11-22 07:08:13.157955,,,,,,,,,
7.565612031612545e-05,0.0013923359801992774,2025-11-22 07:08:13.414259,,,,,,,,,
7.512669981224462e-05,0.0014979817206040025,2025-11-22 07:08:13.655168,,,,,,,,,
7.426273805322126e-05,0.001779833110049367,2025-11-22 07:08:13.903459,,,,,,,,,
7.41418480174616e-05,0.0015990842366591096,2025-11-22 07:08:14.154429,,,,,,,,,
7.293751696124673e-05,0.002049568109214306,2025-11-22 07:08:14.389730,,,,,,,,,
7.195072976173833e-05,0.0021853516809642315,2025-11-22 07:08:14.640070,,,,,,,,,
7.397606532322243e-05,0.0017109425971284509,2025-11-22 07:08:14.889668,,,,,,,,,
7.429654215229675e-05,0.0013274992816150188,2025-11-22 07:08:15.140767,,,,,,,,,
7.428380195051432e-05,0.0016256195958703756,2025-11-22 07:08:15.378575,,,,,,,,,
7.519391510868445e-05,0.0017913082847371697,2025-11-22 07:08:15.632881,,,,,,,,,
7.551351882284507e-05,0.0019800595473498106,2025-11-22 07:08:15.871107,,,,,,,,,
7.463648216798902e-05,0.0016381618333980441,2025-11-22 07:08:16.116353,,,,,,,,,
7.289450149983168e-05,0.0016357190907001495,2025-11-22 07:08:16.365931,,,,,,,,,
7.197413651738316e-05,0.001934478641487658,2025-11-22 07:08:16.606619,,,,,,,,,
7.355818524956703e-05,0.0016853493871167302,2025-11-22 07:08:16.852256,,,,,,,,,
7.458002073690295e-05,0.0017366647953167558,2025-11-22 07:08:17.094995,,,,,,,,,
7.441545312758535e-05,0.001953982748091221,2025-11-22 07:08:17.341731,,,,,,,,,
7.410195394186303e-05,0.001883713062852621,2025-11-22 07:08:17.589435,,,,,,,,,
7.46220612199977e-05,0.0015454096719622612,2025-11-22 07:08:17.838644,,,,,,,,,
7.556424679933116e-05,0.0021249561104923487,2025-11-22 07:08:18.078952,,,,,,,,,
7.718346023466438e-05,0.0017016829224303365,2025-11-22 07:08:18.324263,,,,,,,,,
7.670067134313285e-05,0.0018510398222133517,2025-11-22 07:08:18.574735,,,,,,,,,
7.490618736483157e-05,0.0018609145190566778,2025-11-22 07:08:18.824404,,,,,,,,,
7.404280768241733e-05,0.0016141540836542845,2025-11-22 07:08:19.080034,,,,,,,,,
7.332940003834665e-05,0.0021115168929100037,2025-11-22 07:08:19.320369,,,,,,,,,
7.40105751901865e-05,0.0016167133580893278,2025-11-22 07:08:19.561150,,,,,,,,,
7.38684757379815e-05,0.0017078013624995947,2025-11-22 07:08:19.810190,,,,,,,,,
7.358073344221339e-05,0.00194966746494174,2025-11-22 07:08:20.063530,,,,,,,,,
7.318669668165967e-05,0.0019416477298364043,2025-11-22 07:08:20.311474,,,,,,,,,
7.481544889742509e-05,0.0027125885244458914,2025-11-22 07:08:20.555822,,,,,,,,,
7.689694029977545e-05,0.0017959496472030878,2025-11-22 07:08:20.804853,,,,,,,,,
7.846504013286904e-05,0.0017729090759530663,2025-11-22 07:08:21.060077,,,,,,,,,
7.913680019555613e-05,0.001920304261147976,2025-11-22 07:08:21.309452,,,,,,,,,
7.863085920689628e-05,0.00158933294005692,2025-11-22 07:08:21.555246,,,,,,,,,
7.635153451701626e-05,0.00219163135625422,2025-11-22 07:08:21.802612,,,,,,,,,
7.42469128454104e-05,0.0014590236824005842,2025-11-22 07:08:22.051002,,,,,,,,,
7.333705434575677e-05,0.0013979754876345396,2025-11-22 07:08:22.297083,,,,,,,,,
7.254422962432727e-05,0.0017962154233828187,2025-11-22 07:08:22.541302,,,,,,,,,
7.179257227107882e-05,0.001972807804122567,2025-11-22 07:08:22.788788,,,,,,,,,
7.151307363528758e-05,0.002094711409881711,2025-11-22 07:08:23.045080,,,,,,,,,
7.200259278761223e-05,0.0017453989712521434,2025-11-22 07:08:23.288699,,,,,,,,,
7.182025001384318e-05,0.0016493307193741202,2025-11-22 07:08:23.530081,,,,,,,,,
7.172360346885398e-05,0.0016845364589244127,2025-11-22 07:08:23.774501,,,,,,,,,
7.185808499343693e-05,0.0017181755974888802,2025-11-22 07:08:24.028669,,,,,,,,,
7.275165262399241e-05,0.0017873115139082074,2025-11-22 07:08:24.282683,,,,,,,,,
7.36147485440597e-05,0.001525411382317543,2025-11-22 07:08:24.521214,,,,,,,,,
7.329645450226963e-05,0.0020258829463273287,2025-11-22 07:08:24.765606,,,,,,,,,
7.41262556402944e-05,0.0019614032935351133,2025-11-22 07:08:25.010554,,,,,,,,,
7.576323696412146e-05,0.0014556798851117492,2025-11-22 07:08:25.258950,,,,,,,,,
7.585786806885153e-05,0.0020536906085908413,2025-11-22 07:08:25.506030,,,,,,,,,
7.693695079069585e-05,0.0015907438937574625,2025-11-22 07:08:25.753397,,,,,,,,,
7.643206481589004e-05,0.0018925388576462865,2025-11-22 07:08:25.999217,,,,,,,,,
7.747481868136674e-05,0.0015048078494146466,2025-11-22 07:08:26.249597,,,,,,,,,
7.688492041779682e-05,0.0017449635779485106,2025-11-22 07:08:26.499885,,,,,,,,,
7.479191845050082e-05,0.0021387229207903147,2025-11-22 07:08:26.755405,,,,,,,,,
7.303719758056104e-05,0.0019245845032855868,2025-11-22 07:08:26.987252,,,,,,,,,
7.228629692690447e-05,0.0018249568529427052,2025-11-22 07:08:27.248905,,,,,,,,,
7.207962335087359e-05,0.0015278806677088141,2025-11-22 07:08:27.489127,,,,,,,,,
7.17390066711232e-05,0.001434087404049933,2025-11-22 07:08:27.733175,,,,,,,,,
7.038635521894321e-05,0.0018626360688358545,2025-11-22 07:08:27.989709,,,,,,,,,
7.057443144731224e-05,0.0019194551277905703,2025-11-22 07:08:28.229883,,,,,,,,,
7.281872240127996e-05,0.0019389038207009435,2025-11-22 07:08:28.472118,,,,,,,,,
7.42794363759458e-05,0.001683826558291912,2025-11-22 07:08:28.728120,,,,,,,,,
7.395644206553698e-05,0.0017484799027442932,2025-11-22 07:08:28.967081,,,,,,,,,
7.355535490205511e-05,0.0018936055712401867,2025-11-22 07:08:29.213480,,,,,,,,,
7.425507646985352e-05,0.0015001161955296993,2025-11-22 07:08:29.474794,,,,,,,,,
7.439971523126587e-05,0.0018639445770531893,2025-11-22 07:08:29.711353,,,,,,,,,
7.456086314050481e-05,0.002104416023939848,2025-11-22 07:08:29.954760,,,,,,,,,
7.58716487325728e-05,0.0016964905662462115,2025-11-22 07:08:30.199950,,,,,,,,,
7.543688843725249e-05,0.0020440462976694107,2025-11-22 07:08:30.459276,,,,,,,,,
7.444087532348931e-05,0.0017709060339257121,2025-11-22 07:08:30.773389,,,,,,,,,
7.4282921559643e-05,0.001770001370459795,2025-11-22 07:08:31.028096,,,,,,,,,
7.50827748561278e-05,0.0018520491430535913,2025-11-22 07:08:31.266057,,,,,,,,,
7.62805066187866e-05,0.0012194090522825718,2025-11-22 07:08:31.519955,,,,,,,,,
7.515280594816431e-05,0.0018114157719537616,2025-11-22 07:08:31.759582,,,,,,,,,
7.390229438897222e-05,0.00207396037876606,2025-11-22 07:08:32.008575,,,,,,,,,
7.295463001355529e-05,0.0018001090502366424,2025-11-22 07:08:32.254682,,,,,,,,,
7.207289309008047e-05,0.0018848726758733392,2025-11-22 07:08:32.514243,,,,,,,,,
7.228981121443212e-05,0.0016904330113902688,2025-11-22 07:08:32.749587,,,,,,,,,
7.279931014636531e-05,0.0020306978840380907,2025-11-22 07:08:32.998829,,,,,,,,,
7.494815508835018e-05,0.0019985728431493044,2025-11-22 07:08:33.243842,,,,,,,,,
7.712758815614507e-05,0.001811488764360547,2025-11-22 07:08:33.498068,,,,,,,,,
7.700303103774786e-05,0.001876911032013595,2025-11-22 07:08:33.737281,,,,,,,,,
7.60656112106517e-05,0.0018526179483160377,2025-11-22 07:08:33.986077,,,,,,,,,
7.873915456002578e-05,0.0017309634713456035,2025-11-22 07:08:34.245183,,,,,,,,,
8.079771941993386e-05,0.002046985551714897,2025-11-22 07:08:34.484392,,,,,,,,,
8.150331268552691e-05,0.0016720104031264782,2025-11-22 07:08:34.744500,,,,,,,,,
7.964081305544823e-05,0.0016792441019788384,2025-11-22 07:08:35.007313,,,,,,,,,
7.669104525120929e-05,0.0018051627557724714,2025-11-22 07:08:35.230098,,,,,,,,,
7.541292870882899e-05,0.0015950496308505535,2025-11-22 07:08:35.478729,,,,,,,,,
7.477335748262703e-05,0.001551391207613051,2025-11-22 07:08:35.727097,,,,,,,,,
7.300038851099089e-05,0.0016923988005146384,2025-11-22 07:08:35.973844,,,,,,,,,
7.147428550524637e-05,0.0017561176791787148,2025-11-22 07:08:36.223746,,,,,,,,,
7.013468712102622e-05,0.002118599135428667,2025-11-22 07:08:36.465951,,,,,,,,,
7.025426020845771e-05,0.0020018748473376036,2025-11-22 07:08:36.718486,,,,,,,,,
7.156013452913612e-05,0.0016223943093791604,2025-11-22 07:08:36.965143,,,,,,,,,
7.268632907653227e-05,0.0015179910697042942,2025-11-22 07:08:37.205236,,,,,,,,,
7.412170816678554e-05,0.0015159103786572814,2025-11-22 07:08:37.454040,,,,,,,,,
7.515626930398867e-05,0.001622941461391747,2025-11-22 07:08:37.711591,,,,,,,,,
7.530661969212815e-05,0.0017732986016198993,2025-11-22 07:08:37.959799,,,,,,,,,
7.54155553295277e-05,0.0014840238727629185,2025-11-22 07:08:38.202460,,,,,,,,,
7.546025881310925e-05,0.0016335879918187857,2025-11-22 07:08:38.460453,,,,,,,,,
7.556893251603469e-05,0.0016167559660971165,2025-11-22 07:08:38.701135,,,,,,,,,
7.55096334614791e-05,0.0022118249908089638,2025-11-22 07:08:38.948580,,,,,,,,,
7.521321094827726e-05,0.0016855087596923113,2025-11-22 07:08:39.194917,,,,,,,,,
7.393454143311828e-05,0.001486689900048077,2025-11-22 07:08:39.442471,,,,,,,,,
7.145812560338527e-05,0.0020480414386838675,2025-11-22 07:08:39.694043,,,,,,,,,
7.071853178786114e-05,0.0017574484227225184,2025-11-22 07:08:39.950622,,,,,,,,,
7.185094727901742e-05,0.002143941121175885,2025-11-22 07:08:40.188205,,,,,,,,,
7.396470027742907e-05,0.0016862727934494615,2025-11-22 07:08:40.436600,,,,,,,,,
7.379437010968104e-05,0.0020142183639109135,2025-11-22 07:08:40.693946,,,,,,,,,
7.428144454024732e-05,0.0014805219834670424,2025-11-22 07:08:40.930651,,,,,,,,,
7.455743616446853e-05,0.001865034457296133,2025-11-22 07:08:41.181451,,,,,,,,,
7.366661884589121e-05,0.0019977688789367676,2025-11-22 07:08:41.428386,,,,,,,,,
7.342615572270006e-05,0.001497039687819779,2025-11-22 07:08:41.682124,,,,,,,,,
7.371946412604302e-05,0.0020750919356942177,2025-11-22 07:08:41.920770,,,,,,,,,
7.578802615171298e-05,0.001850338070653379,2025-11-22 07:08:42.171594,,,,,,,,,
7.655562512809411e-05,0.0015533141558989882,2025-11-22 07:08:42.416704,,,,,,,,,
7.554634066764265e-05,0.0015412745997309685,2025-11-22 07:08:42.666826,,,,,,,,,
7.432559505105019e-05,0.0015858892584219575,2025-11-22 07:08:42.914062,,,,,,,,,
7.423976785503328e-05,0.001933976192958653,2025-11-22 07:08:43.184380,,,,,,,,,
7.536871999036521e-05,0.0016879934119060636,2025-11-22 07:08:43.414108,,,,,,,,,
7.42992851883173e-05,0.0017290175892412663,2025-11-22 07:08:43.656929,,,,,,,,,
7.294474198715761e-05,0.0017120112897828221,2025-11-22 07:08:43.906767,,,,,,,,,
7.249224290717393e-05,0.0020024424884468317,2025-11-22 07:08:44.149159,,,,,,,,,
7.472323341062292e-05,0.0017170399660244584,2025-11-22 07:08:44.393097,,,,,,,,,
7.587520667584613e-05,0.0016310798237100244,2025-11-22 07:08:44.640300,,,,,,,,,
7.498366176150739e-05,0.0013479827903211117,2025-11-22 07:08:44.890169,,,,,,,,,
7.347088103415444e-05,0.0016946244286373258,2025-11-22 07:08:45.141727,,,,,,,,,
7.290822395589203e-05,0.0016024081269279122,2025-11-22 07:08:45.403122,,,,,,,,,
7.251776696648449e-05,0.0018678593914955854,2025-11-22 07:08:45.636826,,,,,,,,,
,,2025-11-22 07:08:45.707133,7.426516246293129e-05,0.0017775079565277945,0.0001875,,,,,,
,,2025-11-22 07:08:53.555159,,,,27.53715705871582,9.800848007202148,,,,
,,2025-11-22 07:08:53.556883,,,,,,7.109621219569817e-05,0.0018809440393502323,27.53715705871582,9.800848007202148
7.109621219569817e-05,0.0014577250694856048,2025-11-22 07:08:58.016502,,,,,,,,,
6.976895383559167e-05,0.001754193683154881,2025-11-22 07:08:58.255722,,,,,,,,,
7.015226583462209e-05,0.0017415302572771907,2025-11-22 07:08:58.498791,,,,,,,,,
7.209294562926516e-05,0.0015342627884820104,2025-11-22 07:08:58.744523,,,,,,,,,
7.313214155146852e-05,0.001999538391828537,2025-11-22 07:08:58.997996,,,,,,,,,
7.334816473303363e-05,0.0018144440837204456,2025-11-22 07:08:59.249608,,,,,,,,,
7.365243072854355e-05,0.0015968653606250882,2025-11-22 07:08:59.482323,,,,,,,,,
7.388001540675759e-05,0.0016485651722177863,2025-11-22 07:08:59.743871,,,,,,,,,
7.443824870279059e-05,0.0017198403365910053,2025-11-22 07:08:59.984829,,,,,,,,,
7.362711039604619e-05,0.0018804199062287807,2025-11-22 07:09:00.225796,,,,,,,,,
7.23039047443308e-05,0.0020453506149351597,2025-11-22 07:09:00.472739,,,,,,,,,
7.118942448869348e-05,0.001735519152134657,2025-11-22 07:09:00.721097,,,,,,,,,
7.115888729458675e-05,0.0022243254352360964,2025-11-22 07:09:00.966663,,,,,,,,,
7.203748828032985e-05,0.0021839772816747427,2025-11-22 07:09:01.217723,,,,,,,,,
7.422841008519754e-05,0.0015433572698384523,2025-11-22 07:09:01.469838,,,,,,,,,
7.476792961824685e-05,0.0018867809558287263,2025-11-22 07:09:01.705951,,,,,,,,,
7.625122816534713e-05,0.00162315065972507,2025-11-22 07:09:01.974665,,,,,,,,,
7.66237499192357e-05,0.0015416513197124004,2025-11-22 07:09:02.203292,,,,,,,,,
7.700364221818745e-05,0.0015336998039856553,2025-11-22 07:09:02.451588,,,,,,,,,
7.721546717220917e-05,0.0018615365261211991,2025-11-22 07:09:02.701341,,,,,,,,,
7.784039189573377e-05,0.0019478113390505314,2025-11-22 07:09:02.943712,,,,,,,,,
7.742114394204691e-05,0.0015891774091869593,2025-11-22 07:09:03.191468,,,,,,,,,
7.549193105660379e-05,0.00194995675701648,2025-11-22 07:09:03.443470,,,,,,,,,
7.443169306498021e-05,0.0014645799528807402,2025-11-22 07:09:03.691742,,,,,,,,,
7.346775237238035e-05,0.0014808822888880968,2025-11-22 07:09:03.935365,,,,,,,,,
7.21783289918676e-05,0.0020861048251390457,2025-11-22 07:09:04.181078,,,,,,,,,
7.066674152156338e-05,0.0016905437223613262,2025-11-22 07:09:04.427395,,,,,,,,,
6.9559617259074e-05,0.001853030058555305,2025-11-22 07:09:04.682694,,,,,,,,,
7.013628783170134e-05,0.0016859810566529632,2025-11-22 07:09:04.926333,,,,,,,,,
7.114904292393476e-05,0.00197034259326756,2025-11-22 07:09:05.176092,,,,,,,,,
7.27907899999991e-05,0.0019329997012391686,2025-11-22 07:09:05.414237,,,,,,,,,
7.49769969843328e-05,0.001708327792584896,2025-11-22 07:09:05.663890,,,,,,,,,
7.538201316492632e-05,0.0018055515829473734,2025-11-22 07:09:05.907271,,,,,,,,,
7.576583448098972e-05,0.0017975165974348783,2025-11-22 07:09:06.154833,,,,,,,,,
7.591291796416044e-05,0.0015813464997336268,2025-11-22 07:09:06.404815,,,,,,,,,
7.422747148666531e-05,0.0013558882055804133,2025-11-22 07:09:06.648603,,,,,,,,,
7.250103226397187e-05,0.0021752764005213976,2025-11-22 07:09:06.895893,,,,,,,,,
7.236554665723816e-05,0.001606705249287188,2025-11-22 07:09:07.139747,,,,,,,,,
7.176536018960178e-05,0.002145838225260377,2025-11-22 07:09:07.400789,,,,,,,,,
7.108232966857031e-05,0.001624641357921064,2025-11-22 07:09:07.647338,,,,,,,,,
7.014560105744749e-05,0.0012611070415005088,2025-11-22 07:09:07.887914,,,,,,,,,
6.932319229235873e-05,0.0015472163213416934,2025-11-22 07:09:08.129274,,,,,,,,,
6.948757072677836e-05,0.0017090626060962677,2025-11-22 07:09:08.376700,,,,,,,,,
6.946904613869265e-05,0.0018088152864947915,2025-11-22 07:09:08.619178,,,,,,,,,
7.100030779838562e-05,0.0016624772688373923,2025-11-22 07:09:08.868218,,,,,,,,,
7.213007484097034e-05,0.0018400212284177542,2025-11-22 07:09:09.117218,,,,,,,,,
7.347443897742778e-05,0.0015538213774561882,2025-11-22 07:09:09.363352,,,,,,,,,
7.445160736097023e-05,0.0018350754398852587,2025-11-22 07:09:09.610861,,,,,,,,,
7.513935270253569e-05,0.0017771278508007526,2025-11-22 07:09:09.856513,,,,,,,,,
7.608754822285846e-05,0.001738468068651855,2025-11-22 07:09:10.101317,,,,,,,,,
7.67470701248385e-05,0.0020455799531191587,2025-11-22 07:09:10.360241,,,,,,,,,
7.612668559886515e-05,0.0019040574552491307,2025-11-22 07:09:10.601846,,,,,,,,,
7.564407860627398e-05,0.0018498145509511232,2025-11-22 07:09:10.848138,,,,,,,,,
7.488952542189509e-05,0.0017836794722825289,2025-11-22 07:09:11.097741,,,,,,,,,
7.429247489199042e-05,0.0017248946242034435,2025-11-22 07:09:11.345482,,,,,,,,,
7.287746848305687e-05,0.0020571178756654263,2025-11-22 07:09:11.595710,,,,,,,,,
7.239519618451595e-05,0.0017688707448542118,2025-11-22 07:09:11.839383,,,,,,,,,
7.18735609552823e-05,0.0020758514292538166,2025-11-22 07:09:12.084633,,,,,,,,,
7.169019227148965e-05,0.0016230805777013302,2025-11-22 07:09:12.345510,,,,,,,,,
7.053006265778095e-05,0.001820781035348773,2025-11-22 07:09:12.592120,,,,,,,,,
7.264464511536062e-05,0.0016632400220260024,2025-11-22 07:09:12.880678,,,,,,,,,
7.60598704800941e-05,0.001630775979720056,2025-11-22 07:09:13.102190,,,,,,,,,
7.8230383223854e-05,0.0018112716497853398,2025-11-22 07:09:13.342209,,,,,,,,,
7.963944517541677e-05,0.0015096731949597597,2025-11-22 07:09:13.593228,,,,,,,,,
7.947345147840679e-05,0.0016944867093116045,2025-11-22 07:09:13.843732,,,,,,,,,
7.845063373679295e-05,0.001743768691085279,2025-11-22 07:09:14.092553,,,,,,,,,
7.636726513737813e-05,0.0018551369430497289,2025-11-22 07:09:14.344457,,,,,,,,,
7.438333705067635e-05,0.0016580334631726146,2025-11-22 07:09:14.591611,,,,,,,,,
7.268921035574749e-05,0.0016623656265437603,2025-11-22 07:09:14.836448,,,,,,,,,
7.19071613275446e-05,0.0017893253825604916,2025-11-22 07:09:15.082958,,,,,,,,,
7.042945799184963e-05,0.0019123222446069121,2025-11-22 07:09:15.330511,,,,,,,,,
7.10504173184745e-05,0.002014490310102701,2025-11-22 07:09:15.574876,,,,,,,,,
7.384006312349811e-05,0.0020008438732475042,2025-11-22 07:09:15.821416,,,,,,,,,
7.741013541817665e-05,0.0019290202762931585,2025-11-22 07:09:16.067429,,,,,,,,,
8.055342186708003e-05,0.0018440594431012869,2025-11-22 07:09:16.311568,,,,,,,,,
8.132436778396368e-05,0.001733906101435423,2025-11-22 07:09:16.561473,,,,,,,,,
8.087864989647642e-05,0.0014259421732276678,2025-11-22 07:09:16.812263,,,,,,,,,
7.856277807150036e-05,0.0021494426764547825,2025-11-22 07:09:17.060870,,,,,,,,,
7.696943066548556e-05,0.0017894217744469643,2025-11-22 07:09:17.308581,,,,,,,,,
7.520741201005876e-05,0.0018054285319522023,2025-11-22 07:09:17.550574,,,,,,,,,
7.272457878571004e-05,0.0019359360449016094,2025-11-22 07:09:17.795803,,,,,,,,,
7.099579670466483e-05,0.0018907486228272319,2025-11-22 07:09:18.048592,,,,,,,,,
7.016715971985832e-05,0.0018570843385532498,2025-11-22 07:09:18.302886,,,,,,,,,
7.033906877040863e-05,0.0018617770401760936,2025-11-22 07:09:18.537327,,,,,,,,,
7.073167216731235e-05,0.0020223641768097878,2025-11-22 07:09:18.799126,,,,,,,,,
7.228483445942402e-05,0.0020359745249152184,2025-11-22 07:09:19.037638,,,,,,,,,
7.428547542076558e-05,0.0014101844280958176,2025-11-22 07:09:19.294139,,,,,,,,,
7.592391193611547e-05,0.001571047818288207,2025-11-22 07:09:19.535414,,,,,,,,,
7.68016543588601e-05,0.0018530550878494978,2025-11-22 07:09:19.785473,,,,,,,,,
7.67462988733314e-05,0.0016436298610642552,2025-11-22 07:09:20.031925,,,,,,,,,
7.630119944224134e-05,0.0018954360857605934,2025-11-22 07:09:20.272175,,,,,,,,,
7.688898040214553e-05,0.0018798933597281575,2025-11-22 07:09:20.521863,,,,,,,,,
7.792342512402683e-05,0.0014677586732432246,2025-11-22 07:09:20.789746,,,,,,,,,
7.671501225559041e-05,0.001614032662473619,2025-11-22 07:09:21.032731,,,,,,,,,
7.545673724962398e-05,0.001883016899228096,2025-11-22 07:09:21.278281,,,,,,,,,
7.470962009392679e-05,0.0014016417553648353,2025-11-22 07:09:21.532337,,,,,,,,,
7.332862878683954e-05,0.0013684887671843171,2025-11-22 07:09:21.778100,,,,,,,,,
7.165842544054613e-05,0.001896486384794116,2025-11-22 07:09:22.024309,,,,,,,,,
7.167395961005241e-05,0.0016907552490010858,2025-11-22 07:09:22.270318,,,,,,,,,
7.177182123996317e-05,0.0021804070565849543,2025-11-22 07:09:22.514587,,,,,,,,,
7.219204417197034e-05,0.0017144816229119897,2025-11-22 07:09:22.761256,,,,,,,,,
7.13121407898143e-05,0.0017978234682232141,2025-11-22 07:09:23.007402,,,,,,,,,
7.0127185608726e-05,0.0020896615460515022,2025-11-22 07:09:23.254009,,,,,,,,,
7.080213981680572e-05,0.001920555718243122,2025-11-22 07:09:23.500086,,,,,,,,,
7.213685603346676e-05,0.001783133251592517,2025-11-22 07:09:23.747153,,,,,,,,,
7.307692430913448e-05,0.0014520433032885194,2025-11-22 07:09:23.993443,,,,,,,,,
7.281093712663278e-05,0.001393692335113883,2025-11-22 07:09:24.247001,,,,,,,,,
7.190682663349435e-05,0.001884668250568211,2025-11-22 07:09:24.490054,,,,,,,,,
7.301737059606239e-05,0.0018035705434158444,2025-11-22 07:09:24.761749,,,,,,,,,
7.462938083335757e-05,0.0021465288009494543,2025-11-22 07:09:24.984243,,,,,,,,,
7.52583218854852e-05,0.001608988270163536,2025-11-22 07:09:25.235371,,,,,,,,,
7.477181497961283e-05,0.0017250104574486613,2025-11-22 07:09:25.492800,,,,,,,,,
7.531257870141417e-05,0.0018460656283423305,2025-11-22 07:09:25.745237,,,,,,,,,
7.563645340269431e-05,0.001642098417505622,2025-11-22 07:09:26.006756,,,,,,,,,
7.505481335101649e-05,0.0017250824021175504,2025-11-22 07:09:26.236765,,,,,,,,,
7.432311394950375e-05,0.002131823217496276,2025-11-22 07:09:26.491933,,,,,,,,,
7.398323941743001e-05,0.0016870604595169425,2025-11-22 07:09:26.750697,,,,,,,,,
7.401992479572073e-05,0.0022465549409389496,2025-11-22 07:09:26.983718,,,,,,,,,
7.509540591854602e-05,0.0017940886318683624,2025-11-22 07:09:27.233450,,,,,,,,,
7.469722186215222e-05,0.0018274382455274463,2025-11-22 07:09:27.488693,,,,,,,,,
7.623555575264618e-05,0.002012948738411069,2025-11-22 07:09:27.727486,,,,,,,,,
7.795076089678332e-05,0.001614212291315198,2025-11-22 07:09:27.978101,,,,,,,,,
7.867685781093314e-05,0.0018524479819461703,2025-11-22 07:09:28.222089,,,,,,,,,
8.068145689321682e-05,0.001436231890693307,2025-11-22 07:09:28.466056,,,,,,,,,
8.031544712139294e-05,0.0014706994406878948,2025-11-22 07:09:28.715917,,,,,,,,,
7.93737344793044e-05,0.0012915859697386622,2025-11-22 07:09:28.973712,,,,,,,,,
7.752876990707591e-05,0.001637028530240059,2025-11-22 07:09:29.208369,,,,,,,,,
7.505540270358324e-05,0.0018556645372882485,2025-11-22 07:09:29.454829,,,,,,,,,
7.33957058400847e-05,0.0018301368691027164,2025-11-22 07:09:29.704804,,,,,,,,,
7.180234388215467e-05,0.0021147734951227903,2025-11-22 07:09:29.950444,,,,,,,,,
7.098596688592806e-05,0.0016350937075912952,2025-11-22 07:09:30.193498,,,,,,,,,
7.086926780175418e-05,0.0018191393464803696,2025-11-22 07:09:30.453811,,,,,,,,,
7.114846084732562e-05,0.0017823706148192286,2025-11-22 07:09:30.691616,,,,,,,,,
7.105286204023287e-05,0.0017042574472725391,2025-11-22 07:09:30.941907,,,,,,,,,
7.181084947660565e-05,0.0022176476195454597,2025-11-22 07:09:31.188756,,,,,,,,,
7.427299715345725e-05,0.0015695514157414436,2025-11-22 07:09:31.443196,,,,,,,,,
7.595263014081866e-05,0.0021475988905876875,2025-11-22 07:09:31.686824,,,,,,,,,
7.800542516633868e-05,0.0016555222682654858,2025-11-22 07:09:31.932639,,,,,,,,,
7.829202513676137e-05,0.0016581474337726831,2025-11-22 07:09:32.190096,,,,,,,,,
7.807487418176606e-05,0.0015437589026987553,2025-11-22 07:09:32.433618,,,,,,,,,
7.693086809013039e-05,0.0018650635611265898,2025-11-22 07:09:32.684180,,,,,,,,,
7.604345591971651e-05,0.0014841874362900853,2025-11-22 07:09:32.927487,,,,,,,,,
7.45423385524191e-05,0.001797081669792533,2025-11-22 07:09:33.179989,,,,,,,,,
7.285601896001026e-05,0.0014726696535944939,2025-11-22 07:09:33.416588,,,,,,,,,
,,2025-11-22 07:09:33.473962,7.416927408283098e-05,0.0017697015209705569,0.0001875,,,,,,
,,2025-11-22 07:09:41.658280,,,,27.595266342163086,9.804320335388184,,,,
,,2025-11-22 07:09:41.660006,,,,,,7.015126175247133e-05,0.0018791782741363232,27.595266342163086,9.804320335388184
7.015126175247133e-05,0.002064585220068693,2025-11-22 07:09:46.640394,,,,,,,,,
6.94174668751657e-05,0.0017224692273885012,2025-11-22 07:09:46.885076,,,,,,,,,
6.973539711907506e-05,0.0018174606375396252,2025-11-22 07:09:47.138948,,,,,,,,,
7.087726407917216e-05,0.0016929872799664736,2025-11-22 07:09:47.368909,,,,,,,,,
7.233626820379868e-05,0.0014231003588065505,2025-11-22 07:09:47.615243,,,,,,,,,
7.380990427918732e-05,0.0018360696267336607,2025-11-22 07:09:47.871767,,,,,,,,,
7.483304216293618e-05,0.0017911504255607724,2025-11-22 07:09:48.110087,,,,,,,,,
7.570521847810596e-05,0.0016899023903533816,2025-11-22 07:09:48.365186,,,,,,,,,
7.608404848724604e-05,0.0017513706116005778,2025-11-22 07:09:48.612364,,,,,,,,,
7.64270662330091e-05,0.001784849795512855,2025-11-22 07:09:48.850500,,,,,,,,,
7.645017467439175e-05,0.001527425367385149,2025-11-22 07:09:49.095115,,,,,,,,,
7.6423937571235e-05,0.001814140472561121,2025-11-22 07:09:49.344400,,,,,,,,,
7.648130849702284e-05,0.0019050596747547388,2025-11-22 07:09:49.589959,,,,,,,,,
7.641535921720788e-05,0.0016865627840161324,2025-11-22 07:09:49.833083,,,,,,,,,
7.595661008963361e-05,0.0016931381542235613,2025-11-22 07:09:50.077999,,,,,,,,,
7.483423541998491e-05,0.001595883397385478,2025-11-22 07:09:50.329170,,,,,,,,,
7.335193367907777e-05,0.0019231500336900353,2025-11-22 07:09:50.571741,,,,,,,,,
7.239855040097609e-05,0.0015559183666482568,2025-11-22 07:09:50.819365,,,,,,,,,
7.179506064858288e-05,0.0014112952630966902,2025-11-22 07:09:51.064618,,,,,,,,,
7.100986113073304e-05,0.001884595025330782,2025-11-22 07:09:51.313439,,,,,,,,,
7.091274164849892e-05,0.002160401549190283,2025-11-22 07:09:51.569575,,,,,,,,,
7.139108492992818e-05,0.0019183311378583312,2025-11-22 07:09:51.808202,,,,,,,,,
7.217741949716583e-05,0.00214354507625103,2025-11-22 07:09:52.060527,,,,,,,,,
7.290006760740653e-05,0.001930401660501957,2025-11-22 07:09:52.302800,,,,,,,,,
7.366405770881101e-05,0.0017662185709923506,2025-11-22 07:09:52.547552,,,,,,,,,
7.43967029848136e-05,0.0015249319840222597,2025-11-22 07:09:52.799160,,,,,,,,,
7.457561150658876e-05,0.0018277473282068968,2025-11-22 07:09:53.046513,,,,,,,,,
7.519140490330756e-05,0.0017907225992530584,2025-11-22 07:09:53.289749,,,,,,,,,
7.594428461743519e-05,0.0017428991850465536,2025-11-22 07:09:53.531393,,,,,,,,,
7.677289249841124e-05,0.0012762595433741808,2025-11-22 07:09:53.776350,,,,,,,,,
7.673676736885682e-05,0.0016106427647173405,2025-11-22 07:09:54.031262,,,,,,,,,
7.635606016265228e-05,0.0021073250100016594,2025-11-22 07:09:54.267956,,,,,,,,,
7.559024379588664e-05,0.0018888447666540742,2025-11-22 07:09:54.517161,,,,,,,,,
7.542789535364136e-05,0.001646852120757103,2025-11-22 07:09:54.756873,,,,,,,,,
7.51157640479505e-05,0.001580789452418685,2025-11-22 07:09:55.003722,,,,,,,,,
7.45570141589269e-05,0.0018051419174298644,2025-11-22 07:09:55.254447,,,,,,,,,
7.414476567646489e-05,0.0019214204512536526,2025-11-22 07:09:55.498023,,,,,,,,,
7.354356785072014e-05,0.0019772977102547884,2025-11-22 07:09:55.745188,,,,,,,,,
7.29630992282182e-05,0.0016268969047814608,2025-11-22 07:09:56.004729,,,,,,,,,
7.228707545436919e-05,0.0016720618586987257,2025-11-22 07:09:56.239326,,,,,,,,,
7.162222027545795e-05,0.0017160780262202024,2025-11-22 07:09:56.484650,,,,,,,,,
7.109195576049387e-05,0.001781132654286921,2025-11-22 07:09:56.730425,,,,,,,,,
7.11654283804819e-05,0.0018794802017509937,2025-11-22 07:09:56.975813,,,,,,,,,
7.112920138752088e-05,0.0015482380986213684,2025-11-22 07:09:57.226097,,,,,,,,,
7.069112325552851e-05,0.0016956845065578818,2025-11-22 07:09:57.470204,,,,,,,,,
7.044154335744679e-05,0.0018120603635907173,2025-11-22 07:09:57.733306,,,,,,,,,
7.061386713758111e-05,0.0019129590364173055,2025-11-22 07:09:57.970290,,,,,,,,,
7.099909271346405e-05,0.0016526777762919664,2025-11-22 07:09:58.226826,,,,,,,,,
7.15242640580982e-05,0.0017229948425665498,2025-11-22 07:09:58.460353,,,,,,,,,
7.205636939033866e-05,0.0019569117575883865,2025-11-22 07:09:58.724701,,,,,,,,,
7.24942801753059e-05,0.0016773046227172017,2025-11-22 07:09:58.966022,,,,,,,,,
7.280152203748003e-05,0.0015896386466920376,2025-11-22 07:09:59.206601,,,,,,,,,
7.317113340832293e-05,0.0016087874537333846,2025-11-22 07:09:59.446019,,,,,,,,,
7.359033770626411e-05,0.0015766985015943646,2025-11-22 07:09:59.690967,,,,,,,,,
7.369199011009187e-05,0.0019088427070528269,2025-11-22 07:09:59.943661,,,,,,,,,
7.405629730783403e-05,0.0015080966986715794,2025-11-22 07:10:00.198148,,,,,,,,,
7.39014649298042e-05,0.001922945724800229,2025-11-22 07:10:00.435629,,,,,,,,,
7.389641541521996e-05,0.0015166285447776318,2025-11-22 07:10:00.675485,,,,,,,,,
7.392166298814118e-05,0.0017925407737493515,2025-11-22 07:10:00.925408,,,,,,,,,
7.407020166283473e-05,0.0016445867950096726,2025-11-22 07:10:01.171911,,,,,,,,,
7.412923878291622e-05,0.001760748215019703,2025-11-22 07:10:01.436585,,,,,,,,,
7.430844561895356e-05,0.0013676483649760485,2025-11-22 07:10:01.668819,,,,,,,,,
7.417018787236884e-05,0.0014696501893922687,2025-11-22 07:10:01.922622,,,,,,,,,
7.367310900008306e-05,0.001686514588072896,2025-11-22 07:10:02.185841,,,,,,,,,
7.354217086685821e-05,0.0016264901496469975,2025-11-22 07:10:02.423597,,,,,,,,,
7.371532410616055e-05,0.0020269141532480717,2025-11-22 07:10:02.669495,,,,,,,,,
7.392768020508811e-05,0.0017994798254221678,2025-11-22 07:10:02.908503,,,,,,,,,
7.387634832412004e-05,0.0015976608265191317,2025-11-22 07:10:03.163206,,,,,,,,,
7.324179023271427e-05,0.0017527189338579774,2025-11-22 07:10:03.410044,,,,,,,,,
7.255191303556785e-05,0.0021230182610452175,2025-11-22 07:10:03.657169,,,,,,,,,
7.276202086359262e-05,0.0015076720155775547,2025-11-22 07:10:03.918051,,,,,,,,,
7.324997568503022e-05,0.001664272858761251,2025-11-22 07:10:04.155237,,,,,,,,,
7.322743476834148e-05,0.0020166693720966578,2025-11-22 07:10:04.417122,,,,,,,,,
7.379458838840947e-05,0.0020253024995326996,2025-11-22 07:10:04.665931,,,,,,,,,
7.443869981216267e-05,0.0019472541753202677,2025-11-22 07:10:04.912425,,,,,,,,,
7.452544377883896e-05,0.0018376298248767853,2025-11-22 07:10:05.147227,,,,,,,,,
7.390101382043213e-05,0.0017682999605312943,2025-11-22 07:10:05.396209,,,,,,,,,
7.307593477889895e-05,0.0017674328992143273,2025-11-22 07:10:05.642846,,,,,,,,,
7.29200619389303e-05,0.002209479920566082,2025-11-22 07:10:05.885728,,,,,,,,,
7.331642700592056e-05,0.0016327310586348176,2025-11-22 07:10:06.139861,,,,,,,,,
7.351645035669208e-05,0.0017599161947146058,2025-11-22 07:10:06.386659,,,,,,,,,
7.421481132041663e-05,0.001850165892392397,2025-11-22 07:10:06.630521,,,,,,,,,
7.42466509109363e-05,0.0018155627185478806,2025-11-22 07:10:06.881612,,,,,,,,,
7.385604112641886e-05,0.0016963694943115115,2025-11-22 07:10:07.133849,,,,,,,,,
7.415019354084507e-05,0.0013678292743861675,2025-11-22 07:10:07.368893,,,,,,,,,
7.418775203404948e-05,0.0016124570975080132,2025-11-22 07:10:07.614357,,,,,,,,,
7.445979281328619e-05,0.0019485276425257325,2025-11-22 07:10:07.884501,,,,,,,,,
7.472642028005794e-05,0.0018717377679422498,2025-11-22 07:10:08.121777,,,,,,,,,
7.464164082193747e-05,0.0022009045351296663,2025-11-22 07:10:08.366972,,,,,,,,,
7.454420119756833e-05,0.001714616664685309,2025-11-22 07:10:08.613882,,,,,,,,,
7.463897782145068e-05,0.002008639508858323,2025-11-22 07:10:08.875584,,,,,,,,,
7.502863445552066e-05,0.001820834237150848,2025-11-22 07:10:09.116734,,,,,,,,,
7.514977914979681e-05,0.0017691395478323102,2025-11-22 07:10:09.365525,,,,,,,,,
7.50594335841015e-05,0.0018585748039186,2025-11-22 07:10:09.618627,,,,,,,,,
7.478625047951937e-05,0.001639182330109179,2025-11-22 07:10:09.868625,,,,,,,,,
7.423985516652465e-05,0.0017274253768846393,2025-11-22 07:10:10.115505,,,,,,,,,
7.378014561254531e-05,0.0015134551795199513,2025-11-22 07:10:10.370008,,,,,,,,,
7.331671076826751e-05,0.0014637960121035576,2025-11-22 07:10:10.615806,,,,,,,,,
7.31926629669033e-05,0.0018166445661336184,2025-11-22 07:10:10.868416,,,,,,,,,
7.323577301576734e-05,0.0017843155656009912,2025-11-22 07:10:11.112424,,,,,,,,,
7.286023901542649e-05,0.0014527312014251947,2025-11-22 07:10:11.355843,,,,,,,,,
7.1832982939668e-05,0.0017814153106883168,2025-11-22 07:10:11.620506,,,,,,,,,
7.113938772818074e-05,0.0015539894811809063,2025-11-22 07:10:11.876627,,,,,,,,,
7.076069596223533e-05,0.0015598451718688011,2025-11-22 07:10:12.118337,,,,,,,,,
7.090342114679515e-05,0.0015976157737895846,2025-11-22 07:10:12.356860,,,,,,,,,
7.103382085915655e-05,0.0016433163546025753,2025-11-22 07:10:12.602830,,,,,,,,,
7.138144428608939e-05,0.001947605051100254,2025-11-22 07:10:12.863991,,,,,,,,,
7.186092261690646e-05,0.0017955891089513898,2025-11-22 07:10:13.098200,,,,,,,,,
7.237537647597492e-05,0.0016436052974313498,2025-11-22 07:10:13.348303,,,,,,,,,
7.290176290553063e-05,0.0018152579432353377,2025-11-22 07:10:13.609371,,,,,,,,,
7.340445154113695e-05,0.001701001776382327,2025-11-22 07:10:13.854087,,,,,,,,,
7.355944399023429e-05,0.0019018095917999744,2025-11-22 07:10:14.093167,,,,,,,,,
7.364205521298572e-05,0.0018368836026638746,2025-11-22 07:10:14.338974,,,,,,,,,
7.376768189715222e-05,0.0015599916223436594,2025-11-22 07:10:14.585614,,,,,,,,,
7.378542795777321e-05,0.0019693542271852493,2025-11-22 07:10:14.833793,,,,,,,,,
7.353389082709327e-05,0.0016695830272510648,2025-11-22 07:10:15.091614,,,,,,,,,
7.325172191485763e-05,0.0018749006558209658,2025-11-22 07:10:15.330465,,,,,,,,,
7.311622175620869e-05,0.0018686531111598015,2025-11-22 07:10:15.594641,,,,,,,,,
7.366084901150316e-05,0.0015968814259395003,2025-11-22 07:10:15.841288,,,,,,,,,
7.362102041952312e-05,0.0017665668856352568,2025-11-22 07:10:16.087030,,,,,,,,,
7.35938228899613e-05,0.0016609420999884605,2025-11-22 07:10:16.337313,,,,,,,,,
7.321324665099382e-05,0.001639520633034408,2025-11-22 07:10:16.580668,,,,,,,,,
7.334152178373188e-05,0.0016126198461279273,2025-11-22 07:10:16.827266,,,,,,,,,
7.315760012716055e-05,0.0018583225319162011,2025-11-22 07:10:17.081430,,,,,,,,,
7.304640166694298e-05,0.0017154149245470762,2025-11-22 07:10:17.324685,,,,,,,,,
7.281492435140535e-05,0.0014709972310811281,2025-11-22 07:10:17.566672,,,,,,,,,
7.2420050855726e-05,0.00205683964304626,2025-11-22 07:10:17.816675,,,,,,,,,
7.278584234882146e-05,0.0019519366323947906,2025-11-22 07:10:18.065556,,,,,,,,,
7.32598127797246e-05,0.0015626890817657113,2025-11-22 07:10:18.309562,,,,,,,,,
7.319682481465861e-05,0.0015082384925335646,2025-11-22 07:10:18.560354,,,,,,,,,
7.30398969608359e-05,0.001575938193127513,2025-11-22 07:10:18.804722,,,,,,,,,
7.239406113512814e-05,0.001598781323991716,2025-11-22 07:10:19.060166,,,,,,,,,
7.188183371908963e-05,0.001774311764165759,2025-11-22 07:10:19.310801,,,,,,,,,
7.170285243773833e-05,0.0016542033990845084,2025-11-22 07:10:19.556877,,,,,,,,,
7.168733282014728e-05,0.002222176408395171,2025-11-22 07:10:19.798703,,,,,,,,,
7.23394550732337e-05,0.0019532241858541965,2025-11-22 07:10:20.044817,,,,,,,,,
7.324075704673305e-05,0.001783250831067562,2025-11-22 07:10:20.294390,,,,,,,,,
7.333465327974409e-05,0.001995905302464962,2025-11-22 07:10:20.548669,,,,,,,,,
7.273069059010595e-05,0.0019790157675743103,2025-11-22 07:10:20.788676,,,,,,,,,
7.248267502291128e-05,0.0016752762021496892,2025-11-22 07:10:21.037930,,,,,,,,,
7.254471711348742e-05,0.00157710921484977,2025-11-22 07:10:21.283698,,,,,,,,,
7.27844235370867e-05,0.0017971841152757406,2025-11-22 07:10:21.531253,,,,,,,,,
7.360703602898866e-05,0.0017947530141100287,2025-11-22 07:10:21.790627,,,,,,,,,
7.432471466017887e-05,0.0021371764596551657,2025-11-22 07:10:22.025797,,,,,,,,,
,,2025-11-22 07:10:22.101335,7.336604731891485e-05,0.0017557933323486294,0.0001875,,,,,,
,,2025-11-22 07:10:30.524332,,,,27.303998947143555,9.915688514709473,,,,
,,2025-11-22 07:10:30.528200,,,,,,7.501742388390434e-05,0.0018315519958447951,27.303998947143555,9.915688514709473
